configuration,fold,seed,epoch,train_loss,validation_loss
Sensor-only LSTM,1,42,1,1.1332609558897264,1.2025618609392419
Sensor-only LSTM,1,42,2,0.729825063238578,1.6200742629089195
Sensor-only LSTM,1,42,3,0.5175494425924355,1.256022001025062
Sensor-only LSTM,1,42,4,0.4487591405269698,1.314630039270569
Sensor-only LSTM,1,42,5,0.3385375893937119,1.7233807752904653
Sensor-only LSTM,1,42,6,0.33374133783073,1.9639332756181433
Sensor-only LSTM,1,42,7,0.4329989930067262,1.766555736524754
Sensor-only LSTM,1,42,8,0.35904276858543266,1.4358547224938494
Sensor-only LSTM,1,42,9,0.3291818932853502,2.019077119837267
Sensor-only LSTM,1,42,10,0.32051294312559225,2.1198394102995253
Sensor-only LSTM,1,42,11,0.31501978716433854,2.2483495536340357
Sensor-only LSTM,1,42,12,0.30939717775927844,2.3811968527812377
Sensor-only LSTM,1,42,13,0.30659873154917033,2.5185556487967133
Sensor-only LSTM,1,42,14,0.3002544251461897,2.504098051592739
Sensor-only LSTM,1,42,15,0.3265213543711846,1.0636238045287583
Sensor-only LSTM,1,42,16,0.3474284738192259,2.4681455661353326
Sensor-only LSTM,1,42,17,0.29882984264750323,2.3410277378821522
Sensor-only LSTM,1,42,18,0.2818268102400124,2.6336788605718993
Sensor-only LSTM,1,42,19,0.27739247731030503,2.919835156739633
Sensor-only LSTM,1,42,20,0.2669593416163549,2.56335054822188
Sensor-only LSTM,1,42,21,0.27288084621065806,2.659787285908963
Sensor-only LSTM,1,42,22,0.2605839030035894,2.6213663521552735
Sensor-only LSTM,1,42,23,0.25522247083292676,2.825512176570902
Sensor-only LSTM,1,42,24,0.25868170648849903,3.166012999396654
Sensor-only LSTM,1,42,25,0.24927507971412288,2.9118110040198832
Sensor-only LSTM,1,42,26,0.24076582735168392,3.290166386768253
Sensor-only LSTM,1,42,27,0.26143441989852934,2.743352989168287
Sensor-only LSTM,1,42,28,0.23783402801989628,2.9992866229336217
Sensor-only LSTM,1,42,29,0.23755398561300534,2.7659233429271968
Sensor-only LSTM,1,42,30,0.22515025133722968,3.6805554693974787
Sensor-only LSTM,1,42,31,0.23184082645185172,3.4627233842071496
Sensor-only LSTM,1,42,32,0.2111962474470209,3.482575735299842
Sensor-only LSTM,1,42,33,0.23045246402056016,2.7841030417998134
Sensor-only LSTM,1,42,34,0.23394322364166067,2.9746265971810564
Sensor-only LSTM,1,42,35,0.19896792232770322,3.1261442883147135
Sensor-only LSTM,1,42,36,0.18466888269155227,3.6921036384952894
Sensor-only LSTM,1,42,37,0.18735740127598668,3.8756400397051305
Sensor-only LSTM,1,42,38,0.1737797850832288,4.331540085515886
Sensor-only LSTM,1,42,39,0.2089087788799152,2.89258385585539
Sensor-only LSTM,1,42,40,0.2366708269638329,3.44561081802945
Sensor-only LSTM,1,42,41,0.20122635874984302,3.3524758294380934
Sensor-only LSTM,1,42,42,0.1820904668260178,3.6930761518468396
Sensor-only LSTM,1,42,43,0.18058176721740618,3.6580263407787688
Sensor-only LSTM,1,42,44,0.1631954769440096,3.6080970144371816
Sensor-only LSTM,1,42,45,0.15119299295313685,3.9622118704067835
Sensor-only LSTM,1,42,46,0.15671193192805752,3.977229942190822
Sensor-only LSTM,1,42,47,0.13082133127241263,4.251726303804095
Sensor-only LSTM,1,42,48,0.13280800998504164,4.254684297574891
Sensor-only LSTM,1,42,49,0.13726121225700166,5.999029535917366
Sensor-only LSTM,1,42,50,0.22040962864075492,4.598832337486419
Sensor-only LSTM,1,42,51,0.13593112630597778,4.219143649285944
Sensor-only LSTM,1,42,52,0.12341507961389324,4.192343225331676
Sensor-only LSTM,1,42,53,0.12261325439843744,4.270949730551967
Sensor-only LSTM,1,42,54,0.1231719043385352,4.1295650017211525
Sensor-only LSTM,1,42,55,0.11738711142818573,3.866351684153205
Sensor-only LSTM,1,42,56,0.11517234381201229,4.347033052855568
Sensor-only LSTM,1,42,57,0.13054174613688704,4.300208382542778
Sensor-only LSTM,1,42,58,0.15798057785296646,4.009478737098366
Sensor-only LSTM,1,42,59,0.11354676167610094,4.137969739500831
Sensor-only LSTM,1,42,60,0.11672048447573463,4.271235306495391
Sensor-only LSTM,1,43,1,1.157640208690662,1.5048308128830772
Sensor-only LSTM,1,43,2,0.6764282674367138,1.2745898452194981
Sensor-only LSTM,1,43,3,0.5100276604349763,1.2477987579829537
Sensor-only LSTM,1,43,4,0.461822918713606,1.324187125893509
Sensor-only LSTM,1,43,5,0.359754780121835,1.3938926776687555
Sensor-only LSTM,1,43,6,0.35486340480610307,2.010303132657735
Sensor-only LSTM,1,43,7,0.32547296031961287,1.9544563234102301
Sensor-only LSTM,1,43,8,0.31589479108431534,2.1751256895015323
Sensor-only LSTM,1,43,9,0.31684027482076177,1.8180773972027957
Sensor-only LSTM,1,43,10,0.350179579425122,2.233043965022519
Sensor-only LSTM,1,43,11,0.4238402100066857,0.9125513775543597
Sensor-only LSTM,1,43,12,0.4045391860263374,1.0683359117627893
Sensor-only LSTM,1,43,13,0.34334535255276705,1.9787494289362706
Sensor-only LSTM,1,43,14,0.3155795800766528,2.273356985214871
Sensor-only LSTM,1,43,15,0.3144342711637527,2.0650456382481055
Sensor-only LSTM,1,43,16,0.3042839304767412,2.522500258571697
Sensor-only LSTM,1,43,17,0.3101753121079261,2.574489380859729
Sensor-only LSTM,1,43,18,0.30309366575026425,2.7435214575419136
Sensor-only LSTM,1,43,19,0.32391187130745047,2.9553996242692135
Sensor-only LSTM,1,43,20,0.34464369589625543,0.8796615929223707
Sensor-only LSTM,1,43,21,0.3840928170807101,0.7782176821424276
Sensor-only LSTM,1,43,22,0.3343477682433885,0.9568228613218172
Sensor-only LSTM,1,43,23,0.30684390185723887,1.1843273851481624
Sensor-only LSTM,1,43,24,0.30863117394558764,1.3852218969625496
Sensor-only LSTM,1,43,25,0.3037646434110616,1.410780880982896
Sensor-only LSTM,1,43,26,0.29236234766677444,1.6254569811266173
Sensor-only LSTM,1,43,27,0.2992702382370408,1.8005822614866234
Sensor-only LSTM,1,43,28,0.29609021438150535,1.7159739259778828
Sensor-only LSTM,1,43,29,0.2945645098903229,1.7521533498411659
Sensor-only LSTM,1,43,30,0.29378590876692484,2.236476530975016
Sensor-only LSTM,1,43,31,0.2853048168865077,2.561027145626285
Sensor-only LSTM,1,43,32,0.28327066441230375,2.319818128423621
Sensor-only LSTM,1,43,33,0.27916704761586064,2.5530440226290962
Sensor-only LSTM,1,43,34,0.28420534200260705,2.9437055742403246
Sensor-only LSTM,1,43,35,0.27277794157740226,2.9149225715165117
Sensor-only LSTM,1,43,36,0.2985694318239979,3.2841973977331347
Sensor-only LSTM,1,43,37,0.2575283265348437,3.6409710410755887
Sensor-only LSTM,1,43,38,0.26923005427674906,2.6960494931576386
Sensor-only LSTM,1,43,39,0.2763229397573448,3.629482232018587
Sensor-only LSTM,1,43,40,0.2666954120293461,3.6154771860321864
Sensor-only LSTM,1,43,41,0.2520683785352906,3.439238516570887
Sensor-only LSTM,1,43,42,0.24893394253717285,2.990939908151357
Sensor-only LSTM,1,43,43,0.24526334780315337,3.158677866780033
Sensor-only LSTM,1,43,44,0.3143665933429388,2.6186116701402002
Sensor-only LSTM,1,43,45,0.283550547204481,3.373711124359312
Sensor-only LSTM,1,43,46,0.27596244542214554,3.631217502916634
Sensor-only LSTM,1,43,47,0.2744488758281295,3.6121518471018574
Sensor-only LSTM,1,43,48,0.2653318863879857,3.917993236231604
Sensor-only LSTM,1,43,49,0.2580106130092053,3.660144147820443
Sensor-only LSTM,1,43,50,0.2515355872189647,3.8834641765748428
Sensor-only LSTM,1,43,51,0.2303419057990059,4.35798750708438
Sensor-only LSTM,1,43,52,0.2254841787348814,4.354949986097448
Sensor-only LSTM,1,43,53,0.22922700427261813,3.998794138056677
Sensor-only LSTM,1,43,54,0.22487347337519256,4.299097728398111
Sensor-only LSTM,1,43,55,0.22330588252635314,4.4376939886895865
Sensor-only LSTM,1,43,56,0.22477533049689008,4.748965334998487
Sensor-only LSTM,1,43,57,0.19291831241395935,4.858441426662779
Sensor-only LSTM,1,43,58,0.18768341140993408,5.01199620349852
Sensor-only LSTM,1,43,59,0.17042826178402332,5.416703416522694
Sensor-only LSTM,1,43,60,0.17694737893262327,5.3291372451892185
Sensor-only LSTM,1,44,1,1.18366437937794,1.2077686761660147
Sensor-only LSTM,1,44,2,0.7409938896420843,1.3087390168907758
Sensor-only LSTM,1,44,3,0.7040654828480982,1.3176093817506946
Sensor-only LSTM,1,44,4,0.6987409738303697,1.2692082354357657
Sensor-only LSTM,1,44,5,0.6465412448693025,1.3982050979912155
Sensor-only LSTM,1,44,6,0.572435232582714,1.16627864411542
Sensor-only LSTM,1,44,7,0.4376255984235954,1.639371171312512
Sensor-only LSTM,1,44,8,0.3988679857124995,1.715739248527421
Sensor-only LSTM,1,44,9,0.35209291599700077,1.5389579004086789
Sensor-only LSTM,1,44,10,0.3419951873878418,1.876930384765881
Sensor-only LSTM,1,44,11,0.32261393320956355,1.9270327220235481
Sensor-only LSTM,1,44,12,0.3175493114402227,1.8789964892141975
Sensor-only LSTM,1,44,13,0.31460041861619165,2.2476158148962497
Sensor-only LSTM,1,44,14,0.3142893938634082,2.106624796330554
Sensor-only LSTM,1,44,15,0.3030715834390633,2.2667598661261783
Sensor-only LSTM,1,44,16,0.30096603209682055,2.3375919740217537
Sensor-only LSTM,1,44,17,0.3156027506125076,2.54225606710281
Sensor-only LSTM,1,44,18,0.31460018116902894,2.757277539378692
Sensor-only LSTM,1,44,19,0.30061463962181906,2.9498435395381235
Sensor-only LSTM,1,44,20,0.30914452316429636,2.664738119866863
Sensor-only LSTM,1,44,21,0.3074012154216109,2.701544923508692
Sensor-only LSTM,1,44,22,0.29489750745918186,2.8833358354663448
Sensor-only LSTM,1,44,23,0.28753476790616433,2.7230599775629223
Sensor-only LSTM,1,44,24,0.2836159657031701,3.1329260465046644
Sensor-only LSTM,1,44,25,0.27481359307543085,2.4486011590660244
Sensor-only LSTM,1,44,26,0.27661689617390417,2.6503155019360767
Sensor-only LSTM,1,44,27,0.24860484043977063,3.0142948240728997
Sensor-only LSTM,1,44,28,0.2347101982669197,2.8077429952548987
Sensor-only LSTM,1,44,29,0.2178590215770081,3.223303974580715
Sensor-only LSTM,1,44,30,0.20984773930313402,3.4848809429684526
Sensor-only LSTM,1,44,31,0.25228199897950276,3.2621934947165303
Sensor-only LSTM,1,44,32,0.2162220441125709,3.3585559568315184
Sensor-only LSTM,1,44,33,0.20424079422141353,3.307325011622981
Sensor-only LSTM,1,44,34,0.20185187261043,3.648037136850617
Sensor-only LSTM,1,44,35,0.1963772328265772,3.742589829852746
Sensor-only LSTM,1,44,36,0.16522459172601336,4.051780531991203
Sensor-only LSTM,1,44,37,0.15843880663168827,4.1785022691048415
Sensor-only LSTM,1,44,38,0.1537254758426624,4.171264771645424
Sensor-only LSTM,1,44,39,0.1744177914963437,4.267334525315267
Sensor-only LSTM,1,44,40,0.16874090654530355,3.6913401495110816
Sensor-only LSTM,1,44,41,0.1922202571163465,3.845123746922431
Sensor-only LSTM,1,44,42,0.15859327378234886,4.470987365774389
Sensor-only LSTM,1,44,43,0.1551500515231054,2.388722299311146
Sensor-only LSTM,1,44,44,0.1448296782861923,2.6618499386610477
Sensor-only LSTM,1,44,45,0.13945837987891568,3.719784013224098
Sensor-only LSTM,1,44,46,0.1306409707698435,3.7944218655989603
Sensor-only LSTM,1,44,47,0.11054239870217454,4.119317786358063
Sensor-only LSTM,1,44,48,0.1960132805697006,3.2386087977348885
Sensor-only LSTM,1,44,49,0.19537471828645445,4.435634203364514
Sensor-only LSTM,1,44,50,0.2491287674301225,0.8829354328929253
Sensor-only LSTM,1,44,51,0.17277393776002406,2.5905976420428516
Sensor-only LSTM,1,44,52,0.12018318019743189,3.1301937501885355
Sensor-only LSTM,1,44,53,0.12091287508661896,3.4336946015431695
Sensor-only LSTM,1,44,54,0.12615144667003722,3.899409805297602
Sensor-only LSTM,1,44,55,0.12132077450608562,3.6265359394080483
Sensor-only LSTM,1,44,56,0.10385668781319081,3.9290898410716646
Sensor-only LSTM,1,44,57,0.0980645208579441,3.9680191441839345
Sensor-only LSTM,1,44,58,0.10207917493611098,4.435495130389741
Sensor-only LSTM,1,44,59,0.10205248644435722,3.2942822031223797
Sensor-only LSTM,1,44,60,0.09376087707786983,4.373588669350062
Sensor-only LSTM,1,45,1,1.148953224900024,1.0803737490432068
Sensor-only LSTM,1,45,2,0.7016398232214859,1.400653166341082
Sensor-only LSTM,1,45,3,0.6401886340656844,1.3353846370549072
Sensor-only LSTM,1,45,4,0.5299020835174406,1.352804056441009
Sensor-only LSTM,1,45,5,0.3714347475495872,1.2891734677290767
Sensor-only LSTM,1,45,6,0.3499652120166746,1.2313371216351132
Sensor-only LSTM,1,45,7,0.3973367257091832,0.8218355825487172
Sensor-only LSTM,1,45,8,0.37345454551343693,1.3883677247122899
Sensor-only LSTM,1,45,9,0.3483201821058585,1.463329990767333
Sensor-only LSTM,1,45,10,0.3209476602913269,1.4751356993987375
Sensor-only LSTM,1,45,11,0.3183774223040244,1.9056340524423048
Sensor-only LSTM,1,45,12,0.31799888405559396,1.9622310342997376
Sensor-only LSTM,1,45,13,0.338014689282151,1.7619457225192268
Sensor-only LSTM,1,45,14,0.31537436721399703,1.937894204346389
Sensor-only LSTM,1,45,15,0.3206395796450888,1.9195026585390982
Sensor-only LSTM,1,45,16,0.3084505920333909,2.211885167336564
Sensor-only LSTM,1,45,17,0.32423904857072444,2.3623405608740993
Sensor-only LSTM,1,45,18,0.3106205293686481,2.227401151503407
Sensor-only LSTM,1,45,19,0.3081148071042726,2.3348660502793654
Sensor-only LSTM,1,45,20,0.3033923194783787,2.4140594836238547
Sensor-only LSTM,1,45,21,0.3007423333356301,2.5660399993885488
Sensor-only LSTM,1,45,22,0.30244212275941434,2.59080457637395
Sensor-only LSTM,1,45,23,0.30536225370302117,2.6184518078900485
Sensor-only LSTM,1,45,24,0.29799778418567346,2.54288870639771
Sensor-only LSTM,1,45,25,0.3087905476747257,2.559024472937644
Sensor-only LSTM,1,45,26,0.29064991743948776,2.767827314260246
Sensor-only LSTM,1,45,27,0.2968733944136278,3.1266689993425487
Sensor-only LSTM,1,45,28,0.28575831944945407,2.928442643623432
Sensor-only LSTM,1,45,29,0.2884283545822235,2.8815485552359426
Sensor-only LSTM,1,45,30,0.2780132997703142,2.946595910803827
Sensor-only LSTM,1,45,31,0.2805357336228184,2.9484047396128035
Sensor-only LSTM,1,45,32,0.25870826866060753,3.194058713813623
Sensor-only LSTM,1,45,33,0.24973699265373883,3.3037276792826145
Sensor-only LSTM,1,45,34,0.24782249650392146,3.3160426469531448
Sensor-only LSTM,1,45,35,0.2501386501179117,2.6933214731311397
Sensor-only LSTM,1,45,36,0.23567317112785424,3.3570693102147846
Sensor-only LSTM,1,45,37,0.23501692754462783,2.834237771932684
Sensor-only LSTM,1,45,38,0.333517912862339,1.1491070683397338
Sensor-only LSTM,1,45,39,0.2620893931256889,2.0641620544017734
Sensor-only LSTM,1,45,40,0.23561084222822906,2.683902904297571
Sensor-only LSTM,1,45,41,0.23023816539939185,3.039787695530326
Sensor-only LSTM,1,45,42,0.22779095843709263,2.8893960943324513
Sensor-only LSTM,1,45,43,0.24142430193016595,2.976548213472656
Sensor-only LSTM,1,45,44,0.20280648027472245,3.2668861303189516
Sensor-only LSTM,1,45,45,0.21001766480936188,3.2740651473434217
Sensor-only LSTM,1,45,46,0.21104450190272572,3.4043301323924675
Sensor-only LSTM,1,45,47,0.19670368953714512,4.00114616042538
Sensor-only LSTM,1,45,48,0.21830093277776375,3.9415801594529762
Sensor-only LSTM,1,45,49,0.2134478768885942,3.364272727219064
Sensor-only LSTM,1,45,50,0.201668891849553,3.9460574730262317
Sensor-only LSTM,1,45,51,0.19874397886121992,3.9061695678429036
Sensor-only LSTM,1,45,52,0.2205452935410455,4.148889681015874
Sensor-only LSTM,1,45,53,0.21542691905853348,4.388580496424899
Sensor-only LSTM,1,45,54,0.18800808958535117,4.4341788774266435
Sensor-only LSTM,1,45,55,0.17552362494674703,4.567982169817078
Sensor-only LSTM,1,45,56,0.15901441460642574,4.11861250073155
Sensor-only LSTM,1,45,57,0.14101925133045895,4.663523577981525
Sensor-only LSTM,1,45,58,0.1557298275890679,5.044954047356762
Sensor-only LSTM,1,45,59,0.14853912172209,4.767604810043201
Sensor-only LSTM,1,45,60,0.1742009565619085,4.706182307151753
Sensor-only LSTM,1,46,1,1.1889470319319768,1.0466709131964598
Sensor-only LSTM,1,46,2,0.5983741641191246,1.1725747397860642
Sensor-only LSTM,1,46,3,0.44319659049953775,0.975324869843149
Sensor-only LSTM,1,46,4,0.36379523030946176,1.0600209250515111
Sensor-only LSTM,1,46,5,0.39837655135479655,1.3060857281245026
Sensor-only LSTM,1,46,6,0.36061142262204254,1.2086827336054928
Sensor-only LSTM,1,46,7,0.33328744736104876,1.338972534148698
Sensor-only LSTM,1,46,8,0.33950689321367794,1.5423478896825318
Sensor-only LSTM,1,46,9,0.32227641586008104,1.6616319129926853
Sensor-only LSTM,1,46,10,0.3121514464436422,1.6656203181551188
Sensor-only LSTM,1,46,11,0.3229233944767955,1.7159237284642845
Sensor-only LSTM,1,46,12,0.30954931194345303,1.9901667458768662
Sensor-only LSTM,1,46,13,0.32306127833044396,1.432884396059708
Sensor-only LSTM,1,46,14,0.3131655460867348,1.9162928500765275
Sensor-only LSTM,1,46,15,0.3156568794379522,2.160606312395642
Sensor-only LSTM,1,46,16,0.31009382372412736,2.1573595688902856
Sensor-only LSTM,1,46,17,0.30354302095164526,2.2022133483951696
Sensor-only LSTM,1,46,18,0.30483271738773193,2.3445269672250846
Sensor-only LSTM,1,46,19,0.3110729673691781,2.4056960806031897
Sensor-only LSTM,1,46,20,0.30454861875829664,3.1019317971335516
Sensor-only LSTM,1,46,21,0.4135667685359753,1.864959922414156
Sensor-only LSTM,1,46,22,0.3204522230381749,1.864490098048556
Sensor-only LSTM,1,46,23,0.3081045548854279,2.4819946463690363
Sensor-only LSTM,1,46,24,0.2951830578062954,2.4892161532268084
Sensor-only LSTM,1,46,25,0.29520076692910796,2.6126176363454676
Sensor-only LSTM,1,46,26,0.28243576833316175,2.7152386868462375
Sensor-only LSTM,1,46,27,0.27144461780383283,2.778221530828086
Sensor-only LSTM,1,46,28,0.38890439202278154,0.614546753950339
Sensor-only LSTM,1,46,29,0.43224871525172087,0.6532111993875643
Sensor-only LSTM,1,46,30,0.3743561410412724,0.7216292015536526
Sensor-only LSTM,1,46,31,0.3321549039411955,0.9470052277704455
Sensor-only LSTM,1,46,32,0.3026909553440148,1.1643595602714791
Sensor-only LSTM,1,46,33,0.2927889902543318,1.3329302043784839
Sensor-only LSTM,1,46,34,0.3244880443716108,1.2283568154216062
Sensor-only LSTM,1,46,35,0.2983231603512758,1.2761218335081197
Sensor-only LSTM,1,46,36,0.27591401232271323,1.4650463758024779
Sensor-only LSTM,1,46,37,0.29534290945397973,1.24416931479607
Sensor-only LSTM,1,46,38,0.293845568580821,1.3461377117743782
Sensor-only LSTM,1,46,39,0.2704938580665788,1.4179349996508792
Sensor-only LSTM,1,46,40,0.2591433651736155,1.6687318074128412
Sensor-only LSTM,1,46,41,0.27686373695162975,1.5212232205290463
Sensor-only LSTM,1,46,42,0.25723082413679266,1.6408009576909948
Sensor-only LSTM,1,46,43,0.2376964275540754,2.227205888467765
Sensor-only LSTM,1,46,44,0.23210093355193495,2.7914882977990985
Sensor-only LSTM,1,46,45,0.22438132755577492,2.707805672937719
Sensor-only LSTM,1,46,46,0.23066717448563007,2.431707026479879
Sensor-only LSTM,1,46,47,0.23556982781760955,2.2028217686484695
Sensor-only LSTM,1,46,48,0.21743070166489295,2.687973970199781
Sensor-only LSTM,1,46,49,0.2303194150713537,1.9423512408287271
Sensor-only LSTM,1,46,50,0.21812625458466317,2.386488226099834
Sensor-only LSTM,1,46,51,0.20289107158248568,3.1035179550792686
Sensor-only LSTM,1,46,52,0.19681096399548895,2.9960212080546147
Sensor-only LSTM,1,46,53,0.2064601869893983,3.6222302502556167
Sensor-only LSTM,1,46,54,0.19986200701046694,2.9744046249542095
Sensor-only LSTM,1,46,55,0.18680496924404436,3.0847582766157524
Sensor-only LSTM,1,46,56,0.18329779491250073,3.6562679524629123
Sensor-only LSTM,1,46,57,0.18511842389168334,2.910604679109665
Sensor-only LSTM,1,46,58,0.20747887230447298,3.473600019167804
Sensor-only LSTM,1,46,59,0.17836933233861113,2.9737926521016367
Sensor-only LSTM,1,46,60,0.19795986280523398,1.3797121568420898
Sensor-only LSTM,1,47,1,1.1655746609669038,1.0503482511208493
Sensor-only LSTM,1,47,2,0.7566356502042632,1.2564142562558316
Sensor-only LSTM,1,47,3,0.6813677294961055,1.11453228164269
Sensor-only LSTM,1,47,4,0.5771429164823131,1.1935225512746495
Sensor-only LSTM,1,47,5,0.455459457775177,1.107786932331461
Sensor-only LSTM,1,47,6,0.40222214105531007,1.0989014350455761
Sensor-only LSTM,1,47,7,0.35421440635806667,1.0609806516135514
Sensor-only LSTM,1,47,8,0.3422201099137685,1.273709720035769
Sensor-only LSTM,1,47,9,0.322138266149922,1.299022675591445
Sensor-only LSTM,1,47,10,0.3152470971018919,1.173431496418997
Sensor-only LSTM,1,47,11,0.32643714809256436,1.3389308943063707
Sensor-only LSTM,1,47,12,0.34080106399376014,1.5482673728428547
Sensor-only LSTM,1,47,13,0.32254372117410873,1.9181607247835935
Sensor-only LSTM,1,47,14,0.2920438187588625,1.8681204774157307
Sensor-only LSTM,1,47,15,0.28316829066728166,1.8419252058151383
Sensor-only LSTM,1,47,16,0.2897686759997411,2.038166891963102
Sensor-only LSTM,1,47,17,0.2799286821085002,2.0589572703563443
Sensor-only LSTM,1,47,18,0.26781207698810877,2.178694413752301
Sensor-only LSTM,1,47,19,0.2706988808706971,2.175592563952665
Sensor-only LSTM,1,47,20,0.2615285695955469,2.1178962890082187
Sensor-only LSTM,1,47,21,0.25601878632112035,2.3697970841759406
Sensor-only LSTM,1,47,22,0.25124230654623825,2.45709264367444
Sensor-only LSTM,1,47,23,0.2620473351022561,2.78621774468282
Sensor-only LSTM,1,47,24,0.3802839876284312,2.6875295322271264
Sensor-only LSTM,1,47,25,0.25445384886871847,2.7666636100917494
Sensor-only LSTM,1,47,26,0.25344269903236943,2.661888062860231
Sensor-only LSTM,1,47,27,0.24026593067402624,2.7996348158243567
Sensor-only LSTM,1,47,28,0.23559906525218913,2.8277866594509007
Sensor-only LSTM,1,47,29,0.2302145205373987,2.886524239519857
Sensor-only LSTM,1,47,30,0.2241949228086448,3.0343733885534405
Sensor-only LSTM,1,47,31,0.2179768446553384,3.2159528103608257
Sensor-only LSTM,1,47,32,0.22294627949320522,3.3303354981685334
Sensor-only LSTM,1,47,33,0.22963537044850663,2.864815201836812
Sensor-only LSTM,1,47,34,0.2355457701219697,2.5072039023072965
Sensor-only LSTM,1,47,35,0.21773081753966553,3.0238387788679115
Sensor-only LSTM,1,47,36,0.20074403440856992,3.3094001418014742
Sensor-only LSTM,1,47,37,0.20375774887380124,3.2588566752537242
Sensor-only LSTM,1,47,38,0.1964958892152318,3.9057317484849654
Sensor-only LSTM,1,47,39,0.22388994479311347,3.0920902599953504
Sensor-only LSTM,1,47,40,0.19810269087516366,3.7843725756279327
Sensor-only LSTM,1,47,41,0.1816631411311078,3.7312724187626527
Sensor-only LSTM,1,47,42,0.18766186227804327,3.6398722979570084
Sensor-only LSTM,1,47,43,0.24173505376992338,3.150281562432803
Sensor-only LSTM,1,47,44,0.1856827482141252,3.498135029519879
Sensor-only LSTM,1,47,45,0.17661624335824783,3.170138365099015
Sensor-only LSTM,1,47,46,0.18172535332329892,3.5352422590650603
Sensor-only LSTM,1,47,47,0.1652972079437744,3.73308960193733
Sensor-only LSTM,1,47,48,0.15442608466410843,3.9547697785827847
Sensor-only LSTM,1,47,49,0.1490449973944515,4.140217232191837
Sensor-only LSTM,1,47,50,0.18243150770902486,3.943276561374934
Sensor-only LSTM,1,47,51,0.1553660490782645,4.331462819808684
Sensor-only LSTM,1,47,52,0.13720530993677446,4.701602764786914
Sensor-only LSTM,1,47,53,0.13166184192763924,4.730791181122857
Sensor-only LSTM,1,47,54,0.13920776074956118,4.792189864976726
Sensor-only LSTM,1,47,55,0.1431478627145217,4.482312551115794
Sensor-only LSTM,1,47,56,0.1317754723269121,3.4317824187175034
Sensor-only LSTM,1,47,57,0.1624822628857318,3.1314465377003393
Sensor-only LSTM,1,47,58,0.1723193285979908,3.451760416791874
Sensor-only LSTM,1,47,59,0.13580317496520272,3.1222992169532136
Sensor-only LSTM,1,47,60,0.11426832320725346,3.6341994777790405
Sensor-only LSTM,1,48,1,1.1590554740596082,1.1929851935344673
Sensor-only LSTM,1,48,2,0.740534296078289,1.230034600513786
Sensor-only LSTM,1,48,3,0.4959983250348477,1.1278154442645218
Sensor-only LSTM,1,48,4,0.4466216816380162,1.5888409487106516
Sensor-only LSTM,1,48,5,0.6629127798851713,1.1601214328901823
Sensor-only LSTM,1,48,6,0.4870274130525331,1.3308338135543358
Sensor-only LSTM,1,48,7,0.35226050618609817,1.2948859465821985
Sensor-only LSTM,1,48,8,0.3276383644760315,1.6860055882850782
Sensor-only LSTM,1,48,9,0.32423851880053606,1.8057460321320429
Sensor-only LSTM,1,48,10,0.31546226125508364,1.9590360373102393
Sensor-only LSTM,1,48,11,0.31406988414304576,2.131132733053381
Sensor-only LSTM,1,48,12,0.3087107621655693,2.159307559424976
Sensor-only LSTM,1,48,13,0.3108661991863673,2.5066106765212752
Sensor-only LSTM,1,48,14,0.30969153914651015,2.394148765838621
Sensor-only LSTM,1,48,15,0.30349106765907774,2.6035251735516316
Sensor-only LSTM,1,48,16,0.2958177784125597,2.542870426359167
Sensor-only LSTM,1,48,17,0.30240175182968926,2.798118617799547
Sensor-only LSTM,1,48,18,0.4250898660328995,2.7375842201634772
Sensor-only LSTM,1,48,19,0.29854806916740106,2.6567427574713527
Sensor-only LSTM,1,48,20,0.29103231074478647,2.835390040459623
Sensor-only LSTM,1,48,21,0.33004640193076445,2.571930718934261
Sensor-only LSTM,1,48,22,0.3088308789779926,2.1672863599764227
Sensor-only LSTM,1,48,23,0.29649995041949284,2.2940766190020545
Sensor-only LSTM,1,48,24,0.2844529771790147,2.596428555856211
Sensor-only LSTM,1,48,25,0.27089016555566775,2.8102583306015663
Sensor-only LSTM,1,48,26,0.2635970624097306,2.9454271614520304
Sensor-only LSTM,1,48,27,0.25768124857438596,3.0515356634897755
Sensor-only LSTM,1,48,28,0.2558413535576465,2.999789807875201
Sensor-only LSTM,1,48,29,0.253832201071331,3.098894403040784
Sensor-only LSTM,1,48,30,0.24309877334632263,3.5242259790437527
Sensor-only LSTM,1,48,31,0.2443549290097801,3.41962596739738
Sensor-only LSTM,1,48,32,0.24236990938474037,3.472782437031624
Sensor-only LSTM,1,48,33,0.23491904484096635,3.4988644818152523
Sensor-only LSTM,1,48,34,0.251110301686389,3.6288699657037324
Sensor-only LSTM,1,48,35,0.2426181418356127,3.739924594291351
Sensor-only LSTM,1,48,36,0.21828517574372475,3.7133395124843784
Sensor-only LSTM,1,48,37,0.36331109022595637,0.7957097365671234
Sensor-only LSTM,1,48,38,0.3385088044925516,0.6873603405692542
Sensor-only LSTM,1,48,39,0.3163489671504219,0.6682027603345347
Sensor-only LSTM,1,48,40,0.29849191528698027,0.6152436572675685
Sensor-only LSTM,1,48,41,0.27442078935704106,0.683877230377817
Sensor-only LSTM,1,48,42,0.2502284040731844,0.7834428700011231
Sensor-only LSTM,1,48,43,0.2424502973736872,0.8548982977179861
Sensor-only LSTM,1,48,44,0.2185662173623675,1.0731800925181847
Sensor-only LSTM,1,48,45,0.20272296905370948,1.3003211196051203
Sensor-only LSTM,1,48,46,0.20824041216649106,1.4399975641343579
Sensor-only LSTM,1,48,47,0.2502566449903181,1.3290886131097686
Sensor-only LSTM,1,48,48,0.2277481043837314,1.6105278623553942
Sensor-only LSTM,1,48,49,0.21751079580037502,1.8429554133545178
Sensor-only LSTM,1,48,50,0.1886579002291514,2.1377066314470343
Sensor-only LSTM,1,48,51,0.17644694737109456,2.2745647529760995
Sensor-only LSTM,1,48,52,0.1737137487270442,2.3405736234015637
Sensor-only LSTM,1,48,53,0.16632190617981285,2.5280472676209182
Sensor-only LSTM,1,48,54,0.1622011710833506,2.704601051703689
Sensor-only LSTM,1,48,55,0.15259087030738042,3.1427692764710082
Sensor-only LSTM,1,48,56,0.16914467284453605,2.5058092966956913
Sensor-only LSTM,1,48,57,0.15550903691870113,3.1311981454960205
Sensor-only LSTM,1,48,58,0.155685856425161,3.2814990820937187
Sensor-only LSTM,1,48,59,0.1511047867391382,3.4887966621721818
Sensor-only LSTM,1,48,60,0.13802580586731947,3.6399595314476727
Sensor-only LSTM,1,49,1,1.1572650397542366,1.046998438595226
Sensor-only LSTM,1,49,2,0.6941294311597338,1.6120114082185477
Sensor-only LSTM,1,49,3,0.43500651820559344,0.949903063460466
Sensor-only LSTM,1,49,4,0.398488541664086,1.6159789754659624
Sensor-only LSTM,1,49,5,0.3679254531567094,1.3724441900068358
Sensor-only LSTM,1,49,6,0.3249380439336596,1.5006974346045427
Sensor-only LSTM,1,49,7,0.32753453494437945,1.6660625599090408
Sensor-only LSTM,1,49,8,0.3196693740574343,1.2273692384955768
Sensor-only LSTM,1,49,9,0.3156598985635047,2.03776537288035
Sensor-only LSTM,1,49,10,0.3142131403510128,2.2937983044538357
Sensor-only LSTM,1,49,11,0.3058755307619862,2.157315791684127
Sensor-only LSTM,1,49,12,0.35227872407451033,2.1129043637394154
Sensor-only LSTM,1,49,13,0.2951353679503902,2.391185414522449
Sensor-only LSTM,1,49,14,0.29741865605445805,2.7767797028743497
Sensor-only LSTM,1,49,15,0.2974263403248523,2.148464115879321
Sensor-only LSTM,1,49,16,0.2729857163675597,2.3882736473088495
Sensor-only LSTM,1,49,17,0.2846962234960711,2.1698522732692695
Sensor-only LSTM,1,49,18,0.27491084133420335,2.2478328241617174
Sensor-only LSTM,1,49,19,0.261135629567273,2.8053790463966393
Sensor-only LSTM,1,49,20,0.2586174643200995,2.5310069720887536
Sensor-only LSTM,1,49,21,0.2740914595083117,0.8494616680675082
Sensor-only LSTM,1,49,22,0.3219624359669281,2.2654292613142943
Sensor-only LSTM,1,49,23,0.26193252775868514,2.245630001528208
Sensor-only LSTM,1,49,24,0.23455760157856115,2.5864351465829514
Sensor-only LSTM,1,49,25,0.2362965994948684,2.7204593001734034
Sensor-only LSTM,1,49,26,0.21571295500388152,3.0851061014259384
Sensor-only LSTM,1,49,27,0.23198385611817993,2.8492877078818575
Sensor-only LSTM,1,49,28,0.21099241673579808,2.7385630140576973
Sensor-only LSTM,1,49,29,0.21060163715595395,2.8978232459577127
Sensor-only LSTM,1,49,30,0.18852262255743715,3.3322166801748536
Sensor-only LSTM,1,49,31,0.192241861774766,3.502683899937436
Sensor-only LSTM,1,49,32,0.20754830574050895,2.693875726538884
Sensor-only LSTM,1,49,33,0.21838127248914774,3.3652958573785217
Sensor-only LSTM,1,49,34,0.18560231071043426,3.685609682176098
Sensor-only LSTM,1,49,35,0.18109296303503628,3.7271840609531983
Sensor-only LSTM,1,49,36,0.2843694978497858,2.788292843981234
Sensor-only LSTM,1,49,37,0.2019796070137587,3.789055133054904
Sensor-only LSTM,1,49,38,0.19160298458764474,3.3841624846779577
Sensor-only LSTM,1,49,39,0.17788429952342277,3.608033564168202
Sensor-only LSTM,1,49,40,0.16563959940259892,3.7182048916566797
Sensor-only LSTM,1,49,41,0.18704121196035384,3.5823362817054525
Sensor-only LSTM,1,49,42,0.18371918424505737,3.758106046127823
Sensor-only LSTM,1,49,43,0.1532962845058752,3.7333381241597468
Sensor-only LSTM,1,49,44,0.16150035634911808,3.9353261076429353
Sensor-only LSTM,1,49,45,0.1388235569806703,4.067075115298575
Sensor-only LSTM,1,49,46,0.13425044179292622,4.702683684336065
Sensor-only LSTM,1,49,47,0.13100123214838982,3.776125288140849
Sensor-only LSTM,1,49,48,0.1623085741948011,3.9822619470535336
Sensor-only LSTM,1,49,49,0.16893830683728425,3.901124201636894
Sensor-only LSTM,1,49,50,0.14506721995120264,4.38584190322793
Sensor-only LSTM,1,49,51,0.13512500215592127,3.6719290522596872
Sensor-only LSTM,1,49,52,0.12689792486721005,3.1280510603319422
Sensor-only LSTM,1,49,53,0.11467889217982873,3.8634874979717426
Sensor-only LSTM,1,49,54,0.11311983384036196,3.8292008657281755
Sensor-only LSTM,1,49,55,0.13642737589694037,4.24253083143844
Sensor-only LSTM,1,49,56,0.09882947886855253,4.401344040967134
Sensor-only LSTM,1,49,57,0.09767733455657372,4.315735280357567
Sensor-only LSTM,1,49,58,0.12097052285656204,4.077168779521868
Sensor-only LSTM,1,49,59,0.12332510138056521,2.3490112215530448
Sensor-only LSTM,1,49,60,0.12902590406996736,2.99695654422732
Sensor-only LSTM,1,50,1,1.1154085030414962,1.1353647601429522
Sensor-only LSTM,1,50,2,0.6410494082381658,1.4176432482851375
Sensor-only LSTM,1,50,3,0.490555477208317,1.1715930181416825
Sensor-only LSTM,1,50,4,0.4011977217807394,1.1845317189923372
Sensor-only LSTM,1,50,5,0.3551196883745299,1.5432455453795206
Sensor-only LSTM,1,50,6,0.32567161481098933,1.6558050947494227
Sensor-only LSTM,1,50,7,0.32287418889970065,1.969740375813948
Sensor-only LSTM,1,50,8,0.3293437728289455,2.1135100316826403
Sensor-only LSTM,1,50,9,0.3298544209235122,1.697185626101194
Sensor-only LSTM,1,50,10,0.3128137295609764,2.03543725719117
Sensor-only LSTM,1,50,11,0.31057157998888546,2.2501433799101873
Sensor-only LSTM,1,50,12,0.3005690183330139,2.1511742988097593
Sensor-only LSTM,1,50,13,0.3098442030458873,2.497389784180393
Sensor-only LSTM,1,50,14,0.29657627526684444,2.8320698073949955
Sensor-only LSTM,1,50,15,0.3489120503999797,2.6951938707623593
Sensor-only LSTM,1,50,16,0.2895636056328758,2.38641768971954
Sensor-only LSTM,1,50,17,0.3013857725874817,2.5306923901759855
Sensor-only LSTM,1,50,18,0.28605687834533233,2.8619545916216427
Sensor-only LSTM,1,50,19,0.2813566411406645,2.852596616095217
Sensor-only LSTM,1,50,20,0.2729861412247755,2.8409584865630046
Sensor-only LSTM,1,50,21,0.2833556451938982,3.0112004630908027
Sensor-only LSTM,1,50,22,0.27092402044404185,3.104725286864385
Sensor-only LSTM,1,50,23,0.258777162942206,3.0651723437276774
Sensor-only LSTM,1,50,24,0.2534496970245612,3.18354675101909
Sensor-only LSTM,1,50,25,0.24786700984648674,3.3025400443959287
Sensor-only LSTM,1,50,26,0.24296415944527583,3.171991079733307
Sensor-only LSTM,1,50,27,0.2326180242084489,3.273946894539727
Sensor-only LSTM,1,50,28,0.24778837070034,3.454692599658446
Sensor-only LSTM,1,50,29,0.23906919718485184,3.59479948234758
Sensor-only LSTM,1,50,30,0.28184743678291196,3.0145850357144632
Sensor-only LSTM,1,50,31,0.26220184029395,3.3403980601696097
Sensor-only LSTM,1,50,32,0.23071775305901654,3.609411512155953
Sensor-only LSTM,1,50,33,0.2312102932001832,3.754069982522189
Sensor-only LSTM,1,50,34,0.21901401532825363,3.743161633017178
Sensor-only LSTM,1,50,35,0.21181245985799463,4.261238084024353
Sensor-only LSTM,1,50,36,0.21899815986957058,3.8648120739050134
Sensor-only LSTM,1,50,37,0.21457996271633134,4.371290585748555
Sensor-only LSTM,1,50,38,0.21570624825332732,4.277068272920275
Sensor-only LSTM,1,50,39,0.20881928611652145,4.286682251614344
Sensor-only LSTM,1,50,40,0.266523457871152,1.643821254028964
Sensor-only LSTM,1,50,41,0.22138100023052643,3.3984552149190344
Sensor-only LSTM,1,50,42,0.20124967097502938,4.282046086445795
Sensor-only LSTM,1,50,43,0.19764567006191497,3.3289015890729754
Sensor-only LSTM,1,50,44,0.1944657691180486,3.822693323876623
Sensor-only LSTM,1,50,45,0.1881069623639516,4.116082654465419
Sensor-only LSTM,1,50,46,0.18982966742758967,4.541330121691872
Sensor-only LSTM,1,50,47,0.18977467937516404,4.711053555397867
Sensor-only LSTM,1,50,48,0.17995610324549058,4.47630227408694
Sensor-only LSTM,1,50,49,0.18659961465539968,4.98784492269502
Sensor-only LSTM,1,50,50,0.1904076047397481,4.8079319167999355
Sensor-only LSTM,1,50,51,0.17957318754726964,5.760890175773913
Sensor-only LSTM,1,50,52,0.17621817656072156,5.686131208572748
Sensor-only LSTM,1,50,53,0.16095739252507907,5.952015322115686
Sensor-only LSTM,1,50,54,0.1626517602035187,5.9162984498516815
Sensor-only LSTM,1,50,55,0.1759655610148464,0.909019754711437
Sensor-only LSTM,1,50,56,0.22487885408735803,4.074176684490539
Sensor-only LSTM,1,50,57,0.19748110874919142,3.5870754832804077
Sensor-only LSTM,1,50,58,0.17644021772810453,4.110052705029772
Sensor-only LSTM,1,50,59,0.17593945199933,3.8372713026573075
Sensor-only LSTM,1,50,60,0.1626538474291453,4.616890870378327
Sensor-only LSTM,1,51,1,1.1769336068322298,1.1255656097170192
Sensor-only LSTM,1,51,2,0.694935719025531,1.6236125546931222
Sensor-only LSTM,1,51,3,0.5441606173802712,1.3061711123404514
Sensor-only LSTM,1,51,4,0.6318435457799707,1.3755885657524414
Sensor-only LSTM,1,51,5,0.505623537199377,1.4865485222334631
Sensor-only LSTM,1,51,6,0.36270495462901475,1.441464204864432
Sensor-only LSTM,1,51,7,0.39836068786818163,1.5646125628950711
Sensor-only LSTM,1,51,8,0.3946889976147209,1.1050700057040221
Sensor-only LSTM,1,51,9,0.4628172942046603,0.9958273084596018
Sensor-only LSTM,1,51,10,0.3410942564371327,1.3335886030014705
Sensor-only LSTM,1,51,11,0.3157356420272977,1.470393023182261
Sensor-only LSTM,1,51,12,0.3342044957596144,1.4664022247433912
Sensor-only LSTM,1,51,13,0.30586561650440997,1.6442244823561274
Sensor-only LSTM,1,51,14,0.3082586199521725,1.7177940662052147
Sensor-only LSTM,1,51,15,0.30326384012696195,1.6415329545236483
Sensor-only LSTM,1,51,16,0.2937757002984759,1.7751231854254346
Sensor-only LSTM,1,51,17,0.2984788292081887,2.0497997952019893
Sensor-only LSTM,1,51,18,0.31190081650040685,2.0236670030300474
Sensor-only LSTM,1,51,19,0.2921459905042566,2.3520678283658416
Sensor-only LSTM,1,51,20,0.28108130045335966,2.165780014555659
Sensor-only LSTM,1,51,21,0.28474366126025297,2.1367107095271036
Sensor-only LSTM,1,51,22,0.27128777219507233,1.8689009320748426
Sensor-only LSTM,1,51,23,0.2673102985852172,2.356423289677132
Sensor-only LSTM,1,51,24,0.2834811372290678,2.338651942132154
Sensor-only LSTM,1,51,25,0.25788348132393896,2.369269922844269
Sensor-only LSTM,1,51,26,0.25411022543393963,2.1253557397634477
Sensor-only LSTM,1,51,27,0.2599605775150719,2.179086795111872
Sensor-only LSTM,1,51,28,0.2531997796427573,2.517310693547661
Sensor-only LSTM,1,51,29,0.24758206109939027,2.532811394964874
Sensor-only LSTM,1,51,30,0.23095212977604085,2.383248586418494
Sensor-only LSTM,1,51,31,0.21952368278711631,2.745098062874886
Sensor-only LSTM,1,51,32,0.26164946933294136,2.518506733970072
Sensor-only LSTM,1,51,33,0.21349154123154368,2.7310826215166717
Sensor-only LSTM,1,51,34,0.21165446563180523,2.666220869658128
Sensor-only LSTM,1,51,35,0.22897676168625938,1.5460495472391695
Sensor-only LSTM,1,51,36,0.22173675289893063,2.6153006224387347
Sensor-only LSTM,1,51,37,0.204989598869251,2.7038894842380747
Sensor-only LSTM,1,51,38,0.19326933718035583,2.8745111605812417
Sensor-only LSTM,1,51,39,0.20425009682114714,3.118797641067885
Sensor-only LSTM,1,51,40,0.20410114413111266,2.928648172247085
Sensor-only LSTM,1,51,41,0.19141682421589248,3.1871139344054447
Sensor-only LSTM,1,51,42,0.23599690532479045,2.124095394551379
Sensor-only LSTM,1,51,43,0.19894808266875488,3.1456231136242048
Sensor-only LSTM,1,51,44,0.22988416996829183,2.862360222472085
Sensor-only LSTM,1,51,45,0.205851762552103,3.170056208843205
Sensor-only LSTM,1,51,46,0.19467986588621786,3.297529337728548
Sensor-only LSTM,1,51,47,0.19288182002005394,3.2283748638829843
Sensor-only LSTM,1,51,48,0.17837511237623654,3.5411358549097547
Sensor-only LSTM,1,51,49,0.18086411364990554,3.474971321409478
Sensor-only LSTM,1,51,50,0.1750580471966686,3.917149627421137
Sensor-only LSTM,1,51,51,0.1983838558636908,3.1109528206679307
Sensor-only LSTM,1,51,52,0.20759781566419871,2.6673264098304874
Sensor-only LSTM,1,51,53,0.18495951171364144,3.333319033091923
Sensor-only LSTM,1,51,54,0.1703484784834646,3.517128890071775
Sensor-only LSTM,1,51,55,0.17109463121489993,3.92300238571202
Sensor-only LSTM,1,51,56,0.18885947736426914,2.696196673238802
Sensor-only LSTM,1,51,57,0.17243974429050055,4.33400321331664
Sensor-only LSTM,1,51,58,0.1921773604947849,3.9713535621855995
Sensor-only LSTM,1,51,59,0.20068497653377013,4.0675391860665515
Sensor-only LSTM,1,51,60,0.1977348488195356,4.026818319186725
Sensor-only LSTM,2,42,1,1.105507913339,1.3783447289312376
Sensor-only LSTM,2,42,2,0.5289141983247835,2.212383432213225
Sensor-only LSTM,2,42,3,0.3838565611643155,2.724818189960319
Sensor-only LSTM,2,42,4,0.3469927767331392,3.1116456584461822
Sensor-only LSTM,2,42,5,0.3110870959590224,3.2122719049711206
Sensor-only LSTM,2,42,6,0.3432131040248836,2.506947537477794
Sensor-only LSTM,2,42,7,0.31022572982318514,3.1954371628248923
Sensor-only LSTM,2,42,8,0.29573969821752677,3.6737122536671083
Sensor-only LSTM,2,42,9,0.3487024345389232,3.5592954862645585
Sensor-only LSTM,2,42,10,0.29852520515103664,3.6030182613313326
Sensor-only LSTM,2,42,11,0.2901406350076235,3.593498302474779
Sensor-only LSTM,2,42,12,0.27443879621193074,3.5487748640498897
Sensor-only LSTM,2,42,13,0.28145369152055505,3.1975015720139313
Sensor-only LSTM,2,42,14,0.2717196515316937,3.4915845201513678
Sensor-only LSTM,2,42,15,0.26605237917810004,3.4055066802911056
Sensor-only LSTM,2,42,16,0.271204134691132,2.8296156483129087
Sensor-only LSTM,2,42,17,0.26337682482565705,3.3696758128847466
Sensor-only LSTM,2,42,18,0.25130688976598614,3.1205382113773417
Sensor-only LSTM,2,42,19,0.29926147057216823,3.418765399902737
Sensor-only LSTM,2,42,20,0.2525015545646858,3.4495135758466393
Sensor-only LSTM,2,42,21,0.25090310416575395,3.4579310614945564
Sensor-only LSTM,2,42,22,0.23776706411190546,3.42103132640955
Sensor-only LSTM,2,42,23,0.2313243985848046,2.965817645868009
Sensor-only LSTM,2,42,24,0.2139743663402391,3.6172482093421996
Sensor-only LSTM,2,42,25,0.24122067969031336,3.5937204699054135
Sensor-only LSTM,2,42,26,0.21447640225191367,3.2467970400083144
Sensor-only LSTM,2,42,27,0.21832504354548993,3.7275896875698673
Sensor-only LSTM,2,42,28,0.23016617424890518,2.8368345315590275
Sensor-only LSTM,2,42,29,0.20158512848114402,3.276846186903589
Sensor-only LSTM,2,42,30,0.2338950698656109,3.719876292151586
Sensor-only LSTM,2,42,31,0.22670148320763958,2.664301508993361
Sensor-only LSTM,2,42,32,0.18931390041352625,2.410936205838978
Sensor-only LSTM,2,42,33,0.16597997122952154,2.93747565789112
Sensor-only LSTM,2,42,34,0.1478555654377054,2.9364870404965417
Sensor-only LSTM,2,42,35,0.1474155261022953,3.0057830394408613
Sensor-only LSTM,2,42,36,0.14774518643235157,3.215947024572488
Sensor-only LSTM,2,42,37,0.13858720376896902,3.258278513733563
Sensor-only LSTM,2,42,38,0.17159852411854493,3.2245096956936896
Sensor-only LSTM,2,42,39,0.12432939909616489,3.4085595515389677
Sensor-only LSTM,2,42,40,0.13195026739932356,3.190359850166683
Sensor-only LSTM,2,42,41,0.12087503688989944,3.120332191527276
Sensor-only LSTM,2,42,42,0.11900731513139354,3.1985171550550935
Sensor-only LSTM,2,42,43,0.12695762594068727,2.943308342964294
Sensor-only LSTM,2,42,44,0.1175445402285117,3.3333095585681964
Sensor-only LSTM,2,42,45,0.10165920074504733,3.3554996006174687
Sensor-only LSTM,2,42,46,0.10167663182273262,3.16405151211546
Sensor-only LSTM,2,42,47,0.09155892065796027,3.2846072437503167
Sensor-only LSTM,2,42,48,0.08855632517434597,3.3073518859709314
Sensor-only LSTM,2,42,49,0.10921604035843316,2.9979891776394894
Sensor-only LSTM,2,42,50,0.10474494869419528,3.294171957906585
Sensor-only LSTM,2,42,51,0.0856477116234033,3.2215061518916817
Sensor-only LSTM,2,42,52,0.07493976098675414,3.287124792198383
Sensor-only LSTM,2,42,53,0.07371107589551075,3.2607647511086246
Sensor-only LSTM,2,42,54,0.0851937809772903,3.126129855604975
Sensor-only LSTM,2,42,55,0.08072534874808054,3.2533360274898824
Sensor-only LSTM,2,42,56,0.07602068158814378,3.3420511877755623
Sensor-only LSTM,2,42,57,0.08627203985478894,3.2311398771231428
Sensor-only LSTM,2,42,58,0.10195636424751887,3.130993703400342
Sensor-only LSTM,2,42,59,0.087023252645697,3.3322050718522225
Sensor-only LSTM,2,42,60,0.07039113185668704,3.2964181546644826
Sensor-only LSTM,2,43,1,1.1403495452521706,1.468818315419471
Sensor-only LSTM,2,43,2,0.4846063737532193,2.673040603715967
Sensor-only LSTM,2,43,3,0.3438367309556147,3.3569367802168846
Sensor-only LSTM,2,43,4,0.34264159139011924,3.3608844397714277
Sensor-only LSTM,2,43,5,0.3159517529605003,3.3718053378631434
Sensor-only LSTM,2,43,6,0.36499639746257984,1.6219943072445706
Sensor-only LSTM,2,43,7,0.3072505965874298,3.381944478378826
Sensor-only LSTM,2,43,8,0.2893930950737232,3.3248390428898915
Sensor-only LSTM,2,43,9,0.2795721821437007,3.332044604674915
Sensor-only LSTM,2,43,10,0.27148590320897203,3.443031788129786
Sensor-only LSTM,2,43,11,0.25459638095388754,3.4199406231711285
Sensor-only LSTM,2,43,12,0.26070271625361163,3.398451644468642
Sensor-only LSTM,2,43,13,0.2467976580263274,3.4841341541408206
Sensor-only LSTM,2,43,14,0.2660127052450456,3.4543905032730255
Sensor-only LSTM,2,43,15,0.26272200055234246,3.449478471736156
Sensor-only LSTM,2,43,16,0.28225039752934633,3.1626499973993836
Sensor-only LSTM,2,43,17,0.26034236000254884,3.1418582397326023
Sensor-only LSTM,2,43,18,0.23779336724482536,3.250022011171407
Sensor-only LSTM,2,43,19,0.21933222754128018,3.2704375934008647
Sensor-only LSTM,2,43,20,0.21757183868226884,3.3912182198616136
Sensor-only LSTM,2,43,21,0.20603976558069861,3.2589099423288013
Sensor-only LSTM,2,43,22,0.20259747506640874,3.3940581655045308
Sensor-only LSTM,2,43,23,0.22951963307343917,3.59893233658943
Sensor-only LSTM,2,43,24,0.19480593149288628,3.4647222275867833
Sensor-only LSTM,2,43,25,0.18526675881299212,3.413272859774063
Sensor-only LSTM,2,43,26,0.182116354369013,3.419534293544473
Sensor-only LSTM,2,43,27,0.18070808003300723,3.410483780419595
Sensor-only LSTM,2,43,28,0.1623003844519093,3.4346630451939277
Sensor-only LSTM,2,43,29,0.15261584651780738,3.3994264967466017
Sensor-only LSTM,2,43,30,0.14184528059058804,3.233031860856464
Sensor-only LSTM,2,43,31,0.15674165555938288,3.4763027860845397
Sensor-only LSTM,2,43,32,0.18194816132132272,3.7555261385942895
Sensor-only LSTM,2,43,33,0.17208609505261974,3.537117008787638
Sensor-only LSTM,2,43,34,0.15394611862793992,3.5370713025814258
Sensor-only LSTM,2,43,35,0.15872935293325197,3.4494598133903858
Sensor-only LSTM,2,43,36,0.1562423527304317,3.327948956281655
Sensor-only LSTM,2,43,37,0.12439296469500993,3.274984372228577
Sensor-only LSTM,2,43,38,0.14464699181385843,3.0261733986389046
Sensor-only LSTM,2,43,39,0.12871843580063488,3.491387744025844
Sensor-only LSTM,2,43,40,0.12127880249592424,3.130639096991547
Sensor-only LSTM,2,43,41,0.12565049159951794,2.9561674259200723
Sensor-only LSTM,2,43,42,0.11477499403681499,3.0235891362117124
Sensor-only LSTM,2,43,43,0.11250869983365665,2.8516566151226055
Sensor-only LSTM,2,43,44,0.10494550727398602,3.3736055006572805
Sensor-only LSTM,2,43,45,0.09684200930175878,2.7571610879177153
Sensor-only LSTM,2,43,46,0.10692541557094587,3.447664256986094
Sensor-only LSTM,2,43,47,0.11789478065751352,3.0679220249212587
Sensor-only LSTM,2,43,48,0.09607993868122298,2.9033886842735384
Sensor-only LSTM,2,43,49,0.09504438154876123,3.3985621071305956
Sensor-only LSTM,2,43,50,0.08694677510384487,3.648069969400538
Sensor-only LSTM,2,43,51,0.08818780120500772,2.8136025466684647
Sensor-only LSTM,2,43,52,0.09336528812900032,1.4101724709599373
Sensor-only LSTM,2,43,53,0.10056450866199099,1.9800893305187348
Sensor-only LSTM,2,43,54,0.08626711943614172,3.684376272829511
Sensor-only LSTM,2,43,55,0.08616441908694854,3.0132100437938782
Sensor-only LSTM,2,43,56,0.08915995471383797,3.1349492894071225
Sensor-only LSTM,2,43,57,0.07692852811144392,2.827315944252982
Sensor-only LSTM,2,43,58,0.07590005797998597,2.629535208768
Sensor-only LSTM,2,43,59,0.07611665570124357,3.418804065897642
Sensor-only LSTM,2,43,60,0.0810123722475887,2.4123421817792674
Sensor-only LSTM,2,44,1,1.1361160048037895,1.192694571054265
Sensor-only LSTM,2,44,2,0.4628756441116914,2.6588625895668057
Sensor-only LSTM,2,44,3,0.5753358014105007,1.176835283476127
Sensor-only LSTM,2,44,4,0.4469301654462913,2.9618425249538465
Sensor-only LSTM,2,44,5,0.37041760158386267,3.011869610514548
Sensor-only LSTM,2,44,6,0.3341069922877259,3.0709650982533367
Sensor-only LSTM,2,44,7,0.3418537478197064,3.337202939886769
Sensor-only LSTM,2,44,8,0.3064777950445811,3.3693882484737276
Sensor-only LSTM,2,44,9,0.315888550706857,3.4673157995385693
Sensor-only LSTM,2,44,10,0.3142483735106327,3.394177579467806
Sensor-only LSTM,2,44,11,0.29529798713709654,3.5347188133142935
Sensor-only LSTM,2,44,12,0.2894688572627898,3.734724049530843
Sensor-only LSTM,2,44,13,0.2920312610869724,3.6993774270908366
Sensor-only LSTM,2,44,14,0.29726182551808217,3.65726230266156
Sensor-only LSTM,2,44,15,0.2906958885822334,3.740171661081505
Sensor-only LSTM,2,44,16,0.28665554557066003,3.5600139250572505
Sensor-only LSTM,2,44,17,0.28252751521407504,3.7312584414305747
Sensor-only LSTM,2,44,18,0.3055665833440806,3.5767100258503053
Sensor-only LSTM,2,44,19,0.3052623338774891,3.1575339886462457
Sensor-only LSTM,2,44,20,0.2748265946369067,3.4924003560876486
Sensor-only LSTM,2,44,21,0.284434757252734,3.5779708460552646
Sensor-only LSTM,2,44,22,0.28122621876375475,3.8480019868788014
Sensor-only LSTM,2,44,23,0.2700390076306737,3.7874684118490753
Sensor-only LSTM,2,44,24,0.2860213541933707,3.5295499088343223
Sensor-only LSTM,2,44,25,0.26337674330967653,3.595422689410703
Sensor-only LSTM,2,44,26,0.2573259986532962,3.58404713412083
Sensor-only LSTM,2,44,27,0.25674249236355606,3.454764642915638
Sensor-only LSTM,2,44,28,0.24877912895771007,3.5531878812846047
Sensor-only LSTM,2,44,29,0.23633170755333757,3.7649149358851863
Sensor-only LSTM,2,44,30,0.23755009649894646,3.6324791750884726
Sensor-only LSTM,2,44,31,0.2260899309030326,3.4813473397467614
Sensor-only LSTM,2,44,32,0.23297023334603423,3.563574814159206
Sensor-only LSTM,2,44,33,0.2813800872371082,3.3946271689355245
Sensor-only LSTM,2,44,34,0.20854576179016515,3.3685561567223097
Sensor-only LSTM,2,44,35,0.19888231144635726,3.600437023839863
Sensor-only LSTM,2,44,36,0.1624284924384227,3.5492509565684243
Sensor-only LSTM,2,44,37,0.18147002713553867,3.5735151935891767
Sensor-only LSTM,2,44,38,0.20267495873913685,3.6210390830786645
Sensor-only LSTM,2,44,39,0.16552255942391447,3.600095864312953
Sensor-only LSTM,2,44,40,0.16803139210255824,3.604745029904286
Sensor-only LSTM,2,44,41,0.16632476913482222,3.472349573168139
Sensor-only LSTM,2,44,42,0.1291516666447586,3.5568230884314613
Sensor-only LSTM,2,44,43,0.12190126252316942,3.6747102390564415
Sensor-only LSTM,2,44,44,0.11989359074600817,3.6325139682860663
Sensor-only LSTM,2,44,45,0.11750497278972488,3.5428519866169785
Sensor-only LSTM,2,44,46,0.26075996461254586,3.4917349858575584
Sensor-only LSTM,2,44,47,0.15528456343560368,3.5529902096330863
Sensor-only LSTM,2,44,48,0.09722781448303236,3.507687265741323
Sensor-only LSTM,2,44,49,0.10917635003217177,3.34764205899339
Sensor-only LSTM,2,44,50,0.10008290595284763,3.506240459919362
Sensor-only LSTM,2,44,51,0.09970903743255945,3.5852874525486778
Sensor-only LSTM,2,44,52,0.08842354421750719,3.5986982704206625
Sensor-only LSTM,2,44,53,0.09930453509135463,3.7802235391031203
Sensor-only LSTM,2,44,54,0.09253832630672373,3.5730300704681075
Sensor-only LSTM,2,44,55,0.09878836484089049,3.50908684920415
Sensor-only LSTM,2,44,56,0.08657322800448669,3.622245654528136
Sensor-only LSTM,2,44,57,0.09216810693870152,3.5155860777485706
Sensor-only LSTM,2,44,58,0.09106931178294245,3.351260180575029
Sensor-only LSTM,2,44,59,0.07511880431928099,3.4592732828649537
Sensor-only LSTM,2,44,60,0.07714726336840665,3.0597279714038255
Sensor-only LSTM,2,45,1,1.1095006965704621,1.537453926922693
Sensor-only LSTM,2,45,2,0.5549502148270825,2.588817985732406
Sensor-only LSTM,2,45,3,0.3991110340114921,3.084880761947024
Sensor-only LSTM,2,45,4,0.33323858958929503,3.338016869665222
Sensor-only LSTM,2,45,5,0.31765805308790485,3.5596615815330015
Sensor-only LSTM,2,45,6,0.3220547215557912,3.622416566051623
Sensor-only LSTM,2,45,7,0.31754396969337856,2.2919506633384694
Sensor-only LSTM,2,45,8,0.3008369312716431,3.4432596423166357
Sensor-only LSTM,2,45,9,0.3043861353292035,3.273794275219703
Sensor-only LSTM,2,45,10,0.2780493033787668,2.958923026372238
Sensor-only LSTM,2,45,11,0.26377377515155903,3.4631812206065167
Sensor-only LSTM,2,45,12,0.2559418258762883,3.0255220822716375
Sensor-only LSTM,2,45,13,0.243903248149182,3.1735397138779673
Sensor-only LSTM,2,45,14,0.251921233772723,3.3179679694816824
Sensor-only LSTM,2,45,15,0.2720133318616296,3.2024879446072148
Sensor-only LSTM,2,45,16,0.23343583469271734,3.7381067740736977
Sensor-only LSTM,2,45,17,0.2681071207081669,3.556682610325113
Sensor-only LSTM,2,45,18,0.22890194833714522,3.4330046340565703
Sensor-only LSTM,2,45,19,0.2194753391287953,3.6761336919749015
Sensor-only LSTM,2,45,20,0.22072085111398002,3.8720319426857883
Sensor-only LSTM,2,45,21,0.21883105449174178,3.7176062772553373
Sensor-only LSTM,2,45,22,0.21886933500050482,3.396442076782686
Sensor-only LSTM,2,45,23,0.21058932505093975,3.522785144735361
Sensor-only LSTM,2,45,24,0.22407114785448362,3.7899438439351436
Sensor-only LSTM,2,45,25,0.2833766368814244,3.935352605745422
Sensor-only LSTM,2,45,26,0.20016949297377862,3.5657945388433228
Sensor-only LSTM,2,45,27,0.2033343570287601,3.5182966754387572
Sensor-only LSTM,2,45,28,0.20503038457622622,3.664579077653957
Sensor-only LSTM,2,45,29,0.2021767116224962,3.1977519968737793
Sensor-only LSTM,2,45,30,0.23745310009388498,4.094184302517713
Sensor-only LSTM,2,45,31,0.2135949310081024,3.6113201131637873
Sensor-only LSTM,2,45,32,0.18371970418529637,3.6031777228733635
Sensor-only LSTM,2,45,33,0.16831720863298116,3.7926402205106506
Sensor-only LSTM,2,45,34,0.1786670632101936,3.502508312672956
Sensor-only LSTM,2,45,35,0.17342405652287965,3.5776934400039924
Sensor-only LSTM,2,45,36,0.17917132325638438,3.3902497492714527
Sensor-only LSTM,2,45,37,0.16377306659180968,3.872118953977496
Sensor-only LSTM,2,45,38,0.1581292280077135,3.843990381171456
Sensor-only LSTM,2,45,39,0.16994879648570677,4.069962663394972
Sensor-only LSTM,2,45,40,0.1660638087231037,3.6179725765119874
Sensor-only LSTM,2,45,41,0.16039344399604472,4.09353334733464
Sensor-only LSTM,2,45,42,0.1492203978377824,3.8355323887766053
Sensor-only LSTM,2,45,43,0.13884059911381538,4.191718196162459
Sensor-only LSTM,2,45,44,0.12971897042792865,4.280157739887935
Sensor-only LSTM,2,45,45,0.1333316046946627,4.350425100271825
Sensor-only LSTM,2,45,46,0.11898569799709945,4.484223097675434
Sensor-only LSTM,2,45,47,0.1210468581228958,4.303433249597931
Sensor-only LSTM,2,45,48,0.10620338049768893,4.269238392216984
Sensor-only LSTM,2,45,49,0.09375695908064162,4.633752149443261
Sensor-only LSTM,2,45,50,0.08335119872742731,4.701279712040339
Sensor-only LSTM,2,45,51,0.08792404822623817,4.49627592712319
Sensor-only LSTM,2,45,52,0.09024570163141875,5.147210292912392
Sensor-only LSTM,2,45,53,0.09401912997220799,4.560936277181103
Sensor-only LSTM,2,45,54,0.07686416151899887,4.292586714721267
Sensor-only LSTM,2,45,55,0.10017036306935702,4.596058987809212
Sensor-only LSTM,2,45,56,0.07533762600252462,3.646667088210969
Sensor-only LSTM,2,45,57,0.07233193627513813,4.630826861543287
Sensor-only LSTM,2,45,58,0.0674371826442584,4.9945646408164865
Sensor-only LSTM,2,45,59,0.06814183451383989,4.882472149818557
Sensor-only LSTM,2,45,60,0.05579909789764721,5.052829383516414
Sensor-only LSTM,2,46,1,1.1367949349970297,1.5598686884597877
Sensor-only LSTM,2,46,2,0.44038839381253986,2.701092728399561
Sensor-only LSTM,2,46,3,0.5686524028388703,1.5242099432399412
Sensor-only LSTM,2,46,4,0.37023030647339433,2.707113331131492
Sensor-only LSTM,2,46,5,0.3480944712938585,3.073262868412885
Sensor-only LSTM,2,46,6,0.3249121910457129,3.1072833103894157
Sensor-only LSTM,2,46,7,0.33422022967132253,3.3023050725781893
Sensor-only LSTM,2,46,8,0.8789804172472283,1.8464591806959643
Sensor-only LSTM,2,46,9,0.4341506119874249,2.3691232312575274
Sensor-only LSTM,2,46,10,0.40138761983420485,2.8299744237318927
Sensor-only LSTM,2,46,11,0.3447153232378759,3.136489697074272
Sensor-only LSTM,2,46,12,0.34691466549995975,3.3581555837173958
Sensor-only LSTM,2,46,13,0.4262812248386311,3.129781174350763
Sensor-only LSTM,2,46,14,0.3772376545459159,3.399403144293676
Sensor-only LSTM,2,46,15,0.32421365263148244,3.6064395958610023
Sensor-only LSTM,2,46,16,0.33241387050301474,3.541759214184969
Sensor-only LSTM,2,46,17,0.3143946229685087,3.565621198317917
Sensor-only LSTM,2,46,18,0.3140155329056298,3.7571098132151506
Sensor-only LSTM,2,46,19,0.33035830429673996,3.3702542370519164
Sensor-only LSTM,2,46,20,0.3195629067569154,3.609583728449906
Sensor-only LSTM,2,46,21,0.2984239704575501,3.7772341470030937
Sensor-only LSTM,2,46,22,0.3009100871831451,3.7111418578395576
Sensor-only LSTM,2,46,23,0.30243634507468675,3.8291734812970297
Sensor-only LSTM,2,46,24,0.2963612164977409,3.909115942038161
Sensor-only LSTM,2,46,25,0.2968297772913136,3.8683920848318105
Sensor-only LSTM,2,46,26,0.2875500145770659,3.8465577562542763
Sensor-only LSTM,2,46,27,0.296398999340864,3.9257143044574727
Sensor-only LSTM,2,46,28,0.29860826661171236,3.9301283139067644
Sensor-only LSTM,2,46,29,0.2799049940716196,4.001276821123343
Sensor-only LSTM,2,46,30,0.272762956468889,3.9900392642160214
Sensor-only LSTM,2,46,31,0.2736451870453641,3.7770956791052295
Sensor-only LSTM,2,46,32,0.25755957957631853,3.9445042373616546
Sensor-only LSTM,2,46,33,0.26351151396994327,4.028620156368993
Sensor-only LSTM,2,46,34,0.2608216148843713,4.010611251447164
Sensor-only LSTM,2,46,35,0.25504287749547044,4.076540735833846
Sensor-only LSTM,2,46,36,0.2464889206586997,4.118179524369682
Sensor-only LSTM,2,46,37,0.2448595217602199,4.179636325711308
Sensor-only LSTM,2,46,38,0.2870878056735981,3.6575043108756806
Sensor-only LSTM,2,46,39,0.23308436409102062,3.778103942844059
Sensor-only LSTM,2,46,40,0.22922374181889818,3.960027938495444
Sensor-only LSTM,2,46,41,0.25475843799669956,3.972406126896712
Sensor-only LSTM,2,46,42,0.2937613298604577,3.613152900087138
Sensor-only LSTM,2,46,43,0.22618032156476736,3.671254239509739
Sensor-only LSTM,2,46,44,0.21020430331910114,3.71908755417004
Sensor-only LSTM,2,46,45,0.21103618994110027,3.8405054215478587
Sensor-only LSTM,2,46,46,0.2554574472957962,3.7645229423985884
Sensor-only LSTM,2,46,47,0.24325475171617006,3.798248346597278
Sensor-only LSTM,2,46,48,0.22096551910251616,3.8485273472304993
Sensor-only LSTM,2,46,49,0.2057005952110674,4.302830431006897
Sensor-only LSTM,2,46,50,0.20788898165544892,4.180805308740289
Sensor-only LSTM,2,46,51,0.19071726738217035,4.154651235620095
Sensor-only LSTM,2,46,52,0.17437740308638391,4.106104553132027
Sensor-only LSTM,2,46,53,0.16844416616313126,4.190668467890881
Sensor-only LSTM,2,46,54,0.16251830768695988,4.237367658648584
Sensor-only LSTM,2,46,55,0.16123897586605812,4.322642806281796
Sensor-only LSTM,2,46,56,0.17351435400014387,4.198903221355401
Sensor-only LSTM,2,46,57,0.16026104182132056,4.514340061444958
Sensor-only LSTM,2,46,58,0.15373575471291667,4.40586825333069
Sensor-only LSTM,2,46,59,0.1439721985475491,4.3681769849607806
Sensor-only LSTM,2,46,60,0.1378441241675946,4.402637224732929
Sensor-only LSTM,2,47,1,1.103743300759015,1.5188073828719861
Sensor-only LSTM,2,47,2,0.4830613563439964,2.43232998824789
Sensor-only LSTM,2,47,3,0.3764100288841726,3.151151188409869
Sensor-only LSTM,2,47,4,0.3711471512577724,2.835873504114975
Sensor-only LSTM,2,47,5,0.33250557105945133,3.0345767856159167
Sensor-only LSTM,2,47,6,0.32995086759419645,3.5788267230530537
Sensor-only LSTM,2,47,7,0.30715187383380915,3.245185161995064
Sensor-only LSTM,2,47,8,0.2996033631324187,3.37161889064003
Sensor-only LSTM,2,47,9,0.2975672165262198,3.6670762274422346
Sensor-only LSTM,2,47,10,0.2945809379437942,3.5829808904787375
Sensor-only LSTM,2,47,11,0.30065293916110075,3.432539068258993
Sensor-only LSTM,2,47,12,0.2930252670261062,3.386151754653351
Sensor-only LSTM,2,47,13,0.2831840665692022,3.4878365993982516
Sensor-only LSTM,2,47,14,0.25650420005840185,3.7279381095140076
Sensor-only LSTM,2,47,15,0.26835968976046964,3.6556103752189784
Sensor-only LSTM,2,47,16,0.2560658417119986,3.3829326658443293
Sensor-only LSTM,2,47,17,0.29106722254984846,3.3688655066149025
Sensor-only LSTM,2,47,18,0.4575016423197217,2.5927515645264037
Sensor-only LSTM,2,47,19,0.2502783967873296,2.8594432368906735
Sensor-only LSTM,2,47,20,0.25221655700789364,3.0258508059427496
Sensor-only LSTM,2,47,21,0.23051257403357445,3.185762000940016
Sensor-only LSTM,2,47,22,0.3313056771926659,1.7804825890398952
Sensor-only LSTM,2,47,23,0.2441812322715083,2.6637672734955733
Sensor-only LSTM,2,47,24,0.28749083464716646,2.846573272836646
Sensor-only LSTM,2,47,25,0.2402496379661095,3.0671226341703797
Sensor-only LSTM,2,47,26,0.2364679786724553,2.924395869057585
Sensor-only LSTM,2,47,27,0.20238223512095696,3.0541748847353793
Sensor-only LSTM,2,47,28,0.21772916241799237,3.080918171171493
Sensor-only LSTM,2,47,29,0.1948137701574729,2.998573546243538
Sensor-only LSTM,2,47,30,0.18153590688993843,3.1503201567650354
Sensor-only LSTM,2,47,31,0.18330546668268136,3.115048446614078
Sensor-only LSTM,2,47,32,0.15679697194326803,3.1364129132251244
Sensor-only LSTM,2,47,33,0.1630829370544859,3.126293375219176
Sensor-only LSTM,2,47,34,0.14397946322458244,3.3807513391192736
Sensor-only LSTM,2,47,35,0.16747555486054264,3.4320583143482715
Sensor-only LSTM,2,47,36,0.13083183759055,3.4306011884342515
Sensor-only LSTM,2,47,37,0.12277941611901352,3.1701944791440315
Sensor-only LSTM,2,47,38,0.10820243164833401,3.4599997412340944
Sensor-only LSTM,2,47,39,0.12021144047733634,3.486665559638911
Sensor-only LSTM,2,47,40,0.15076911921620295,2.346278328006005
Sensor-only LSTM,2,47,41,0.10963852377580041,2.6870193833537543
Sensor-only LSTM,2,47,42,0.11325832865201504,2.8573181316835834
Sensor-only LSTM,2,47,43,0.09882582618079122,3.0325791187278655
Sensor-only LSTM,2,47,44,0.12122307874666417,3.0722570911082028
Sensor-only LSTM,2,47,45,0.09527690475607957,3.0269760128842833
Sensor-only LSTM,2,47,46,0.09983073525064914,3.1191670394162636
Sensor-only LSTM,2,47,47,0.09426835565024727,3.0126046896077385
Sensor-only LSTM,2,47,48,0.11975044489762701,2.892430786373291
Sensor-only LSTM,2,47,49,0.09009362304087168,2.9968350908314694
Sensor-only LSTM,2,47,50,0.08883187309189006,3.2220011568159572
Sensor-only LSTM,2,47,51,0.10621400424242383,3.233650550535894
Sensor-only LSTM,2,47,52,0.0911809086418239,3.338838888585696
Sensor-only LSTM,2,47,53,0.09582749701069304,2.9602227080975445
Sensor-only LSTM,2,47,54,0.1439413228148843,3.4678419701932057
Sensor-only LSTM,2,47,55,0.08391306096986435,3.536939230162176
Sensor-only LSTM,2,47,56,0.07379508108617983,3.3382905193526082
Sensor-only LSTM,2,47,57,0.07249001639235099,3.5292357273769945
Sensor-only LSTM,2,47,58,0.08789465464719688,3.737128238248001
Sensor-only LSTM,2,47,59,0.07650353348661285,3.373759582912304
Sensor-only LSTM,2,47,60,0.06986673512438733,3.173403346770268
Sensor-only LSTM,2,48,1,1.1264476722003047,1.1827689172382232
Sensor-only LSTM,2,48,2,0.5324147772872543,2.108781224965534
Sensor-only LSTM,2,48,3,0.4148049175121812,2.6924604671820194
Sensor-only LSTM,2,48,4,0.32834568854914,2.996550540140072
Sensor-only LSTM,2,48,5,0.3301055384056369,3.3319209864922272
Sensor-only LSTM,2,48,6,0.34205493329139397,3.29376065431738
Sensor-only LSTM,2,48,7,0.29464506184015965,3.477877528923634
Sensor-only LSTM,2,48,8,0.33776385066968356,3.4280329553277653
Sensor-only LSTM,2,48,9,0.4484354486776372,2.434718670391882
Sensor-only LSTM,2,48,10,0.3190653386011057,3.0628582040576133
Sensor-only LSTM,2,48,11,0.2985182083975172,3.2654522687003626
Sensor-only LSTM,2,48,12,0.2945715908703464,3.2159879924347283
Sensor-only LSTM,2,48,13,0.2929580876970349,3.269013215057536
Sensor-only LSTM,2,48,14,0.28753241792657186,3.278274969264189
Sensor-only LSTM,2,48,15,0.28087013349672557,3.2675152902791105
Sensor-only LSTM,2,48,16,0.2757325281572371,3.368392120926092
Sensor-only LSTM,2,48,17,0.2709923754971177,3.547894398993601
Sensor-only LSTM,2,48,18,0.26963816865561285,3.432198417238231
Sensor-only LSTM,2,48,19,0.25321225563630617,3.596670050664803
Sensor-only LSTM,2,48,20,0.24863676824433859,3.3978535630307753
Sensor-only LSTM,2,48,21,0.23538141135105922,3.372116929205782
Sensor-only LSTM,2,48,22,0.2466255859503072,3.3699111714315464
Sensor-only LSTM,2,48,23,0.22604672670918294,3.3680771018336193
Sensor-only LSTM,2,48,24,0.23362029171767285,3.0692374166865584
Sensor-only LSTM,2,48,25,0.22568391513199723,3.27799445535529
Sensor-only LSTM,2,48,26,0.2199692586749011,3.3727490355302914
Sensor-only LSTM,2,48,27,0.2256401249869868,3.457060669639327
Sensor-only LSTM,2,48,28,0.19595275257216366,3.516380258210277
Sensor-only LSTM,2,48,29,0.2086509725715713,3.401169840640692
Sensor-only LSTM,2,48,30,0.23490677265442414,2.5656218542264813
Sensor-only LSTM,2,48,31,0.2044932236401211,2.91964847287143
Sensor-only LSTM,2,48,32,0.17401219987055647,3.109203861000471
Sensor-only LSTM,2,48,33,0.16881495286721343,3.2035845507813323
Sensor-only LSTM,2,48,34,0.14452099736092078,3.3463624384471458
Sensor-only LSTM,2,48,35,0.1493123870781106,3.3444813754787712
Sensor-only LSTM,2,48,36,0.12085969224435973,3.4554922654098363
Sensor-only LSTM,2,48,37,0.13582688523711844,3.299070034377261
Sensor-only LSTM,2,48,38,0.26884455028592197,3.540873247172611
Sensor-only LSTM,2,48,39,0.16020062359675338,3.2212399108492273
Sensor-only LSTM,2,48,40,0.11391192706872746,3.3016540290663103
Sensor-only LSTM,2,48,41,0.12325702422956263,3.1617143117132764
Sensor-only LSTM,2,48,42,0.10402545157824526,3.3582950588436415
Sensor-only LSTM,2,48,43,0.12761044887727097,3.578968619714545
Sensor-only LSTM,2,48,44,0.10752343830903953,3.4381586558972015
Sensor-only LSTM,2,48,45,0.09704398228982684,3.4190175123915045
Sensor-only LSTM,2,48,46,0.103813521550386,3.3294526146761028
Sensor-only LSTM,2,48,47,0.09420730274154746,3.442019264300235
Sensor-only LSTM,2,48,48,0.09652919840296909,3.449696057333287
Sensor-only LSTM,2,48,49,0.08733930262239817,3.5514445929882594
Sensor-only LSTM,2,48,50,0.09123131992848162,3.328648509236443
Sensor-only LSTM,2,48,51,0.08607561871412821,3.4270080913091583
Sensor-only LSTM,2,48,52,0.07927949276413952,3.377636658997309
Sensor-only LSTM,2,48,53,0.07882452036533902,3.3089988087153075
Sensor-only LSTM,2,48,54,0.08051514497854265,3.6894115388843978
Sensor-only LSTM,2,48,55,0.07572351356214599,3.275791852572052
Sensor-only LSTM,2,48,56,0.08258097404971637,3.328354340247794
Sensor-only LSTM,2,48,57,0.08775590954712802,3.2441164286038786
Sensor-only LSTM,2,48,58,0.08489050949588282,3.2959994635108223
Sensor-only LSTM,2,48,59,0.08717505200916423,3.174732696353488
Sensor-only LSTM,2,48,60,0.07905632552011466,3.3337985209911483
Sensor-only LSTM,2,49,1,1.1422116600253973,1.1217044213420628
Sensor-only LSTM,2,49,2,0.5047231833067412,1.1230217045893165
Sensor-only LSTM,2,49,3,0.3826773928876769,2.799927996572099
Sensor-only LSTM,2,49,4,0.3352337833005869,3.1055630532376965
Sensor-only LSTM,2,49,5,0.3910233288513023,2.344491831555995
Sensor-only LSTM,2,49,6,0.30468716245827915,2.856472494728364
Sensor-only LSTM,2,49,7,0.3126400376078125,3.1463422223314095
Sensor-only LSTM,2,49,8,0.30258783558241703,3.2270259299108326
Sensor-only LSTM,2,49,9,0.2870698867230645,3.3926096876869964
Sensor-only LSTM,2,49,10,0.3040357786369789,3.413314460340252
Sensor-only LSTM,2,49,11,0.289968509034076,3.3760186990252326
Sensor-only LSTM,2,49,12,0.26531313404232026,3.482068624854345
Sensor-only LSTM,2,49,13,0.2734756439669985,3.470688948958919
Sensor-only LSTM,2,49,14,0.2845707987137207,3.591035893054168
Sensor-only LSTM,2,49,15,0.2818440527250533,2.2289337215876732
Sensor-only LSTM,2,49,16,0.24386328008845404,3.022565094138582
Sensor-only LSTM,2,49,17,0.2341665233837839,3.227853464996583
Sensor-only LSTM,2,49,18,0.2268929885681049,3.368425972550528
Sensor-only LSTM,2,49,19,0.23564294490924628,3.4164471246511323
Sensor-only LSTM,2,49,20,0.22125758785961025,3.4138068528785563
Sensor-only LSTM,2,49,21,0.23043588678750376,3.398730166674819
Sensor-only LSTM,2,49,22,0.19343146838878875,3.485413153424505
Sensor-only LSTM,2,49,23,0.22824193062323175,3.2078788089958175
Sensor-only LSTM,2,49,24,0.2023417048251607,3.404658071294459
Sensor-only LSTM,2,49,25,0.18915368306480626,3.3228913203976065
Sensor-only LSTM,2,49,26,0.20651588949904362,3.572687527032058
Sensor-only LSTM,2,49,27,0.19207021125491838,2.973739181108145
Sensor-only LSTM,2,49,28,0.17130506770557052,3.163130755365281
Sensor-only LSTM,2,49,29,0.16643274402487648,3.306327713424135
Sensor-only LSTM,2,49,30,0.16268981350296377,3.3777940847285364
Sensor-only LSTM,2,49,31,0.1615138192917064,3.533703460243428
Sensor-only LSTM,2,49,32,0.1820518773351044,3.3695434677388447
Sensor-only LSTM,2,49,33,0.17743994367333318,3.493109571753516
Sensor-only LSTM,2,49,34,0.17688732641016397,3.3073208778774763
Sensor-only LSTM,2,49,35,0.16002198180216684,3.376514729377904
Sensor-only LSTM,2,49,36,0.16177449090262144,3.3763832817614463
Sensor-only LSTM,2,49,37,0.1638230188868345,3.282251186057378
Sensor-only LSTM,2,49,38,0.14113631837256138,3.2696753759781947
Sensor-only LSTM,2,49,39,0.13425560288317387,3.337927455730237
Sensor-only LSTM,2,49,40,0.13129400284387657,3.514181813623426
Sensor-only LSTM,2,49,41,0.1845775364667159,3.4569363689480537
Sensor-only LSTM,2,49,42,0.13242541259355584,3.65942228883183
Sensor-only LSTM,2,49,43,0.1216454183742958,3.6075093841610664
Sensor-only LSTM,2,49,44,0.16117698754173165,2.6195040195858503
Sensor-only LSTM,2,49,45,0.1576932659151349,1.9613527725440638
Sensor-only LSTM,2,49,46,0.12333536990745121,1.7677176945217228
Sensor-only LSTM,2,49,47,0.11354332804534582,1.9603893069417637
Sensor-only LSTM,2,49,48,0.10632110547358346,1.6370773228533066
Sensor-only LSTM,2,49,49,0.08647951591784891,1.9118206829444122
Sensor-only LSTM,2,49,50,0.10640343226433381,2.128013070970452
Sensor-only LSTM,2,49,51,0.08097465140693966,1.8230368347424153
Sensor-only LSTM,2,49,52,0.06868847008933024,2.4780084726040617
Sensor-only LSTM,2,49,53,0.07486013475479757,1.9331966331047579
Sensor-only LSTM,2,49,54,0.06585821344861664,2.3920764554750584
Sensor-only LSTM,2,49,55,0.0726433932976451,1.9997743248746411
Sensor-only LSTM,2,49,56,0.06966350034632965,2.496873332360522
Sensor-only LSTM,2,49,57,0.0799161566530356,1.9830669565347565
Sensor-only LSTM,2,49,58,0.065830535948331,2.6343416224674323
Sensor-only LSTM,2,49,59,0.07430710342510091,1.994027411834725
Sensor-only LSTM,2,49,60,0.08190074787202185,2.18668917796653
Sensor-only LSTM,2,50,1,1.1102728063126006,1.0690379675727169
Sensor-only LSTM,2,50,2,0.5076523067964278,2.263300575396412
Sensor-only LSTM,2,50,3,0.6095222962258575,1.766657705440892
Sensor-only LSTM,2,50,4,0.4783098552373762,2.511049101084921
Sensor-only LSTM,2,50,5,0.4271169175904092,2.7499202251691797
Sensor-only LSTM,2,50,6,0.3613477462969634,2.9684222337365407
Sensor-only LSTM,2,50,7,0.34323984760016946,3.0643077885679757
Sensor-only LSTM,2,50,8,0.32717322382456204,2.752060656574581
Sensor-only LSTM,2,50,9,0.3212919616475838,3.1401757811302757
Sensor-only LSTM,2,50,10,0.31631758603869525,3.198327014403776
Sensor-only LSTM,2,50,11,0.3053103958521581,3.2204532759429054
Sensor-only LSTM,2,50,12,0.3007700361906211,3.310564077473356
Sensor-only LSTM,2,50,13,0.2959863334748892,3.4220283334958115
Sensor-only LSTM,2,50,14,0.2922932962721837,3.329623673183614
Sensor-only LSTM,2,50,15,0.3023407864795815,3.3125632751258354
Sensor-only LSTM,2,50,16,0.2883517650352754,3.447821647041431
Sensor-only LSTM,2,50,17,0.28732772232336945,3.331787842074429
Sensor-only LSTM,2,50,18,0.2810869460231934,3.316518684893396
Sensor-only LSTM,2,50,19,0.28762025100512156,3.4242630536400473
Sensor-only LSTM,2,50,20,0.27774830534827194,3.2797928358514676
Sensor-only LSTM,2,50,21,0.2623927936112278,3.3409687498218297
Sensor-only LSTM,2,50,22,0.2725274039660555,3.3947137046774314
Sensor-only LSTM,2,50,23,0.2467573239155327,3.331587061639996
Sensor-only LSTM,2,50,24,0.2501534398039037,3.375473212700168
Sensor-only LSTM,2,50,25,0.24814951139241728,3.457608317035063
Sensor-only LSTM,2,50,26,0.24070468212612367,3.427109594446794
Sensor-only LSTM,2,50,27,0.23749073963932407,3.3377030942725825
Sensor-only LSTM,2,50,28,0.22825208346720952,3.4193769861374768
Sensor-only LSTM,2,50,29,0.2278475659393741,3.435855660354216
Sensor-only LSTM,2,50,30,0.26082739642594804,3.161989344473019
Sensor-only LSTM,2,50,31,0.22195750898082833,3.2317173036366507
Sensor-only LSTM,2,50,32,0.21694932966098635,3.6997009691727984
Sensor-only LSTM,2,50,33,0.19698342730874044,3.5779159343429314
Sensor-only LSTM,2,50,34,0.19828447163341104,3.4134584320447616
Sensor-only LSTM,2,50,35,0.192483196982241,3.4675100180551763
Sensor-only LSTM,2,50,36,0.1902759452551912,3.451405408025818
Sensor-only LSTM,2,50,37,0.17828154836319918,3.0744286697060192
Sensor-only LSTM,2,50,38,0.16204832972349154,3.4149791066963266
Sensor-only LSTM,2,50,39,0.15992216831714479,3.3423086703789155
Sensor-only LSTM,2,50,40,0.15554240820639967,3.5434645545501944
Sensor-only LSTM,2,50,41,0.1812489371994223,3.062701241131349
Sensor-only LSTM,2,50,42,0.16740958342677134,3.2828398204326117
Sensor-only LSTM,2,50,43,0.16106115382602854,3.4287465870155116
Sensor-only LSTM,2,50,44,0.15686422193253788,3.343896009092326
Sensor-only LSTM,2,50,45,0.15034846913371414,3.421345164013733
Sensor-only LSTM,2,50,46,0.14071858265209605,3.061530986853089
Sensor-only LSTM,2,50,47,0.1377106351433986,2.9203011490420696
Sensor-only LSTM,2,50,48,0.12734732787549896,3.2081953030296844
Sensor-only LSTM,2,50,49,0.11843037827304774,3.112572526828774
Sensor-only LSTM,2,50,50,0.11614444666178324,3.3353208904647413
Sensor-only LSTM,2,50,51,0.11578887194340583,3.526299049124347
Sensor-only LSTM,2,50,52,0.11922859375539312,3.5094003115275765
Sensor-only LSTM,2,50,53,0.12596980688922074,3.5235710609744486
Sensor-only LSTM,2,50,54,0.10575072780009734,3.323222496339621
Sensor-only LSTM,2,50,55,0.10809947054726478,3.1161004836886286
Sensor-only LSTM,2,50,56,0.12118092577479948,3.270539619784891
Sensor-only LSTM,2,50,57,0.1809098899119297,2.489140685253473
Sensor-only LSTM,2,50,58,0.14548022029858984,3.264176815555111
Sensor-only LSTM,2,50,59,0.12436268179995813,2.296027350905261
Sensor-only LSTM,2,50,60,0.11968275698527267,2.6803210809279725
Sensor-only LSTM,2,51,1,1.1452001711713475,1.3144019000216127
Sensor-only LSTM,2,51,2,0.494047310714094,2.541426316193319
Sensor-only LSTM,2,51,3,0.3791279472832924,3.0908405310263127
Sensor-only LSTM,2,51,4,0.3314299125548981,3.344870974770375
Sensor-only LSTM,2,51,5,0.3192458722120665,3.47811917365241
Sensor-only LSTM,2,51,6,0.5970969576976562,2.2623796442414976
Sensor-only LSTM,2,51,7,0.3805593918784227,2.7597457365521088
Sensor-only LSTM,2,51,8,0.32586441912315445,3.0439941246488953
Sensor-only LSTM,2,51,9,0.30271220744782146,3.3735845806338616
Sensor-only LSTM,2,51,10,0.28648454948832974,3.3296160178810164
Sensor-only LSTM,2,51,11,0.2721644007963498,3.277502971900462
Sensor-only LSTM,2,51,12,0.275162629656026,3.173901986644541
Sensor-only LSTM,2,51,13,0.2860833851213066,3.4048822790255557
Sensor-only LSTM,2,51,14,0.2649519588618944,3.339384709237461
Sensor-only LSTM,2,51,15,0.2589251474136263,3.331939945242832
Sensor-only LSTM,2,51,16,0.23911991722695644,3.5302077227676403
Sensor-only LSTM,2,51,17,0.298784215273398,2.1746958163335566
Sensor-only LSTM,2,51,18,0.281570001424158,3.402844467862121
Sensor-only LSTM,2,51,19,0.22644604589065934,3.532486370456914
Sensor-only LSTM,2,51,20,0.23046138802501284,3.446642914742682
Sensor-only LSTM,2,51,21,0.286503645231054,3.535800485805353
Sensor-only LSTM,2,51,22,0.22587131448703013,3.4962856277469423
Sensor-only LSTM,2,51,23,0.19636517959277416,3.6547111870789375
Sensor-only LSTM,2,51,24,0.203924384021463,3.586911699056754
Sensor-only LSTM,2,51,25,0.20369962931115188,3.6671993779119094
Sensor-only LSTM,2,51,26,0.1717660959667,3.6583216882775464
Sensor-only LSTM,2,51,27,0.19591927233263895,3.3769699117373957
Sensor-only LSTM,2,51,28,0.17974443921659286,3.603111261666851
Sensor-only LSTM,2,51,29,0.23091329426131801,3.6648913603718545
Sensor-only LSTM,2,51,30,0.21659918488125332,3.5398958361271133
Sensor-only LSTM,2,51,31,0.2176952170097995,3.3643132638725297
Sensor-only LSTM,2,51,32,0.17895318774789082,3.60421084981114
Sensor-only LSTM,2,51,33,0.15447673167054934,3.6680018874146767
Sensor-only LSTM,2,51,34,0.15854150075908116,3.542388268603619
Sensor-only LSTM,2,51,35,0.13986166202026776,3.3910824182899932
Sensor-only LSTM,2,51,36,0.15584991270271037,3.335977309047532
Sensor-only LSTM,2,51,37,0.15437814155633242,3.5111546658349604
Sensor-only LSTM,2,51,38,0.1511441976839925,3.322544371785664
Sensor-only LSTM,2,51,39,0.1431895337322367,3.555450660154449
Sensor-only LSTM,2,51,40,0.14900608537837837,3.6940535427539833
Sensor-only LSTM,2,51,41,0.1506894352521786,3.59833782636128
Sensor-only LSTM,2,51,42,0.12295990964394383,3.4863301399556144
Sensor-only LSTM,2,51,43,0.11235649215419578,3.7667248271341327
Sensor-only LSTM,2,51,44,0.10980944762018888,3.416969642300585
Sensor-only LSTM,2,51,45,0.1105329125627562,3.6066715475292495
Sensor-only LSTM,2,51,46,0.12091445839537636,3.4251101502492927
Sensor-only LSTM,2,51,47,0.12376835080298398,3.4365500633164308
Sensor-only LSTM,2,51,48,0.14114906778927985,1.863417499201859
Sensor-only LSTM,2,51,49,0.22997817813006208,3.3387820088741074
Sensor-only LSTM,2,51,50,0.15222268075313894,3.5389358855413824
Sensor-only LSTM,2,51,51,0.11398789913170516,3.373790861495628
Sensor-only LSTM,2,51,52,0.10671516780734135,3.367905240916279
Sensor-only LSTM,2,51,53,0.10684298057197653,3.3648969372553394
Sensor-only LSTM,2,51,54,0.10069329044364488,3.1619463207654768
Sensor-only LSTM,2,51,55,0.10489814644503492,3.137843646044736
Sensor-only LSTM,2,51,56,0.09317639808407159,3.3405370218417816
Sensor-only LSTM,2,51,57,0.08963731661640983,3.359167416509619
Sensor-only LSTM,2,51,58,0.08775830708357854,3.147078337151855
Sensor-only LSTM,2,51,59,0.08323465222305527,3.091041876578434
Sensor-only LSTM,2,51,60,0.09033731518723048,3.219973982088509
Sensor-only LSTM,3,42,1,1.1514566040549439,1.2075569397248562
Sensor-only LSTM,3,42,2,0.8381847706774324,0.8624718114265106
Sensor-only LSTM,3,42,3,0.6769519958109667,1.0352597941392623
Sensor-only LSTM,3,42,4,0.48520323692476347,2.108638336573507
Sensor-only LSTM,3,42,5,0.459776984223532,1.3186213270423297
Sensor-only LSTM,3,42,6,0.36557745565332767,1.542548041548619
Sensor-only LSTM,3,42,7,0.3597629866104243,1.2421078410788402
Sensor-only LSTM,3,42,8,0.3645529330847643,1.4245185372214648
Sensor-only LSTM,3,42,9,0.34718976475594604,1.6675633803103704
Sensor-only LSTM,3,42,10,0.33128128976358917,1.8915863268280428
Sensor-only LSTM,3,42,11,0.32847169765501943,1.7843578597784542
Sensor-only LSTM,3,42,12,0.31346182090426805,2.135727295648127
Sensor-only LSTM,3,42,13,0.31617986576272805,1.8784874348395526
Sensor-only LSTM,3,42,14,0.33955562023576974,1.0197873376700364
Sensor-only LSTM,3,42,15,0.39433385026199735,1.5141734559580964
Sensor-only LSTM,3,42,16,0.3182243553688038,1.9309411312549118
Sensor-only LSTM,3,42,17,0.2966350903204822,2.091046035914551
Sensor-only LSTM,3,42,18,0.27490909856940626,2.2291372635204585
Sensor-only LSTM,3,42,19,0.26263928775439205,1.8306605439765897
Sensor-only LSTM,3,42,20,0.2634220117731561,2.342436179175067
Sensor-only LSTM,3,42,21,0.23038509006893962,2.333333367384205
Sensor-only LSTM,3,42,22,0.23680306730922937,2.233641578716302
Sensor-only LSTM,3,42,23,0.20444759029769752,2.188738230014497
Sensor-only LSTM,3,42,24,0.1990706653040848,2.222221967871584
Sensor-only LSTM,3,42,25,0.19925804917304704,2.5106065272660127
Sensor-only LSTM,3,42,26,0.1765545920471715,2.2260477366687366
Sensor-only LSTM,3,42,27,0.17091699914055497,2.221100074127785
Sensor-only LSTM,3,42,28,0.1691129094234665,2.604622296942105
Sensor-only LSTM,3,42,29,0.16906062557792081,2.3714238485825136
Sensor-only LSTM,3,42,30,0.1513626169060166,2.1692024957958758
Sensor-only LSTM,3,42,31,0.2536249480104866,1.6557109460890669
Sensor-only LSTM,3,42,32,0.1701983591510319,1.7272543571030319
Sensor-only LSTM,3,42,33,0.15060658098087398,2.0761536286062166
Sensor-only LSTM,3,42,34,0.14678105530571137,1.901391252406738
Sensor-only LSTM,3,42,35,0.13906302807072252,2.1322075958896733
Sensor-only LSTM,3,42,36,0.11916965738747735,2.060902862053997
Sensor-only LSTM,3,42,37,0.11519950376595697,2.1963453342204824
Sensor-only LSTM,3,42,38,0.12230707461680841,2.3127143073131955
Sensor-only LSTM,3,42,39,0.11912102712267036,2.143395871017714
Sensor-only LSTM,3,42,40,0.12289800556427842,2.5385169991344774
Sensor-only LSTM,3,42,41,0.191723378073276,1.9374505070270482
Sensor-only LSTM,3,42,42,0.11165452795978978,2.2889982439437
Sensor-only LSTM,3,42,43,0.10242615046324237,2.3952743850913936
Sensor-only LSTM,3,42,44,0.0878007033674633,2.4956127025608748
Sensor-only LSTM,3,42,45,0.08887376053620483,2.270790930220416
Sensor-only LSTM,3,42,46,0.09079803165193613,2.406848409047167
Sensor-only LSTM,3,42,47,0.10086364215667094,2.386004201646121
Sensor-only LSTM,3,42,48,0.17108096300370831,2.0023536659636587
Sensor-only LSTM,3,42,49,0.09741125393898115,2.131565875164868
Sensor-only LSTM,3,42,50,0.103061211923143,2.421596175469692
Sensor-only LSTM,3,42,51,0.07488260262785337,2.7336204315006607
Sensor-only LSTM,3,42,52,0.11522659487689102,2.2274073730974577
Sensor-only LSTM,3,42,53,0.08142984562328467,2.4195596700694324
Sensor-only LSTM,3,42,54,0.0810575773369874,2.1772411748048395
Sensor-only LSTM,3,42,55,0.08266386791767513,2.410251851101841
Sensor-only LSTM,3,42,56,0.09141155857755162,2.970298079949505
Sensor-only LSTM,3,42,57,0.06753760380072331,2.6274037052812815
Sensor-only LSTM,3,42,58,0.07407871687084162,2.401428248741092
Sensor-only LSTM,3,42,59,0.07917162665772602,2.4543530341214352
Sensor-only LSTM,3,42,60,0.055356618379234175,2.542996591085908
Sensor-only LSTM,3,43,1,1.1811168898136244,1.0980158232043125
Sensor-only LSTM,3,43,2,0.7630018546676053,0.8770247650346417
Sensor-only LSTM,3,43,3,0.6071147281824631,0.8822442040753314
Sensor-only LSTM,3,43,4,0.5032851534881359,1.1208650246106353
Sensor-only LSTM,3,43,5,0.39487849355473065,0.7660459953534028
Sensor-only LSTM,3,43,6,0.384394430968375,1.4625259882749002
Sensor-only LSTM,3,43,7,0.3514835253392064,1.5966036322231814
Sensor-only LSTM,3,43,8,0.34382571911593096,1.6460527992598415
Sensor-only LSTM,3,43,9,0.33913014739842956,1.5857572352486335
Sensor-only LSTM,3,43,10,0.35249094073105297,1.4805097753646739
Sensor-only LSTM,3,43,11,0.35537155793712044,1.247560818740157
Sensor-only LSTM,3,43,12,0.33142453171426733,1.653231239543771
Sensor-only LSTM,3,43,13,0.3665308823097007,0.7641065732363135
Sensor-only LSTM,3,43,14,0.41646504041251786,1.105362881716942
Sensor-only LSTM,3,43,15,0.36876943031217707,1.3716673353683024
Sensor-only LSTM,3,43,16,0.3270100713505293,1.5625713337642342
Sensor-only LSTM,3,43,17,0.30812047931396996,1.6539155963331897
Sensor-only LSTM,3,43,18,0.3418972052200854,1.3415110622936826
Sensor-only LSTM,3,43,19,0.3190888009486942,1.6192124853344083
Sensor-only LSTM,3,43,20,0.3192154831295713,1.7679116474757404
Sensor-only LSTM,3,43,21,0.2754184444380827,1.8377243752124675
Sensor-only LSTM,3,43,22,0.2655564312905711,1.9963828422738321
Sensor-only LSTM,3,43,23,0.2550512460302505,2.160663504395595
Sensor-only LSTM,3,43,24,0.31016202026277506,2.057832493347192
Sensor-only LSTM,3,43,25,0.2516185799687645,2.3881740998671988
Sensor-only LSTM,3,43,26,0.26622604894528695,2.0686951565792477
Sensor-only LSTM,3,43,27,0.24953414086218273,2.278996971230837
Sensor-only LSTM,3,43,28,0.24269503153154245,2.3030156403217674
Sensor-only LSTM,3,43,29,0.23196041734393583,2.433076870953762
Sensor-only LSTM,3,43,30,0.2321846963251038,2.3709939815713175
Sensor-only LSTM,3,43,31,0.24138704138702574,2.6633216005826146
Sensor-only LSTM,3,43,32,0.21794893774645407,2.4919164759932824
Sensor-only LSTM,3,43,33,0.21648146497820495,2.509260598218666
Sensor-only LSTM,3,43,34,0.2159747985069176,2.099204197119867
Sensor-only LSTM,3,43,35,0.2175645375060379,2.9272801305013134
Sensor-only LSTM,3,43,36,0.21392752647553698,2.8110311075076617
Sensor-only LSTM,3,43,37,0.20866751050183532,2.576366155808577
Sensor-only LSTM,3,43,38,0.21260592128443517,2.808300071542368
Sensor-only LSTM,3,43,39,0.2110869491319044,2.581426805607678
Sensor-only LSTM,3,43,40,0.18925885656558045,2.983565245659346
Sensor-only LSTM,3,43,41,0.20119527116281177,2.605780058874274
Sensor-only LSTM,3,43,42,0.1694188231448515,3.1082692442450135
Sensor-only LSTM,3,43,43,0.18557862258467836,2.7117478474818437
Sensor-only LSTM,3,43,44,0.24215409793757153,2.088650701555816
Sensor-only LSTM,3,43,45,0.2043712056193512,2.5629749112534075
Sensor-only LSTM,3,43,46,0.2077086631721313,2.3253031298361986
Sensor-only LSTM,3,43,47,0.18689636105062035,2.876378628068
Sensor-only LSTM,3,43,48,0.1871885980955049,3.0244165026041947
Sensor-only LSTM,3,43,49,0.18312158525582484,2.836842345928996
Sensor-only LSTM,3,43,50,0.20132133362854657,2.2573668121416866
Sensor-only LSTM,3,43,51,0.18063678458925417,2.47169532640925
Sensor-only LSTM,3,43,52,0.17673637417660576,2.5517304781472907
Sensor-only LSTM,3,43,53,0.16301996429487836,2.7996798471959634
Sensor-only LSTM,3,43,54,0.16203172755077344,2.689879471151084
Sensor-only LSTM,3,43,55,0.15615683172655717,3.092624357911276
Sensor-only LSTM,3,43,56,0.16323528683513677,2.4919021095869676
Sensor-only LSTM,3,43,57,0.16060129443713284,3.0478992688330964
Sensor-only LSTM,3,43,58,0.15553065243587239,2.4662167104097783
Sensor-only LSTM,3,43,59,0.1548261631109299,2.915174037311812
Sensor-only LSTM,3,43,60,0.1714474618115921,3.1958521723247424
Sensor-only LSTM,3,44,1,1.1978121282857492,1.1695820562994454
Sensor-only LSTM,3,44,2,0.7142062672416734,0.6970946533874895
Sensor-only LSTM,3,44,3,0.5699163779935341,0.9178091540026715
Sensor-only LSTM,3,44,4,0.48118232353747076,0.891231402411151
Sensor-only LSTM,3,44,5,0.4219378659575722,0.8734187076426652
Sensor-only LSTM,3,44,6,0.3871678177369844,1.222961418721161
Sensor-only LSTM,3,44,7,0.3707726161049776,2.7073201818286248
Sensor-only LSTM,3,44,8,0.40629252120624626,1.5313426741014238
Sensor-only LSTM,3,44,9,0.3550089420528587,1.486534342575873
Sensor-only LSTM,3,44,10,0.3529182047745503,1.9641363290870715
Sensor-only LSTM,3,44,11,0.3434535016661755,1.7385329198037553
Sensor-only LSTM,3,44,12,0.32987902958732135,1.86903318400403
Sensor-only LSTM,3,44,13,0.326734832895276,1.8869208096833099
Sensor-only LSTM,3,44,14,0.32800374111268865,2.1864268914708553
Sensor-only LSTM,3,44,15,0.37101063788483996,1.741023082028395
Sensor-only LSTM,3,44,16,0.3428595559677217,1.4838615112334677
Sensor-only LSTM,3,44,17,0.37438354801147355,1.902629753203762
Sensor-only LSTM,3,44,18,0.3181526256548611,2.2389948400561415
Sensor-only LSTM,3,44,19,0.3241218541170661,1.9901704099693138
Sensor-only LSTM,3,44,20,0.3226026229446452,1.7250335192155537
Sensor-only LSTM,3,44,21,0.29898278997578753,2.167063212119808
Sensor-only LSTM,3,44,22,0.2852016260135429,2.2549940548852803
Sensor-only LSTM,3,44,23,0.27295959713991264,2.3461134902648704
Sensor-only LSTM,3,44,24,0.2567223358409485,2.643478985540022
Sensor-only LSTM,3,44,25,0.2495658913701317,2.6079208567207464
Sensor-only LSTM,3,44,26,0.34852519208502697,2.121649401430314
Sensor-only LSTM,3,44,27,0.2941156175249578,2.1426731630753673
Sensor-only LSTM,3,44,28,0.26411255698320696,2.326949292836824
Sensor-only LSTM,3,44,29,0.2568432426860482,2.488868999812338
Sensor-only LSTM,3,44,30,0.3132508736867059,1.939038817659489
Sensor-only LSTM,3,44,31,0.257772486572601,2.086773020588252
Sensor-only LSTM,3,44,32,0.2348160592104317,2.608764297651045
Sensor-only LSTM,3,44,33,0.23924491271791007,2.381694151951582
Sensor-only LSTM,3,44,34,0.2229622528321517,2.2889644666662754
Sensor-only LSTM,3,44,35,0.2244818192601933,2.169225775314577
Sensor-only LSTM,3,44,36,0.22175238128831262,2.551798113986881
Sensor-only LSTM,3,44,37,0.22263788929043923,2.1025734763412856
Sensor-only LSTM,3,44,38,0.19997539571301287,2.7665056806815245
Sensor-only LSTM,3,44,39,0.20398494300492312,2.8679720678481915
Sensor-only LSTM,3,44,40,0.20519451203696223,3.0177293590717094
Sensor-only LSTM,3,44,41,0.18891210469135314,2.8387835213535735
Sensor-only LSTM,3,44,42,0.18547562745140597,2.9257218052225045
Sensor-only LSTM,3,44,43,0.18499730030695596,2.5967237350357153
Sensor-only LSTM,3,44,44,0.18333615447403095,3.006750810040118
Sensor-only LSTM,3,44,45,0.18772784042021184,3.108632592347683
Sensor-only LSTM,3,44,46,0.17338667202524455,3.324533370774497
Sensor-only LSTM,3,44,47,0.18242499979856547,3.2540413851945407
Sensor-only LSTM,3,44,48,0.1666963457810587,3.3887934188985223
Sensor-only LSTM,3,44,49,0.17185377222727927,3.0807811591297827
Sensor-only LSTM,3,44,50,0.16819765693095118,3.4489635974168777
Sensor-only LSTM,3,44,51,0.15876728584277885,3.6965803428703383
Sensor-only LSTM,3,44,52,0.16564275372648093,3.30576350104134
Sensor-only LSTM,3,44,53,0.17098484327532465,3.492922060394687
Sensor-only LSTM,3,44,54,0.16346410347963328,3.6420875077352584
Sensor-only LSTM,3,44,55,0.16086589061293396,3.673085605479636
Sensor-only LSTM,3,44,56,0.16944827567458448,3.3507719702971808
Sensor-only LSTM,3,44,57,0.16647025461590617,3.3241839543203637
Sensor-only LSTM,3,44,58,0.1547754378744404,3.676355134703578
Sensor-only LSTM,3,44,59,0.16553978491916296,3.4881305169759305
Sensor-only LSTM,3,44,60,0.16341551495801418,3.763106777170669
Sensor-only LSTM,3,45,1,1.145206270925131,1.150569596880387
Sensor-only LSTM,3,45,2,0.8007293815641957,0.9646382296860093
Sensor-only LSTM,3,45,3,0.5984454043414614,0.9651491337102415
Sensor-only LSTM,3,45,4,0.4506279926963538,0.9146075055034405
Sensor-only LSTM,3,45,5,0.3801612236813303,1.3358068636753275
Sensor-only LSTM,3,45,6,0.37705163964346644,1.4634249718933985
Sensor-only LSTM,3,45,7,0.3630618017246599,1.1649840490997962
Sensor-only LSTM,3,45,8,0.37005378821756496,1.316890253835754
Sensor-only LSTM,3,45,9,0.36360929336752,1.455653898496048
Sensor-only LSTM,3,45,10,0.32932568715845406,1.5898513065444098
Sensor-only LSTM,3,45,11,0.3231091944540677,1.7545997095870272
Sensor-only LSTM,3,45,12,0.323797974145376,1.5824092132365428
Sensor-only LSTM,3,45,13,0.3253610393983691,1.8327057097318038
Sensor-only LSTM,3,45,14,0.3266577813238908,1.9362714022897825
Sensor-only LSTM,3,45,15,0.5240817047222674,1.5127690500683255
Sensor-only LSTM,3,45,16,0.32444547019238135,2.028882636026766
Sensor-only LSTM,3,45,17,0.31123146576983485,2.330006277973547
Sensor-only LSTM,3,45,18,0.3316990575852835,2.0364498388592303
Sensor-only LSTM,3,45,19,0.33182029036081623,2.2333265057524794
Sensor-only LSTM,3,45,20,0.31014258463266065,2.2649906631285788
Sensor-only LSTM,3,45,21,0.2890054061644303,2.409214949332943
Sensor-only LSTM,3,45,22,0.28122830458828435,2.1601068252225093
Sensor-only LSTM,3,45,23,0.27124866717224455,2.3956796708096997
Sensor-only LSTM,3,45,24,0.2702920667257513,2.2306168315545567
Sensor-only LSTM,3,45,25,0.2529896577609424,2.774998664855957
Sensor-only LSTM,3,45,26,0.24977567396397254,2.121968855398006
Sensor-only LSTM,3,45,27,0.24602883106342513,2.5307333875814573
Sensor-only LSTM,3,45,28,0.2439237505470941,2.365406925573289
Sensor-only LSTM,3,45,29,0.2282135713173344,2.866375315270584
Sensor-only LSTM,3,45,30,0.29267781243776325,2.4622794251334494
Sensor-only LSTM,3,45,31,0.23186563243719233,2.9931506617951444
Sensor-only LSTM,3,45,32,0.22251078940312796,2.633331921490483
Sensor-only LSTM,3,45,33,0.2122819947357936,2.889488050397837
Sensor-only LSTM,3,45,34,0.19930035418144423,3.1938693361899637
Sensor-only LSTM,3,45,35,0.25108629937656796,2.676167370325864
Sensor-only LSTM,3,45,36,0.18080873657074908,2.972946447552625
Sensor-only LSTM,3,45,37,0.23570808563666243,2.8480749991205006
Sensor-only LSTM,3,45,38,0.19531685613346392,2.4556569388015217
Sensor-only LSTM,3,45,39,0.21942534162363875,2.2607140899391793
Sensor-only LSTM,3,45,40,0.22008467731023326,2.486110288142158
Sensor-only LSTM,3,45,41,0.17884938151829105,2.9601822709762327
Sensor-only LSTM,3,45,42,0.2538573420558136,2.340382043077011
Sensor-only LSTM,3,45,43,0.17696932993077358,2.70944033191389
Sensor-only LSTM,3,45,44,0.16083107771129784,2.727692722993077
Sensor-only LSTM,3,45,45,0.15220735391619009,2.9252551290161706
Sensor-only LSTM,3,45,46,0.13847972592281957,3.0239644160872987
Sensor-only LSTM,3,45,47,0.13979630254277395,2.979441699148224
Sensor-only LSTM,3,45,48,0.122122376004308,2.981960319935401
Sensor-only LSTM,3,45,49,0.17088987398038216,3.036072077053898
Sensor-only LSTM,3,45,50,0.12723442959721665,3.0042643803845412
Sensor-only LSTM,3,45,51,0.10924576670614951,3.3459050136792086
Sensor-only LSTM,3,45,52,0.10832598672365194,3.38008398503315
Sensor-only LSTM,3,45,53,0.11862671890720405,3.3361826545287476
Sensor-only LSTM,3,45,54,0.10387798215039018,3.38204380141989
Sensor-only LSTM,3,45,55,0.09468255931858988,3.549646940121361
Sensor-only LSTM,3,45,56,0.10110064495913115,3.224281248931365
Sensor-only LSTM,3,45,57,0.112884184353008,3.610327989675214
Sensor-only LSTM,3,45,58,0.07970122905955038,3.3854764195108316
Sensor-only LSTM,3,45,59,0.07115448510889477,3.2906203468328252
Sensor-only LSTM,3,45,60,0.09071636369013276,3.806798288032444
Sensor-only LSTM,3,46,1,1.1649686843247953,1.1684049835245065
Sensor-only LSTM,3,46,2,0.6657347608596906,0.8593231422096428
Sensor-only LSTM,3,46,3,0.5016347452770314,0.7271392367920786
Sensor-only LSTM,3,46,4,0.42268941798888215,1.034022367600375
Sensor-only LSTM,3,46,5,0.38539957665704444,1.3045714012731795
Sensor-only LSTM,3,46,6,0.3833149793418267,1.0130318797484383
Sensor-only LSTM,3,46,7,0.37381415757199676,1.1588734132813707
Sensor-only LSTM,3,46,8,0.3630238129219057,1.233230827676925
Sensor-only LSTM,3,46,9,0.35679535074700636,1.6222990408883404
Sensor-only LSTM,3,46,10,0.3471926443164866,1.2259809958984766
Sensor-only LSTM,3,46,11,0.3501514742635077,1.311640022623214
Sensor-only LSTM,3,46,12,0.3389823462711562,1.4981400020717326
Sensor-only LSTM,3,46,13,0.3313832308174273,1.9181117044929687
Sensor-only LSTM,3,46,14,0.330490947184395,1.9239045680194031
Sensor-only LSTM,3,46,15,0.3039824410338832,1.6621741213888492
Sensor-only LSTM,3,46,16,0.3249632914861043,2.2053770951504976
Sensor-only LSTM,3,46,17,0.31446596710324654,1.959740207692612
Sensor-only LSTM,3,46,18,0.3080895975049847,2.237680017198407
Sensor-only LSTM,3,46,19,0.30374429371743394,2.0397448801519484
Sensor-only LSTM,3,46,20,0.28146861798446116,2.169906939350584
Sensor-only LSTM,3,46,21,0.2806029802159796,2.0935657620429993
Sensor-only LSTM,3,46,22,0.2823439156608115,2.1975250631508336
Sensor-only LSTM,3,46,23,0.2688539566819639,2.2658392000373304
Sensor-only LSTM,3,46,24,0.26100370751562835,2.555520201066755
Sensor-only LSTM,3,46,25,0.25907215430466773,2.5310221704297096
Sensor-only LSTM,3,46,26,0.24913553966477012,2.2082947528837114
Sensor-only LSTM,3,46,27,0.24781654458891725,2.776771478058157
Sensor-only LSTM,3,46,28,0.24572306761592172,2.665338808854171
Sensor-only LSTM,3,46,29,0.25639490738556653,2.4572995940469347
Sensor-only LSTM,3,46,30,0.24621325432342855,2.4672111022897236
Sensor-only LSTM,3,46,31,0.260984190633173,2.213178455767142
Sensor-only LSTM,3,46,32,0.23078549894808995,2.676187234917027
Sensor-only LSTM,3,46,33,0.2353788566425306,3.0313850493800967
Sensor-only LSTM,3,46,34,0.21730068714246836,2.9495461349779704
Sensor-only LSTM,3,46,35,0.22389683702715676,2.9672400299889237
Sensor-only LSTM,3,46,36,0.20665406716890655,2.8346947742708073
Sensor-only LSTM,3,46,37,0.21327004889738305,3.0422999114110536
Sensor-only LSTM,3,46,38,0.19767721761815502,2.844036344649657
Sensor-only LSTM,3,46,39,0.24179140522574796,1.711269926240734
Sensor-only LSTM,3,46,40,0.21124196907431342,2.4906335487743094
Sensor-only LSTM,3,46,41,0.1824600596026452,2.4923039806901284
Sensor-only LSTM,3,46,42,0.1858709954602547,2.4657967384256407
Sensor-only LSTM,3,46,43,0.17344010016604666,3.0412459388156607
Sensor-only LSTM,3,46,44,0.17640875283805282,3.0421758267239705
Sensor-only LSTM,3,46,45,0.17128196604299253,2.72632995429029
Sensor-only LSTM,3,46,46,0.17106353585915895,3.114277583513745
Sensor-only LSTM,3,46,47,0.17512162646523674,2.7280070768899636
Sensor-only LSTM,3,46,48,0.1582052896534084,2.8034433291393257
Sensor-only LSTM,3,46,49,0.1637060311637158,3.0766106732111558
Sensor-only LSTM,3,46,50,0.16033728006053774,3.1337527847327524
Sensor-only LSTM,3,46,51,0.16842584795908097,3.22381015112565
Sensor-only LSTM,3,46,52,0.18890903402940123,2.970932696412944
Sensor-only LSTM,3,46,53,0.16615668750319643,2.8544591818340668
Sensor-only LSTM,3,46,54,0.16463846822442993,3.0799290402880253
Sensor-only LSTM,3,46,55,0.16491551602697882,3.404585512960232
Sensor-only LSTM,3,46,56,0.15889276393692064,2.9919749936498934
Sensor-only LSTM,3,46,57,0.21684708512795445,2.97074947242217
Sensor-only LSTM,3,46,58,0.16141961525430737,3.386519957138557
Sensor-only LSTM,3,46,59,0.1639816543286729,3.2434245417015606
Sensor-only LSTM,3,46,60,0.1609081711289715,3.3233873053791636
Sensor-only LSTM,3,47,1,1.1519045919817887,0.9779410537183909
Sensor-only LSTM,3,47,2,0.6325167415976889,0.7613592070353606
Sensor-only LSTM,3,47,3,0.5127455328582624,0.7936625475653563
Sensor-only LSTM,3,47,4,0.46964453498886993,0.9095109238814508
Sensor-only LSTM,3,47,5,0.4060630243579182,0.7450468756992612
Sensor-only LSTM,3,47,6,0.373881331268436,0.8249997316041583
Sensor-only LSTM,3,47,7,0.361994955982637,1.3770799419415072
Sensor-only LSTM,3,47,8,0.35498257164789265,1.3021435640143149
Sensor-only LSTM,3,47,9,0.3498830622124745,1.7165426153931729
Sensor-only LSTM,3,47,10,0.39487825384198344,1.6379956749250304
Sensor-only LSTM,3,47,11,0.44109971189717634,1.6233474578497544
Sensor-only LSTM,3,47,12,0.33913583652050855,1.8442345487746552
Sensor-only LSTM,3,47,13,0.3300457530794523,1.8676559514594528
Sensor-only LSTM,3,47,14,0.32398623547969607,1.8470443801435035
Sensor-only LSTM,3,47,15,0.3303438378173277,1.9824175142392173
Sensor-only LSTM,3,47,16,0.32246410265245934,1.9946321990629912
Sensor-only LSTM,3,47,17,0.3205008873334354,2.0778359256575443
Sensor-only LSTM,3,47,18,0.31325480483403995,2.082889806174632
Sensor-only LSTM,3,47,19,0.3108916510864864,2.4091572199227675
Sensor-only LSTM,3,47,20,0.3060011054990124,2.3187279806197063
Sensor-only LSTM,3,47,21,0.2915811124562488,2.265846046761647
Sensor-only LSTM,3,47,22,0.3013904749800306,2.177646971598611
Sensor-only LSTM,3,47,23,0.31651535930983515,2.2191544302604482
Sensor-only LSTM,3,47,24,0.26960526215373926,2.4795009642527037
Sensor-only LSTM,3,47,25,0.2744475392938025,2.472556288262333
Sensor-only LSTM,3,47,26,0.2601197280650474,2.2898703301227816
Sensor-only LSTM,3,47,27,0.2590983902915902,2.417694330965198
Sensor-only LSTM,3,47,28,0.24695119289311065,2.5996996358005755
Sensor-only LSTM,3,47,29,0.25562221504041543,2.5589540612647617
Sensor-only LSTM,3,47,30,0.2548744469972196,2.351150895751997
Sensor-only LSTM,3,47,31,0.2351218747071899,2.636516116949997
Sensor-only LSTM,3,47,32,0.24378367230888537,2.5780374997566833
Sensor-only LSTM,3,47,33,0.2314935463466411,2.7144448430408223
Sensor-only LSTM,3,47,34,0.22294375087143084,2.684127719116161
Sensor-only LSTM,3,47,35,0.25416712449231277,2.0047705378422447
Sensor-only LSTM,3,47,36,0.23076900542693765,2.396037277810479
Sensor-only LSTM,3,47,37,0.20384022362006185,2.7426471037309876
Sensor-only LSTM,3,47,38,0.21199359208436552,2.603971214820504
Sensor-only LSTM,3,47,39,0.23575065781444948,2.71548080253776
Sensor-only LSTM,3,47,40,0.20917011785580114,2.7065023459353537
Sensor-only LSTM,3,47,41,0.2021873835029952,2.337473163627229
Sensor-only LSTM,3,47,42,0.2022431067666694,2.693815019458095
Sensor-only LSTM,3,47,43,0.2294691248406693,2.5514250708201147
Sensor-only LSTM,3,47,44,0.2036217264580435,2.778350557733632
Sensor-only LSTM,3,47,45,0.19817836714811646,2.6639183423554122
Sensor-only LSTM,3,47,46,0.18840451140173167,2.7861588793793066
Sensor-only LSTM,3,47,47,0.195204471269856,2.5305814535925224
Sensor-only LSTM,3,47,48,0.178496295951922,2.8722841408205233
Sensor-only LSTM,3,47,49,0.1952797556962442,3.0403517653357306
Sensor-only LSTM,3,47,50,0.19447035101962928,2.848108721854052
Sensor-only LSTM,3,47,51,0.17901071521484888,2.9964288532484002
Sensor-only LSTM,3,47,52,0.18457509234023567,2.745469869776342
Sensor-only LSTM,3,47,53,0.18795054643799405,2.8807090477436095
Sensor-only LSTM,3,47,54,0.203513495357485,2.6166860017324143
Sensor-only LSTM,3,47,55,0.1736825414753835,3.1070061097042614
Sensor-only LSTM,3,47,56,0.2898076160056146,1.8898807302336023
Sensor-only LSTM,3,47,57,0.1949218385627875,2.225261688544815
Sensor-only LSTM,3,47,58,0.18567528939757508,2.511213204395846
Sensor-only LSTM,3,47,59,0.18485356848629972,2.5653230641935356
Sensor-only LSTM,3,47,60,0.1690478637541106,2.9374663041322737
Sensor-only LSTM,3,48,1,1.1762749462317255,1.1607303229517907
Sensor-only LSTM,3,48,2,0.7540649920428565,0.9855353962200493
Sensor-only LSTM,3,48,3,0.5331384019385055,0.878192036031927
Sensor-only LSTM,3,48,4,0.4470068990455126,0.7844793372933969
Sensor-only LSTM,3,48,5,0.3918643455986583,1.1783377819341183
Sensor-only LSTM,3,48,6,0.3821380047349755,1.066691693145024
Sensor-only LSTM,3,48,7,0.3831646126709218,0.7286206898699267
Sensor-only LSTM,3,48,8,0.4609690819493857,0.8915346362305887
Sensor-only LSTM,3,48,9,0.40303120018874466,1.3536956159698639
Sensor-only LSTM,3,48,10,0.4064757965938032,1.1418094971144974
Sensor-only LSTM,3,48,11,0.44265997168303267,1.2554002156797446
Sensor-only LSTM,3,48,12,0.38226439096147496,1.6363640097702075
Sensor-only LSTM,3,48,13,0.360653900626238,1.410635646721602
Sensor-only LSTM,3,48,14,0.36535025096814566,1.1561451126944344
Sensor-only LSTM,3,48,15,0.3526160017749585,1.4938552373985075
Sensor-only LSTM,3,48,16,0.3365946345008477,1.5836095278243099
Sensor-only LSTM,3,48,17,0.4018047863190327,1.4045547357520218
Sensor-only LSTM,3,48,18,0.3588646612947505,1.309325199394606
Sensor-only LSTM,3,48,19,0.35171268246954007,1.757762534438439
Sensor-only LSTM,3,48,20,0.3802897372559305,1.4993532779831555
Sensor-only LSTM,3,48,21,0.33997345769077264,1.6328555611069597
Sensor-only LSTM,3,48,22,0.3393109705834578,2.1161419425620474
Sensor-only LSTM,3,48,23,0.3509148309423107,1.7250026859327432
Sensor-only LSTM,3,48,24,0.3286197317667328,1.728315310095841
Sensor-only LSTM,3,48,25,0.3206348984248777,1.9002993629163667
Sensor-only LSTM,3,48,26,0.3141174431058609,1.819508291765329
Sensor-only LSTM,3,48,27,0.3238689194214089,1.9581384238956858
Sensor-only LSTM,3,48,28,0.3118734179742475,1.999467146721526
Sensor-only LSTM,3,48,29,0.29608722680934707,1.9744649351392902
Sensor-only LSTM,3,48,30,0.31651355736071546,1.9833084347987824
Sensor-only LSTM,3,48,31,0.28103066713802677,2.122380413599234
Sensor-only LSTM,3,48,32,0.2771503284049508,2.2369799771398866
Sensor-only LSTM,3,48,33,0.2899916376542608,2.3051677196905547
Sensor-only LSTM,3,48,34,0.26618086505874944,2.3895584301128827
Sensor-only LSTM,3,48,35,0.2719694042424543,2.244663563601876
Sensor-only LSTM,3,48,36,0.2795328658928565,2.1387251531802884
Sensor-only LSTM,3,48,37,0.26456030428591853,2.3172278725376168
Sensor-only LSTM,3,48,38,0.26913421905004287,2.373508638305984
Sensor-only LSTM,3,48,39,0.2645284935604177,2.2578587749469206
Sensor-only LSTM,3,48,40,0.34500586619481033,2.238824362025071
Sensor-only LSTM,3,48,41,0.2670205405409183,2.1823788207157104
Sensor-only LSTM,3,48,42,0.2648062434628469,2.3261285224925548
Sensor-only LSTM,3,48,43,0.25904606626759247,2.3992211908664345
Sensor-only LSTM,3,48,44,0.2464228344619821,2.161951353340029
Sensor-only LSTM,3,48,45,0.2589965676028703,2.298848573641707
Sensor-only LSTM,3,48,46,0.2412932339246849,2.347047758989614
Sensor-only LSTM,3,48,47,0.2559633405486105,2.4409974813461304
Sensor-only LSTM,3,48,48,0.2423779391185224,2.5445183957272857
Sensor-only LSTM,3,48,49,0.24143857910961414,2.672098156978499
Sensor-only LSTM,3,48,50,0.23094232070518925,2.7544437151410044
Sensor-only LSTM,3,48,51,0.23261882831493466,2.7909965723190666
Sensor-only LSTM,3,48,52,0.2348309276346402,2.7713510261641607
Sensor-only LSTM,3,48,53,0.23352164622475977,2.4355825048947484
Sensor-only LSTM,3,48,54,0.23849848039015353,2.744008245645579
Sensor-only LSTM,3,48,55,0.22630262602496584,2.4315262053247766
Sensor-only LSTM,3,48,56,0.217752434135577,2.0635541506908224
Sensor-only LSTM,3,48,57,0.24743963288604667,2.2078106259649903
Sensor-only LSTM,3,48,58,0.2146525999639377,2.4215900674306123
Sensor-only LSTM,3,48,59,0.2002093952889654,2.5201861912724355
Sensor-only LSTM,3,48,60,0.2068860830334713,2.565630077565991
Sensor-only LSTM,3,49,1,1.137306904646964,1.2252122316220522
Sensor-only LSTM,3,49,2,0.8505581755156911,0.923201544479754
Sensor-only LSTM,3,49,3,0.7011863833720531,0.8849586435833817
Sensor-only LSTM,3,49,4,0.5128517145046035,1.047633683406582
Sensor-only LSTM,3,49,5,0.4054213532796329,1.4390893409836967
Sensor-only LSTM,3,49,6,0.39150112874646437,1.8345202025127612
Sensor-only LSTM,3,49,7,0.4404331056714422,1.2294052916752718
Sensor-only LSTM,3,49,8,0.3745612911128123,1.4359019693588562
Sensor-only LSTM,3,49,9,0.3525970267957868,1.5572821474175282
Sensor-only LSTM,3,49,10,0.3541770363346152,1.684234973769518
Sensor-only LSTM,3,49,11,0.3533510232008196,1.861824552842906
Sensor-only LSTM,3,49,12,0.35210012362455373,2.009257790614974
Sensor-only LSTM,3,49,13,0.3350845153178644,1.6862375643143364
Sensor-only LSTM,3,49,14,0.3606161659919523,1.8999496597164083
Sensor-only LSTM,3,49,15,0.32371939431636704,1.9858586170888297
Sensor-only LSTM,3,49,16,0.330712786098139,1.9940869243389905
Sensor-only LSTM,3,49,17,0.3333697092186785,2.148926928483215
Sensor-only LSTM,3,49,18,0.3212378665896002,1.7172602308246325
Sensor-only LSTM,3,49,19,0.3291225075174909,2.0666966494524255
Sensor-only LSTM,3,49,20,0.3089838456154576,2.1563152187900223
Sensor-only LSTM,3,49,21,0.3276651683568225,1.7039661458078421
Sensor-only LSTM,3,49,22,0.31946010261500646,2.2912580865734027
Sensor-only LSTM,3,49,23,0.3402126149846873,1.8707184091803912
Sensor-only LSTM,3,49,24,0.3053730651508413,1.970994615017493
Sensor-only LSTM,3,49,25,0.30319878358724284,2.1203517718260145
Sensor-only LSTM,3,49,26,0.2986751996413648,2.069203777883038
Sensor-only LSTM,3,49,27,0.2927411920843868,1.91600877190286
Sensor-only LSTM,3,49,28,0.31493990798608973,2.5385231525643066
Sensor-only LSTM,3,49,29,0.3151197355092483,2.6184128938980824
Sensor-only LSTM,3,49,30,0.292272218834005,2.5067689069537
Sensor-only LSTM,3,49,31,0.3154794271750552,2.1157797013938553
Sensor-only LSTM,3,49,32,0.30769525908548895,2.2375518517799096
Sensor-only LSTM,3,49,33,0.2897710731361255,2.502452291220239
Sensor-only LSTM,3,49,34,0.30790766511761813,2.178695722633438
Sensor-only LSTM,3,49,35,0.2763883197344042,2.2060892290789127
Sensor-only LSTM,3,49,36,0.2698896002696559,2.1597725813368833
Sensor-only LSTM,3,49,37,0.27226750828804225,2.2371894053693087
Sensor-only LSTM,3,49,38,0.25973437806243926,2.348783120481723
Sensor-only LSTM,3,49,39,0.2589678298602228,2.1791375290672734
Sensor-only LSTM,3,49,40,0.2609603978989686,2.3898916201396556
Sensor-only LSTM,3,49,41,0.26380628495041386,2.516357140596058
Sensor-only LSTM,3,49,42,0.2691418964791735,2.4431695797533357
Sensor-only LSTM,3,49,43,0.24391907102197682,2.240190675611016
Sensor-only LSTM,3,49,44,0.24817753170790657,2.455350582517168
Sensor-only LSTM,3,49,45,0.24625584923346108,2.505240040192814
Sensor-only LSTM,3,49,46,0.2385941255142747,2.9462267200401993
Sensor-only LSTM,3,49,47,0.23687787424169185,2.48234288447558
Sensor-only LSTM,3,49,48,0.2454908619597782,3.2080387656793654
Sensor-only LSTM,3,49,49,0.28688017782450453,2.198831969587058
Sensor-only LSTM,3,49,50,0.23632884583569813,2.4941517977469623
Sensor-only LSTM,3,49,51,0.21998881465251294,2.695548056931366
Sensor-only LSTM,3,49,52,0.2930539806319304,1.8022764803728468
Sensor-only LSTM,3,49,53,0.2524681973530247,2.11271163746246
Sensor-only LSTM,3,49,54,0.24026635507013455,2.5309117257720017
Sensor-only LSTM,3,49,55,0.23476606089769883,2.693925538043681
Sensor-only LSTM,3,49,56,0.2319922237038977,2.6904828256031252
Sensor-only LSTM,3,49,57,0.21192144141318875,2.832197646299998
Sensor-only LSTM,3,49,58,0.21339796827109217,2.3636540297254824
Sensor-only LSTM,3,49,59,0.2341641962710506,2.6171310942315453
Sensor-only LSTM,3,49,60,0.23897670875175284,2.3961566699750767
Sensor-only LSTM,3,50,1,1.1334107185357936,1.1765350270821113
Sensor-only LSTM,3,50,2,0.7359255585876444,0.8531584914625315
Sensor-only LSTM,3,50,3,0.5970852064065613,1.1027422371150564
Sensor-only LSTM,3,50,4,0.4360400957889878,1.1746592309240025
Sensor-only LSTM,3,50,5,0.3872336710082646,1.2045845441848226
Sensor-only LSTM,3,50,6,0.3710985618082391,1.523607314007837
Sensor-only LSTM,3,50,7,0.507433308082254,0.9520323421470274
Sensor-only LSTM,3,50,8,0.35971306978015727,1.423164155248326
Sensor-only LSTM,3,50,9,0.39493003537713206,1.2122496337760669
Sensor-only LSTM,3,50,10,0.3584335810547575,2.900913542421609
Sensor-only LSTM,3,50,11,0.4286916460101393,1.3577970042668548
Sensor-only LSTM,3,50,12,0.3508823104954641,1.6402992243786778
Sensor-only LSTM,3,50,13,0.33216752068165245,1.7461367929881473
Sensor-only LSTM,3,50,14,0.31906284522208234,1.3747527698675792
Sensor-only LSTM,3,50,15,0.3129591356359126,1.8133090693245895
Sensor-only LSTM,3,50,16,0.3210881632037848,1.4310842253876932
Sensor-only LSTM,3,50,17,0.30861750458586473,1.852993355357172
Sensor-only LSTM,3,50,18,0.29794197035127457,1.6468981238281202
Sensor-only LSTM,3,50,19,0.28908966252927754,1.9100446373036823
Sensor-only LSTM,3,50,20,0.2893803252357226,2.3186409792060374
Sensor-only LSTM,3,50,21,0.2874501225233807,2.1855994107463323
Sensor-only LSTM,3,50,22,0.2790681311387899,1.7840439213646784
Sensor-only LSTM,3,50,23,0.28866988308613817,1.7393332371796701
Sensor-only LSTM,3,50,24,0.26705961119873445,2.3937684206342795
Sensor-only LSTM,3,50,25,0.27850651135867527,2.125824887735039
Sensor-only LSTM,3,50,26,0.2639394490634994,2.2598014287728683
Sensor-only LSTM,3,50,27,0.2681903310871999,2.2448168255123204
Sensor-only LSTM,3,50,28,0.2650754835080663,2.4572791237251312
Sensor-only LSTM,3,50,29,0.26475173233116805,2.214740662642245
Sensor-only LSTM,3,50,30,0.2494011663151079,2.1741594510383324
Sensor-only LSTM,3,50,31,0.23664624071267037,2.3476862173910162
Sensor-only LSTM,3,50,32,0.24589925948815244,2.657323048799543
Sensor-only LSTM,3,50,33,0.2974983453203779,1.5027541268921498
Sensor-only LSTM,3,50,34,0.2761834195994456,1.58652251821394
Sensor-only LSTM,3,50,35,0.2979002283117093,1.8662944396086958
Sensor-only LSTM,3,50,36,0.2426154988097306,1.8187548900550266
Sensor-only LSTM,3,50,37,0.22205489913987092,1.9401866033891961
Sensor-only LSTM,3,50,38,0.2530123462598623,2.005365115354146
Sensor-only LSTM,3,50,39,0.20322192707967685,2.163598596487405
Sensor-only LSTM,3,50,40,0.2063176896685125,2.334166897292907
Sensor-only LSTM,3,50,41,0.17454282293261372,2.345692938603695
Sensor-only LSTM,3,50,42,0.16785788259807893,2.3231733305774145
Sensor-only LSTM,3,50,43,0.15682402710666715,2.4112613689724505
Sensor-only LSTM,3,50,44,0.20727059819282742,2.4145427216273934
Sensor-only LSTM,3,50,45,0.14216660749657073,2.4556246931885273
Sensor-only LSTM,3,50,46,0.186648041137497,2.3273031846532284
Sensor-only LSTM,3,50,47,0.19439569333459988,1.7825608159761008
Sensor-only LSTM,3,50,48,0.18399653985230566,2.06756725613676
Sensor-only LSTM,3,50,49,0.145051561051336,2.2012830296964765
Sensor-only LSTM,3,50,50,0.11418066487194749,2.3550869962766736
Sensor-only LSTM,3,50,51,0.11242940772427332,2.274745734670127
Sensor-only LSTM,3,50,52,0.12254986290902538,2.357621367966104
Sensor-only LSTM,3,50,53,0.10924958936665036,2.511869876858323
Sensor-only LSTM,3,50,54,0.1031077045901744,2.467349290910257
Sensor-only LSTM,3,50,55,0.1052950197403584,2.6398607953539432
Sensor-only LSTM,3,50,56,0.10896868523486551,2.669922949226897
Sensor-only LSTM,3,50,57,0.08817072698464816,2.608455113676109
Sensor-only LSTM,3,50,58,0.08396695869909286,2.8020842162505635
Sensor-only LSTM,3,50,59,0.08237913119341803,2.89711299135625
Sensor-only LSTM,3,50,60,0.08952229655253778,2.762207562506074
Sensor-only LSTM,3,51,1,1.1587429824589954,1.0977322155574583
Sensor-only LSTM,3,51,2,0.7767560978548242,0.9372767842290787
Sensor-only LSTM,3,51,3,0.6767051052700853,1.0694759781755492
Sensor-only LSTM,3,51,4,0.5121351478661237,0.8953950597555133
Sensor-only LSTM,3,51,5,0.4057737806521424,1.1150629524164979
Sensor-only LSTM,3,51,6,0.37334844026179126,1.4345699618697416
Sensor-only LSTM,3,51,7,0.3545622969906356,1.5339972452422608
Sensor-only LSTM,3,51,8,0.35835449547942627,1.571343424747575
Sensor-only LSTM,3,51,9,0.3975871765012041,1.3701648594698317
Sensor-only LSTM,3,51,10,0.3542069373270696,1.5863999939314724
Sensor-only LSTM,3,51,11,0.3866436638963332,1.4682730461316538
Sensor-only LSTM,3,51,12,0.3459842058861292,1.6193719373808966
Sensor-only LSTM,3,51,13,0.33168312368589803,1.875641055264563
Sensor-only LSTM,3,51,14,0.32618812914106093,1.918435867664949
Sensor-only LSTM,3,51,15,0.3203279932089355,1.9536488493533504
Sensor-only LSTM,3,51,16,0.31790597066966764,2.127248565230979
Sensor-only LSTM,3,51,17,0.3319520394007365,2.139871898437196
Sensor-only LSTM,3,51,18,0.3110888323834912,2.2639990331491835
Sensor-only LSTM,3,51,19,0.31098069535847467,1.977930092742858
Sensor-only LSTM,3,51,20,0.30194389400861316,2.34608486500926
Sensor-only LSTM,3,51,21,0.29202662250226424,1.7686640112592489
Sensor-only LSTM,3,51,22,0.2839928796395249,2.3431954605961747
Sensor-only LSTM,3,51,23,0.3185371109925279,2.4612083771193802
Sensor-only LSTM,3,51,24,0.295580861327845,2.2478817245557874
Sensor-only LSTM,3,51,25,0.2694706392169728,2.2424843594338157
Sensor-only LSTM,3,51,26,0.2643731461114475,2.6357101288231664
Sensor-only LSTM,3,51,27,0.2397017217921919,2.720614195885273
Sensor-only LSTM,3,51,28,0.2632457848877535,2.5592158733548858
Sensor-only LSTM,3,51,29,0.24690969269210045,2.9900118166295737
Sensor-only LSTM,3,51,30,0.3762459375624992,1.8912548032946557
Sensor-only LSTM,3,51,31,0.3105867771015984,2.598413349072638
Sensor-only LSTM,3,51,32,0.34956573161327875,2.0354056658234985
Sensor-only LSTM,3,51,33,0.2544327928659019,2.3586444742274733
Sensor-only LSTM,3,51,34,0.22717011143034752,2.688751577612489
Sensor-only LSTM,3,51,35,0.21916199822950003,2.9021216935362957
Sensor-only LSTM,3,51,36,0.2169690551378676,3.0181639706188776
Sensor-only LSTM,3,51,37,0.23239860640958362,2.699055721362432
Sensor-only LSTM,3,51,38,0.211465094641808,3.2422709928306146
Sensor-only LSTM,3,51,39,0.20741045748421905,3.0805765096121616
Sensor-only LSTM,3,51,40,0.20183991051595146,3.015081288617112
Sensor-only LSTM,3,51,41,0.24744031498556107,2.4458724861374943
Sensor-only LSTM,3,51,42,0.31903663556510153,2.4578994705929444
Sensor-only LSTM,3,51,43,0.20784508253273978,3.009637900149797
Sensor-only LSTM,3,51,44,0.21144466219692054,2.8747518189110846
Sensor-only LSTM,3,51,45,0.19562681175664065,3.452497369275903
Sensor-only LSTM,3,51,46,0.20360516838342044,2.8410578649373925
Sensor-only LSTM,3,51,47,0.2168942324794396,2.8226353638577013
Sensor-only LSTM,3,51,48,0.1978284659482174,3.0269499201350993
Sensor-only LSTM,3,51,49,0.19610149110767092,2.9268340230987757
Sensor-only LSTM,3,51,50,0.2386838596530646,3.0204303451741517
Sensor-only LSTM,3,51,51,0.23291196243022924,2.7341568814571047
Sensor-only LSTM,3,51,52,0.197656046546745,3.2831183273337423
Sensor-only LSTM,3,51,53,0.18804600308065386,3.203242995797713
Sensor-only LSTM,3,51,54,0.19132491454071954,3.2474574829359972
Sensor-only LSTM,3,51,55,0.18052137122697423,3.3487031029642753
Sensor-only LSTM,3,51,56,0.17707765600458927,3.4611366600173072
Sensor-only LSTM,3,51,57,0.180523139380904,3.574498946155642
Sensor-only LSTM,3,51,58,0.17811005920262876,3.5678766358261087
Sensor-only LSTM,3,51,59,0.1729134105032008,3.552513289907693
Sensor-only LSTM,3,51,60,0.17199519799754526,3.64861991370499
Sensor-only LSTM,4,42,1,1.1701884102720397,1.100450772409419
Sensor-only LSTM,4,42,2,0.7273735365736376,1.0501998405536517
Sensor-only LSTM,4,42,3,0.5884064279270576,0.9183830140271777
Sensor-only LSTM,4,42,4,0.45165124689094094,0.739207579404803
Sensor-only LSTM,4,42,5,0.39760795748814276,0.8591489297039104
Sensor-only LSTM,4,42,6,0.3554002074426173,0.7341321605556416
Sensor-only LSTM,4,42,7,0.33113164378457616,0.895967140762561
Sensor-only LSTM,4,42,8,0.31913006584368375,0.805657882985329
Sensor-only LSTM,4,42,9,0.3037012826306936,0.918466717567084
Sensor-only LSTM,4,42,10,0.3090700251467647,0.7900665522371448
Sensor-only LSTM,4,42,11,0.3003820345363065,0.8423147083453413
Sensor-only LSTM,4,42,12,0.29710540042936423,0.8373764382843202
Sensor-only LSTM,4,42,13,0.28579388374834724,1.018311070508677
Sensor-only LSTM,4,42,14,0.28520530239325975,0.8067189953612082
Sensor-only LSTM,4,42,15,0.27933222163749905,0.921954032447603
Sensor-only LSTM,4,42,16,0.31634213405759215,1.0878286937747612
Sensor-only LSTM,4,42,17,0.2736955264276952,1.024590703895007
Sensor-only LSTM,4,42,18,0.27895278335879536,0.9954943511346102
Sensor-only LSTM,4,42,19,0.2594992992065284,1.0398184575562208
Sensor-only LSTM,4,42,20,0.2561027924822684,1.0198431845668476
Sensor-only LSTM,4,42,21,0.24885098239697448,1.0938422194285713
Sensor-only LSTM,4,42,22,0.2384379818961918,1.019140799762193
Sensor-only LSTM,4,42,23,0.2574013886248973,0.9911019646209241
Sensor-only LSTM,4,42,24,0.25654486579401187,1.184617415008055
Sensor-only LSTM,4,42,25,0.24676896654852865,1.292464062969827
Sensor-only LSTM,4,42,26,0.2212333943781587,1.2299685505076274
Sensor-only LSTM,4,42,27,0.21742748829287042,1.2618768306632586
Sensor-only LSTM,4,42,28,0.21015823260738384,1.3390164367261048
Sensor-only LSTM,4,42,29,0.31040775016128974,1.1314397528923783
Sensor-only LSTM,4,42,30,0.21645892315249082,1.3003482739255614
Sensor-only LSTM,4,42,31,0.1971386960887034,1.4163698725933425
Sensor-only LSTM,4,42,32,0.19104470701687085,1.4216857153602116
Sensor-only LSTM,4,42,33,0.18996297860953196,1.4928910264069803
Sensor-only LSTM,4,42,34,0.1835764665038298,1.550018710972628
Sensor-only LSTM,4,42,35,0.17278216257638804,1.4971052713660948
Sensor-only LSTM,4,42,36,0.1558956146666132,1.6879965621876516
Sensor-only LSTM,4,42,37,0.150982699946526,1.7449902839474458
Sensor-only LSTM,4,42,38,0.14024166270680383,1.6193237139040944
Sensor-only LSTM,4,42,39,0.15198144789892937,1.7632083016637112
Sensor-only LSTM,4,42,40,0.14167416477989966,1.8108674298964083
Sensor-only LSTM,4,42,41,0.13651627435854352,2.021839264327313
Sensor-only LSTM,4,42,42,0.11260740600931199,2.0309879171273493
Sensor-only LSTM,4,42,43,0.10468266498962589,1.9434626362983536
Sensor-only LSTM,4,42,44,0.10514750743341345,1.9673861438716982
Sensor-only LSTM,4,42,45,0.11895469703889684,1.9978116497209988
Sensor-only LSTM,4,42,46,0.10736963636621086,1.8415982459185634
Sensor-only LSTM,4,42,47,0.0864147843823268,2.1764574941068076
Sensor-only LSTM,4,42,48,0.10814509069154021,1.8850662052646998
Sensor-only LSTM,4,42,49,0.11339535085049286,1.5899548330100202
Sensor-only LSTM,4,42,50,0.10546132692398114,1.77752954023939
Sensor-only LSTM,4,42,51,0.08787865399388924,2.009991804360406
Sensor-only LSTM,4,42,52,0.08640673067604751,1.7967405114674344
Sensor-only LSTM,4,42,53,0.09180996522317912,2.0099630277658536
Sensor-only LSTM,4,42,54,0.07323186868248309,2.1138263545008824
Sensor-only LSTM,4,42,55,0.08764745000599973,2.0405030644477287
Sensor-only LSTM,4,42,56,0.09390358233610109,2.0797195274624936
Sensor-only LSTM,4,42,57,0.09550364411205327,1.9339487986635238
Sensor-only LSTM,4,42,58,0.07951265365284937,2.0332017373332687
Sensor-only LSTM,4,42,59,0.07929193239524993,1.6842985484335158
Sensor-only LSTM,4,42,60,0.06408733762038284,1.9791238017583292
Sensor-only LSTM,4,43,1,1.1803432194044157,1.0372689442564607
Sensor-only LSTM,4,43,2,0.6370706401328933,0.6257320145141154
Sensor-only LSTM,4,43,3,0.4199151294115318,0.6256375195345288
Sensor-only LSTM,4,43,4,0.3695493856617154,0.7677830517666895
Sensor-only LSTM,4,43,5,0.33754366662566226,0.6984871609031029
Sensor-only LSTM,4,43,6,0.35159640639873146,0.7873354408601045
Sensor-only LSTM,4,43,7,0.3340139768455091,0.8973876743634042
Sensor-only LSTM,4,43,8,0.33260549320960936,0.7255070248239945
Sensor-only LSTM,4,43,9,0.3366794844875053,0.7954432969635638
Sensor-only LSTM,4,43,10,0.3220724138308345,0.8000216435805056
Sensor-only LSTM,4,43,11,0.31816580985201526,0.9092636176578279
Sensor-only LSTM,4,43,12,0.3212171025947525,0.8476896433850879
Sensor-only LSTM,4,43,13,0.31382975913978584,0.935761643280773
Sensor-only LSTM,4,43,14,0.3142069091806129,0.9999360028709006
Sensor-only LSTM,4,43,15,0.3118604752028081,1.204823595454108
Sensor-only LSTM,4,43,16,0.3479131976525045,1.076465085867316
Sensor-only LSTM,4,43,17,0.3229235477151379,0.860423176012449
Sensor-only LSTM,4,43,18,0.3143288975840483,0.9248702615749411
Sensor-only LSTM,4,43,19,0.3070226376041528,0.9685337602920377
Sensor-only LSTM,4,43,20,0.31560930510852736,0.9890408768812565
Sensor-only LSTM,4,43,21,0.30799325428845264,1.0501339336392514
Sensor-only LSTM,4,43,22,0.3075541317378793,1.0928677081577558
Sensor-only LSTM,4,43,23,0.3108106081807117,0.9206569898381548
Sensor-only LSTM,4,43,24,0.2979278878881297,0.9663664915636025
Sensor-only LSTM,4,43,25,0.29702514308013794,0.9696827976411868
Sensor-only LSTM,4,43,26,0.29419400110241384,1.2487862290193636
Sensor-only LSTM,4,43,27,0.3003678947645085,1.250922559215775
Sensor-only LSTM,4,43,28,0.28636109347316524,1.0851384067997742
Sensor-only LSTM,4,43,29,0.2811863785195536,0.9360303744767446
Sensor-only LSTM,4,43,30,0.2736358232980222,1.0853277740207359
Sensor-only LSTM,4,43,31,0.30351051593550343,1.2490710004914232
Sensor-only LSTM,4,43,32,0.2810575118789222,1.178373434297756
Sensor-only LSTM,4,43,33,0.2734215911122889,1.0523315369536166
Sensor-only LSTM,4,43,34,0.280932249542097,1.2656319052355844
Sensor-only LSTM,4,43,35,0.2731262727068105,1.1278421475202531
Sensor-only LSTM,4,43,36,0.26234174952510386,1.0574578421436391
Sensor-only LSTM,4,43,37,0.25566147966080344,1.0577487088583675
Sensor-only LSTM,4,43,38,0.2626263215222995,1.0880176331808857
Sensor-only LSTM,4,43,39,0.26287509324311703,1.0851876074741096
Sensor-only LSTM,4,43,40,0.2592674542794197,1.2050324306751072
Sensor-only LSTM,4,43,41,0.2596513724865506,1.1484600230426658
Sensor-only LSTM,4,43,42,0.2817700726933772,1.2259095117481
Sensor-only LSTM,4,43,43,0.2689510041042037,1.0400054344138134
Sensor-only LSTM,4,43,44,0.24793136498418256,1.114761548448721
Sensor-only LSTM,4,43,45,0.2381861420346972,1.070532995121909
Sensor-only LSTM,4,43,46,0.2544699946264608,1.1023964734447327
Sensor-only LSTM,4,43,47,0.23484858447763393,1.5213332879405852
Sensor-only LSTM,4,43,48,0.2338195204019715,1.2286205866239355
Sensor-only LSTM,4,43,49,0.2170974728227419,1.3263208810357179
Sensor-only LSTM,4,43,50,0.20177662858427958,1.4170858067786418
Sensor-only LSTM,4,43,51,0.20240596039831932,1.5225458910505227
Sensor-only LSTM,4,43,52,0.20033905736644586,1.5456561779904041
Sensor-only LSTM,4,43,53,0.19646467740635007,1.4051954985578667
Sensor-only LSTM,4,43,54,0.18612758273189137,1.44547409269045
Sensor-only LSTM,4,43,55,0.17522008367140443,1.4003207209428277
Sensor-only LSTM,4,43,56,0.1799131097533624,1.3744193716306607
Sensor-only LSTM,4,43,57,0.20430884895689821,1.7171405292656936
Sensor-only LSTM,4,43,58,0.2131548382042156,1.3182498335338488
Sensor-only LSTM,4,43,59,0.23090477825136527,1.175692883146384
Sensor-only LSTM,4,43,60,0.21252926111473697,1.209370061630223
Sensor-only LSTM,4,44,1,1.1848996621080075,1.3150593067365122
Sensor-only LSTM,4,44,2,0.7296693897112709,0.6792070995586723
Sensor-only LSTM,4,44,3,0.6076673948604958,0.752503575518946
Sensor-only LSTM,4,44,4,0.4777012523329418,0.650667014611842
Sensor-only LSTM,4,44,5,0.36837072745123295,0.7693200581228709
Sensor-only LSTM,4,44,6,0.3378358220204385,0.7710037416382156
Sensor-only LSTM,4,44,7,0.32633323677215426,0.7827466705060355
Sensor-only LSTM,4,44,8,0.3143277439218469,0.9091276376502319
Sensor-only LSTM,4,44,9,0.3359864768674025,0.7894951728967251
Sensor-only LSTM,4,44,10,0.32131876502562007,0.8387905946880017
Sensor-only LSTM,4,44,11,0.3003564142137661,0.8166600666331045
Sensor-only LSTM,4,44,12,0.29147166589994034,0.9875768665029068
Sensor-only LSTM,4,44,13,0.27434168249137314,0.8154429064700438
Sensor-only LSTM,4,44,14,0.28251833465520815,0.912768321404667
Sensor-only LSTM,4,44,15,0.27158286033925155,1.0157221694881062
Sensor-only LSTM,4,44,16,0.2647199768286485,0.9209135155148601
Sensor-only LSTM,4,44,17,0.2599682916026765,1.0265282334240478
Sensor-only LSTM,4,44,18,0.26263584817536884,1.0883387262216404
Sensor-only LSTM,4,44,19,0.24661104230705752,0.9892825517858099
Sensor-only LSTM,4,44,20,0.24780038358274276,0.9935724033624621
Sensor-only LSTM,4,44,21,0.24036362057652957,0.9930239589240566
Sensor-only LSTM,4,44,22,0.22645159571542653,1.1754770408964381
Sensor-only LSTM,4,44,23,0.2273540642788146,1.1112464038299814
Sensor-only LSTM,4,44,24,0.212172316701461,1.1932475339051187
Sensor-only LSTM,4,44,25,0.21985662667029496,1.159599506575419
Sensor-only LSTM,4,44,26,0.2389103193033221,1.2754338756516044
Sensor-only LSTM,4,44,27,0.20673862550783595,1.3670500172165454
Sensor-only LSTM,4,44,28,0.1983201498285346,1.2814794483455971
Sensor-only LSTM,4,44,29,0.19068458481792336,1.3518834576416816
Sensor-only LSTM,4,44,30,0.1752082357313234,1.345548600606636
Sensor-only LSTM,4,44,31,0.1821484850087297,1.523797374382709
Sensor-only LSTM,4,44,32,0.17959332386729746,1.3502886662654094
Sensor-only LSTM,4,44,33,0.15916282804281928,1.3559571836823188
Sensor-only LSTM,4,44,34,0.16904231743990913,1.428008711352101
Sensor-only LSTM,4,44,35,0.1390138224750526,1.4479221628404826
Sensor-only LSTM,4,44,36,0.1391154518935911,1.518250708981755
Sensor-only LSTM,4,44,37,0.13933872267992967,1.4870848507157661
Sensor-only LSTM,4,44,38,0.14680512949834848,1.3618733156745788
Sensor-only LSTM,4,44,39,0.13050641046919786,1.5272699205021314
Sensor-only LSTM,4,44,40,0.11897073756580043,1.6461826234009407
Sensor-only LSTM,4,44,41,0.14788820039304781,1.6639489232947116
Sensor-only LSTM,4,44,42,0.11338720151506516,1.5874168987247304
Sensor-only LSTM,4,44,43,0.11854943103073513,1.5079244394323923
Sensor-only LSTM,4,44,44,0.11884797187804672,1.5015856705809039
Sensor-only LSTM,4,44,45,0.09963779548418379,1.6768066751881965
Sensor-only LSTM,4,44,46,0.11894448828307061,1.4220182680499505
Sensor-only LSTM,4,44,47,0.09657393615487792,1.9523325032189458
Sensor-only LSTM,4,44,48,0.09068596271052694,1.6962546246825274
Sensor-only LSTM,4,44,49,0.117117520960688,1.919680503382498
Sensor-only LSTM,4,44,50,0.1526919564017967,1.736132786185549
Sensor-only LSTM,4,44,51,0.09573151422145296,1.6753262903158646
Sensor-only LSTM,4,44,52,0.08474762122828353,1.736336148291264
Sensor-only LSTM,4,44,53,0.0787775283160139,1.7139636662942934
Sensor-only LSTM,4,44,54,0.08415102671986957,1.6472501990149107
Sensor-only LSTM,4,44,55,0.08404167924055286,1.7470196162660916
Sensor-only LSTM,4,44,56,0.08094828768752269,1.7073453853309029
Sensor-only LSTM,4,44,57,0.10487621224990763,1.8546750819158253
Sensor-only LSTM,4,44,58,0.08508916163452931,2.106607202245254
Sensor-only LSTM,4,44,59,0.08267944285103193,2.0205750670655
Sensor-only LSTM,4,44,60,0.07301790300091557,2.0242067929591587
Sensor-only LSTM,4,45,1,1.1519815353499219,1.1380094027369276
Sensor-only LSTM,4,45,2,0.7274765481221988,1.085071826131089
Sensor-only LSTM,4,45,3,0.6101900792155538,0.8490476623271246
Sensor-only LSTM,4,45,4,0.3876994110028678,0.7895823524683027
Sensor-only LSTM,4,45,5,0.4994921366682167,0.9669627548513673
Sensor-only LSTM,4,45,6,0.39477112681073206,0.9380567441196561
Sensor-only LSTM,4,45,7,0.3296733756846076,0.8890010262185423
Sensor-only LSTM,4,45,8,0.31769008856679487,0.9018065658255443
Sensor-only LSTM,4,45,9,0.30541008437445405,0.9809663356974939
Sensor-only LSTM,4,45,10,0.29115556366610207,0.9198171097152638
Sensor-only LSTM,4,45,11,0.29640654753170637,1.0944506862128556
Sensor-only LSTM,4,45,12,0.27899546328151237,1.0217727134062808
Sensor-only LSTM,4,45,13,0.2850950649698267,1.0293788445695642
Sensor-only LSTM,4,45,14,0.3103243455385438,1.033301454170195
Sensor-only LSTM,4,45,15,0.27469475239241886,1.036052881796655
Sensor-only LSTM,4,45,16,0.2879996028641369,0.98448371093728
Sensor-only LSTM,4,45,17,0.2655052383474338,1.0669513962053903
Sensor-only LSTM,4,45,18,0.2673622619626214,1.012356155386011
Sensor-only LSTM,4,45,19,0.25704982393042,1.0762286738529645
Sensor-only LSTM,4,45,20,0.2376445493146241,1.1134127555278361
Sensor-only LSTM,4,45,21,0.28025101717290696,1.0119159569030538
Sensor-only LSTM,4,45,22,0.2739288967284167,0.9372486413399879
Sensor-only LSTM,4,45,23,0.2475251150156464,1.0579519833533768
Sensor-only LSTM,4,45,24,0.24706278582568225,1.1116272512221985
Sensor-only LSTM,4,45,25,0.25076281778309323,1.231918658662892
Sensor-only LSTM,4,45,26,0.25055755451374184,1.1325400375470176
Sensor-only LSTM,4,45,27,0.22813958438585236,1.2344889917588584
Sensor-only LSTM,4,45,28,0.27964009064326595,0.8477429328349652
Sensor-only LSTM,4,45,29,0.24076811252089564,0.9809546656828506
Sensor-only LSTM,4,45,30,0.2245640986472179,1.0785733367037222
Sensor-only LSTM,4,45,31,0.21450111367749597,1.0536323743921157
Sensor-only LSTM,4,45,32,0.2016938087295796,1.119931486573859
Sensor-only LSTM,4,45,33,0.2046647132436785,1.2193596247794494
Sensor-only LSTM,4,45,34,0.20091591757540142,1.264649343003267
Sensor-only LSTM,4,45,35,0.21128881750424605,1.2485883340270765
Sensor-only LSTM,4,45,36,0.18044571092138006,1.232137006846114
Sensor-only LSTM,4,45,37,0.17267006476874408,1.278380078933274
Sensor-only LSTM,4,45,38,0.17204992600894764,1.402152814189718
Sensor-only LSTM,4,45,39,0.1616607774929758,1.4952020624055053
Sensor-only LSTM,4,45,40,0.21099110489780834,1.1017226394523614
Sensor-only LSTM,4,45,41,0.1846505494403141,1.0697205121974525
Sensor-only LSTM,4,45,42,0.1859074738573338,1.1490659129882008
Sensor-only LSTM,4,45,43,0.1550988362958798,1.2431670036284055
Sensor-only LSTM,4,45,44,0.14340679623855668,1.2775513599128843
Sensor-only LSTM,4,45,45,0.1651802539126126,1.483916622904799
Sensor-only LSTM,4,45,46,0.1497785790009068,1.294127131954804
Sensor-only LSTM,4,45,47,0.13205812767347822,1.256927759790758
Sensor-only LSTM,4,45,48,0.1376826596500887,1.3628239201331038
Sensor-only LSTM,4,45,49,0.1125774812176771,1.3113146787528847
Sensor-only LSTM,4,45,50,0.12685575382488246,1.4139826682159986
Sensor-only LSTM,4,45,51,0.2905597897928705,1.2328275616516982
Sensor-only LSTM,4,45,52,0.15683432387670498,1.2764973366629153
Sensor-only LSTM,4,45,53,0.11658092545333595,1.4190964912859023
Sensor-only LSTM,4,45,54,0.11405348803009378,1.3927152628856134
Sensor-only LSTM,4,45,55,0.10457679251801741,1.4475464336808372
Sensor-only LSTM,4,45,56,0.10850863609970374,1.398239466597949
Sensor-only LSTM,4,45,57,0.10792852817635638,1.4665154505177427
Sensor-only LSTM,4,45,58,0.09365735381799596,1.5041108907042247
Sensor-only LSTM,4,45,59,0.15048001482609552,1.432990793587808
Sensor-only LSTM,4,45,60,0.14265312901162394,1.61249393794053
Sensor-only LSTM,4,46,1,1.1999556998509964,1.0873562609874476
Sensor-only LSTM,4,46,2,0.6427332324803339,0.8157894646346694
Sensor-only LSTM,4,46,3,0.446824328804319,0.6275586287180582
Sensor-only LSTM,4,46,4,0.4077651044728475,0.6407880443197126
Sensor-only LSTM,4,46,5,0.3563351091904462,0.7294445545168543
Sensor-only LSTM,4,46,6,0.3327528324422486,0.7324734432642315
Sensor-only LSTM,4,46,7,0.32308523169204056,0.7164066623841692
Sensor-only LSTM,4,46,8,0.32156450677355497,0.8496138230434753
Sensor-only LSTM,4,46,9,0.32048899820764554,0.7545667154484075
Sensor-only LSTM,4,46,10,0.31926458346313713,0.7986138046912428
Sensor-only LSTM,4,46,11,0.31491219105649854,0.8822230815387622
Sensor-only LSTM,4,46,12,0.33106470882009265,0.7332010670590451
Sensor-only LSTM,4,46,13,0.32069280991776355,0.7218600047959222
Sensor-only LSTM,4,46,14,0.32736448793236267,0.9449237440429643
Sensor-only LSTM,4,46,15,0.33100298055215627,0.9301670858757551
Sensor-only LSTM,4,46,16,0.3040224850104153,0.724497766005543
Sensor-only LSTM,4,46,17,0.3035070198938387,1.0282032725789763
Sensor-only LSTM,4,46,18,0.28608207416181086,0.8593665880133521
Sensor-only LSTM,4,46,19,0.27827071125080827,0.837372622255478
Sensor-only LSTM,4,46,20,0.2900792721424964,1.081839702722755
Sensor-only LSTM,4,46,21,0.28117069288373164,1.2362481476797622
Sensor-only LSTM,4,46,22,0.2729746995779016,1.008614699139535
Sensor-only LSTM,4,46,23,0.3869638727345598,0.8155034974186176
Sensor-only LSTM,4,46,24,0.3085431843764696,1.0419546313646328
Sensor-only LSTM,4,46,25,0.278957473649134,1.1903038377125807
Sensor-only LSTM,4,46,26,0.2657804830274535,1.150027479113429
Sensor-only LSTM,4,46,27,0.25007402994679834,1.267783670863859
Sensor-only LSTM,4,46,28,0.2322041811493811,1.2705077187976248
Sensor-only LSTM,4,46,29,0.23789897952268219,1.5593951813743863
Sensor-only LSTM,4,46,30,0.22411570507683382,1.494160303264169
Sensor-only LSTM,4,46,31,0.2293520385876624,1.3494680828299663
Sensor-only LSTM,4,46,32,0.21951749037501672,1.7315137783452026
Sensor-only LSTM,4,46,33,0.2197891333749703,1.4294796906708422
Sensor-only LSTM,4,46,34,0.20484693380481522,1.2272891056503266
Sensor-only LSTM,4,46,35,0.1970960725842855,1.5852059291859217
Sensor-only LSTM,4,46,36,0.2050243963552514,1.7223857742045037
Sensor-only LSTM,4,46,37,0.19218238651878664,1.4874785405035038
Sensor-only LSTM,4,46,38,0.20391188595567528,1.5353863396500267
Sensor-only LSTM,4,46,39,0.18390229354358173,1.5776820338723607
Sensor-only LSTM,4,46,40,0.19027362207585688,1.6607827667061013
Sensor-only LSTM,4,46,41,0.1792595710423982,1.6621156640553874
Sensor-only LSTM,4,46,42,0.16202951075960065,1.824779357597138
Sensor-only LSTM,4,46,43,0.16230337841774092,1.5935441040330462
Sensor-only LSTM,4,46,44,0.15596126624624243,1.7552328985926364
Sensor-only LSTM,4,46,45,0.21953248020180027,1.7893569964282918
Sensor-only LSTM,4,46,46,0.16539877442276302,1.5348869392050888
Sensor-only LSTM,4,46,47,0.1534562561826632,1.8102727884454048
Sensor-only LSTM,4,46,48,0.1494624944470807,1.5374719544667244
Sensor-only LSTM,4,46,49,0.15721982153856848,1.6790713789468665
Sensor-only LSTM,4,46,50,0.15592459176753135,1.9244710802250937
Sensor-only LSTM,4,46,51,0.14567014497186234,1.8948913184336271
Sensor-only LSTM,4,46,52,0.12602658259591,1.8963237921756144
Sensor-only LSTM,4,46,53,0.137378094309051,2.0327259821805566
Sensor-only LSTM,4,46,54,0.12766426903686645,1.91736288131283
Sensor-only LSTM,4,46,55,0.13472184288297728,1.9693045164585363
Sensor-only LSTM,4,46,56,0.12276282568048782,1.871743266218863
Sensor-only LSTM,4,46,57,0.10994349552572152,1.755354363869571
Sensor-only LSTM,4,46,58,0.11360593107525699,2.1745170715891713
Sensor-only LSTM,4,46,59,0.12414432145344934,1.6810576901370875
Sensor-only LSTM,4,46,60,0.1185247365519373,1.9088838443909801
Sensor-only LSTM,4,47,1,1.184252611835321,1.0845155975853622
Sensor-only LSTM,4,47,2,0.6695660275309205,0.8017370500904459
Sensor-only LSTM,4,47,3,0.4238938545320517,0.6449655068245573
Sensor-only LSTM,4,47,4,0.37462947043887984,0.6469168007623725
Sensor-only LSTM,4,47,5,0.3566029650608082,0.6484387157098302
Sensor-only LSTM,4,47,6,0.3394999409024784,0.792461879442073
Sensor-only LSTM,4,47,7,0.3526545283276175,0.694575987584436
Sensor-only LSTM,4,47,8,0.33220775878673386,0.6465320868936975
Sensor-only LSTM,4,47,9,0.3261702871482475,0.6800798697541595
Sensor-only LSTM,4,47,10,0.31041097384400995,0.7179565474828334
Sensor-only LSTM,4,47,11,0.30621319445574374,1.0689722668668509
Sensor-only LSTM,4,47,12,0.30894060532812845,0.9704261632710383
Sensor-only LSTM,4,47,13,0.3183332609516176,0.8158855001506565
Sensor-only LSTM,4,47,14,0.2911214102256778,1.3813531973889288
Sensor-only LSTM,4,47,15,0.318173439930086,0.7706549310396802
Sensor-only LSTM,4,47,16,0.3161855372813864,1.0140357001897424
Sensor-only LSTM,4,47,17,0.29929034534944304,0.938049764971813
Sensor-only LSTM,4,47,18,0.28704819024324246,0.9871313501485239
Sensor-only LSTM,4,47,19,0.273822422000667,1.5297042228578273
Sensor-only LSTM,4,47,20,0.27869988247047617,1.409664032031905
Sensor-only LSTM,4,47,21,0.276098574630669,1.2583909046443753
Sensor-only LSTM,4,47,22,0.2558324613365895,1.1667603921121772
Sensor-only LSTM,4,47,23,0.2542667098253986,1.1383162992274236
Sensor-only LSTM,4,47,24,0.24447235416939078,1.2798466524753556
Sensor-only LSTM,4,47,25,0.24824338377405408,1.2631746951717127
Sensor-only LSTM,4,47,26,0.278713175844225,1.2557676990264617
Sensor-only LSTM,4,47,27,0.2284711987810734,1.2927017140688386
Sensor-only LSTM,4,47,28,0.225600324092655,1.369495383301746
Sensor-only LSTM,4,47,29,0.20744282577447093,1.4644703203324128
Sensor-only LSTM,4,47,30,0.23081978444659382,1.317811906853187
Sensor-only LSTM,4,47,31,0.2246043717537283,1.1231423575095285
Sensor-only LSTM,4,47,32,0.20773142119297783,1.4201982913839493
Sensor-only LSTM,4,47,33,0.20463722296474512,1.3505500265137456
Sensor-only LSTM,4,47,34,0.2105228398954818,1.71211504808137
Sensor-only LSTM,4,47,35,0.1868459153907267,1.8245393369870115
Sensor-only LSTM,4,47,36,0.183943847871281,1.8368005382299297
Sensor-only LSTM,4,47,37,0.17678503999742892,1.8391055198897857
Sensor-only LSTM,4,47,38,0.16899366101582622,1.598145130092368
Sensor-only LSTM,4,47,39,0.17111353690807635,1.7073857743660108
Sensor-only LSTM,4,47,40,0.15083726805200354,1.804455567487131
Sensor-only LSTM,4,47,41,0.16922383227805562,1.6982355367243915
Sensor-only LSTM,4,47,42,0.17602287305961972,1.7667749210005037
Sensor-only LSTM,4,47,43,0.1557897798448864,1.5824255496302553
Sensor-only LSTM,4,47,44,0.14471243071877882,1.7247912451249998
Sensor-only LSTM,4,47,45,0.1477657766643341,1.8519761610377885
Sensor-only LSTM,4,47,46,0.13581254026190698,1.9167225960977923
Sensor-only LSTM,4,47,47,0.13982515762400358,3.410663121510727
Sensor-only LSTM,4,47,48,0.15965367955646637,1.9608778978387515
Sensor-only LSTM,4,47,49,0.12002847158075977,1.8416986414299696
Sensor-only LSTM,4,47,50,0.12206216891550563,1.817668070559794
Sensor-only LSTM,4,47,51,0.13649189477456483,1.959131406007073
Sensor-only LSTM,4,47,52,0.1255179736897975,2.195892499833987
Sensor-only LSTM,4,47,53,0.12787518149863564,2.2187124459498584
Sensor-only LSTM,4,47,54,0.11802476183389726,2.1256994247295946
Sensor-only LSTM,4,47,55,0.12460466530571652,2.138612898195502
Sensor-only LSTM,4,47,56,0.11028892107849485,1.757944981155593
Sensor-only LSTM,4,47,57,0.0932443817274286,1.9649431009462544
Sensor-only LSTM,4,47,58,0.09148050980325644,1.8107322411927975
Sensor-only LSTM,4,47,59,0.09031161646724757,1.972806857233043
Sensor-only LSTM,4,47,60,0.0894361095543722,1.8722877437932186
Sensor-only LSTM,4,48,1,1.1727529130692034,1.1481852591412622
Sensor-only LSTM,4,48,2,0.6889425521281376,0.7872263055677434
Sensor-only LSTM,4,48,3,0.5399148010017171,0.7480770781854913
Sensor-only LSTM,4,48,4,0.38611178837280163,0.6497534999557512
Sensor-only LSTM,4,48,5,0.35606672814090906,0.6274724424010303
Sensor-only LSTM,4,48,6,0.36243379795391456,0.7707284041670633
Sensor-only LSTM,4,48,7,0.3293343646137666,1.1283360687191881
Sensor-only LSTM,4,48,8,0.3202893541325291,1.151303226342991
Sensor-only LSTM,4,48,9,0.3125971255373097,0.755758833460338
Sensor-only LSTM,4,48,10,0.2959235610470607,0.7052981158722371
Sensor-only LSTM,4,48,11,0.29802542388565373,0.7794038969203361
Sensor-only LSTM,4,48,12,0.28211634712860295,0.7067626249552773
Sensor-only LSTM,4,48,13,0.35924207977030426,0.7061106961228313
Sensor-only LSTM,4,48,14,0.2773425656100689,0.9635225506323688
Sensor-only LSTM,4,48,15,0.27433898878312063,0.8463199447285954
Sensor-only LSTM,4,48,16,0.25127967760944836,0.9446964633164916
Sensor-only LSTM,4,48,17,0.24957850337785656,1.0781527012274201
Sensor-only LSTM,4,48,18,0.24084162532273698,1.154988730134954
Sensor-only LSTM,4,48,19,0.26330552579823224,0.8200705096094364
Sensor-only LSTM,4,48,20,0.25374966224651563,1.5134311678899408
Sensor-only LSTM,4,48,21,0.2924534028465679,1.0798785246018343
Sensor-only LSTM,4,48,22,0.2540388522996983,0.7735095969723456
Sensor-only LSTM,4,48,23,0.2360186853729341,1.0595205977277935
Sensor-only LSTM,4,48,24,0.23007314378262914,0.7673516910156114
Sensor-only LSTM,4,48,25,0.22668282232321563,1.1111486246906985
Sensor-only LSTM,4,48,26,0.23761942972157651,1.0286061283302508
Sensor-only LSTM,4,48,27,0.23466705016649855,0.9834041977203617
Sensor-only LSTM,4,48,28,0.23762373087813338,0.9523566978782478
Sensor-only LSTM,4,48,29,0.22031548408950477,0.9605009694675479
Sensor-only LSTM,4,48,30,0.19879220030418399,1.1273328444961481
Sensor-only LSTM,4,48,31,0.20194471433453773,1.240849704097027
Sensor-only LSTM,4,48,32,0.19584804197054306,1.4434624835536416
Sensor-only LSTM,4,48,33,0.22463050107133162,1.2290635336057696
Sensor-only LSTM,4,48,34,0.18578809292575552,1.1038536865193889
Sensor-only LSTM,4,48,35,0.2332469447658528,1.3170188035605088
Sensor-only LSTM,4,48,36,0.22996775889552304,0.8085261676890045
Sensor-only LSTM,4,48,37,0.17851720492690065,1.1511429459075257
Sensor-only LSTM,4,48,38,0.17147731895630175,1.1303438226413176
Sensor-only LSTM,4,48,39,0.17004346819141,1.1917290394379907
Sensor-only LSTM,4,48,40,0.17266344986251314,1.1736310463500224
Sensor-only LSTM,4,48,41,0.1487231574316385,1.47904257701253
Sensor-only LSTM,4,48,42,0.14252218441615747,1.374616203974128
Sensor-only LSTM,4,48,43,0.14564735038060073,1.2499102651135727
Sensor-only LSTM,4,48,44,0.13084841985978454,1.4136547857672914
Sensor-only LSTM,4,48,45,0.1331185170816719,1.5035196186845783
Sensor-only LSTM,4,48,46,0.14125534161220743,1.206293049551531
Sensor-only LSTM,4,48,47,0.1291925723736103,1.5091280893303562
Sensor-only LSTM,4,48,48,0.12082698308430932,1.4236840214385051
Sensor-only LSTM,4,48,49,0.13367470579409818,1.347440942372166
Sensor-only LSTM,4,48,50,0.23466087414520934,1.2068943005812742
Sensor-only LSTM,4,48,51,0.1383059896402529,1.440271110935781
Sensor-only LSTM,4,48,52,0.12284184651332332,1.5513906296287943
Sensor-only LSTM,4,48,53,0.11303339816561532,1.4566113333094795
Sensor-only LSTM,4,48,54,0.11329469889738901,1.6456181938746315
Sensor-only LSTM,4,48,55,0.0957839671383042,1.7869424514425625
Sensor-only LSTM,4,48,56,0.09962401045887254,1.4828082877572477
Sensor-only LSTM,4,48,57,0.11470885621088024,1.73974937494196
Sensor-only LSTM,4,48,58,0.12415186025007728,1.6047025518394242
Sensor-only LSTM,4,48,59,0.09977747638589567,1.7365064737494387
Sensor-only LSTM,4,48,60,0.07786870880043247,1.8059226151251193
Sensor-only LSTM,4,49,1,1.1708497992265199,1.1099900382119905
Sensor-only LSTM,4,49,2,0.7323459073238668,1.0446548526891872
Sensor-only LSTM,4,49,3,0.544242356516731,0.8242252912661314
Sensor-only LSTM,4,49,4,0.5382756918731842,0.6342988604019772
Sensor-only LSTM,4,49,5,0.40033311669727234,0.7027782021828417
Sensor-only LSTM,4,49,6,0.35106429575443604,0.7084770160151228
Sensor-only LSTM,4,49,7,0.3397234310629339,0.7486452715201948
Sensor-only LSTM,4,49,8,0.35534421766233343,0.5903252624365769
Sensor-only LSTM,4,49,9,0.33687003624632733,0.7658221569201231
Sensor-only LSTM,4,49,10,0.3191202381545587,0.7723454644345138
Sensor-only LSTM,4,49,11,0.31927413303581187,0.733292713980005
Sensor-only LSTM,4,49,12,0.3012641236743375,0.7537153536918528
Sensor-only LSTM,4,49,13,0.3009997743721486,0.7475606686039291
Sensor-only LSTM,4,49,14,0.28040851382887017,0.8570657566158527
Sensor-only LSTM,4,49,15,0.3011178253146234,0.7921716339058347
Sensor-only LSTM,4,49,16,0.2841284933881854,0.8850657010228379
Sensor-only LSTM,4,49,17,0.2642634321706095,0.8911624293719698
Sensor-only LSTM,4,49,18,0.2573310884061462,0.9107562344935205
Sensor-only LSTM,4,49,19,0.25319256706606275,1.0946902650207344
Sensor-only LSTM,4,49,20,0.2626277490735222,1.2188853892327856
Sensor-only LSTM,4,49,21,0.3103808550007678,0.75959275383307
Sensor-only LSTM,4,49,22,0.2645961446352382,0.9114319843472425
Sensor-only LSTM,4,49,23,0.23655806867775148,1.0169205784766429
Sensor-only LSTM,4,49,24,0.28151629946142664,1.0731395959416776
Sensor-only LSTM,4,49,25,0.29404726493038924,0.8025875301793436
Sensor-only LSTM,4,49,26,0.25804356834210385,0.8725960924049968
Sensor-only LSTM,4,49,27,0.25287418709982423,0.8840364605125891
Sensor-only LSTM,4,49,28,0.2446468253117173,0.9340928229474047
Sensor-only LSTM,4,49,29,0.21600982980065223,0.9851699318557166
Sensor-only LSTM,4,49,30,0.2051421674882011,1.1720063223325856
Sensor-only LSTM,4,49,31,0.26574175906858566,0.9970322451251608
Sensor-only LSTM,4,49,32,0.19824416291865146,0.9792021313131606
Sensor-only LSTM,4,49,33,0.17699936942980166,1.0702470997797493
Sensor-only LSTM,4,49,34,0.18158285885828435,1.0856665930197236
Sensor-only LSTM,4,49,35,0.15848571900738403,1.0325665616740782
Sensor-only LSTM,4,49,36,0.1544051573321949,1.2460569736725442
Sensor-only LSTM,4,49,37,0.1427950083042167,1.3012398253048554
Sensor-only LSTM,4,49,38,0.15151154443926598,1.2950004706514582
Sensor-only LSTM,4,49,39,0.14609958381827817,1.1163263514684807
Sensor-only LSTM,4,49,40,0.13496448587029436,1.195489856619505
Sensor-only LSTM,4,49,41,0.1330706376921525,1.3296834139126026
Sensor-only LSTM,4,49,42,0.14905146103754546,1.2111955584696565
Sensor-only LSTM,4,49,43,0.12292154546598355,1.174176143642429
Sensor-only LSTM,4,49,44,0.1204250257701502,1.4091606646682482
Sensor-only LSTM,4,49,45,0.10905036822371526,1.4088283511936914
Sensor-only LSTM,4,49,46,0.10691840664319952,1.3293043186485893
Sensor-only LSTM,4,49,47,0.1046169913185257,1.3509627368722885
Sensor-only LSTM,4,49,48,0.09695704771375353,1.3995150177733704
Sensor-only LSTM,4,49,49,0.09004078907451751,1.5050945755687837
Sensor-only LSTM,4,49,50,0.12104524517972114,1.5597671206329853
Sensor-only LSTM,4,49,51,0.0929837902138981,1.6584846045220547
Sensor-only LSTM,4,49,52,0.1135575365940281,1.4659216507011927
Sensor-only LSTM,4,49,53,0.10044671167621498,1.5833438021605306
Sensor-only LSTM,4,49,54,0.07686453241389574,1.6700440102668803
Sensor-only LSTM,4,49,55,0.07789922909431249,1.7734416952469938
Sensor-only LSTM,4,49,56,0.07762975298819949,1.7696224774860736
Sensor-only LSTM,4,49,57,0.07979487022549314,1.8668959270030323
Sensor-only LSTM,4,49,58,0.07689185910539448,1.408334288816407
Sensor-only LSTM,4,49,59,0.07636111111353212,1.738424952940496
Sensor-only LSTM,4,49,60,0.0667030878949006,1.506073120317619
Sensor-only LSTM,4,50,1,1.1082467414917203,1.1145947029505636
Sensor-only LSTM,4,50,2,0.6909845945022438,0.8847676098221753
Sensor-only LSTM,4,50,3,0.5898588106887982,0.8638742774787439
Sensor-only LSTM,4,50,4,0.45533225042830916,0.7404813971409507
Sensor-only LSTM,4,50,5,0.3974186880704628,0.7378056636646358
Sensor-only LSTM,4,50,6,0.33092132833278254,0.8238642721805932
Sensor-only LSTM,4,50,7,0.319149932078097,0.7248472752561109
Sensor-only LSTM,4,50,8,0.32523792162905635,0.7224221104595896
Sensor-only LSTM,4,50,9,0.3200246191405459,0.7171885977251224
Sensor-only LSTM,4,50,10,0.2926624477666789,0.7923104472505221
Sensor-only LSTM,4,50,11,0.28465055870437755,0.8754868243725294
Sensor-only LSTM,4,50,12,0.2755230447683607,0.7392768120115908
Sensor-only LSTM,4,50,13,0.26727044956736273,0.9765920284784065
Sensor-only LSTM,4,50,14,0.2846395090674546,0.9142341497559218
Sensor-only LSTM,4,50,15,0.27173476767691407,1.0614300675737034
Sensor-only LSTM,4,50,16,0.2690771112117283,0.9316178259734588
Sensor-only LSTM,4,50,17,0.26104606447206385,0.876710869793622
Sensor-only LSTM,4,50,18,0.2559416351199739,1.1934429727010507
Sensor-only LSTM,4,50,19,0.2824563308025466,0.8758466721080884
Sensor-only LSTM,4,50,20,0.2388349728278905,0.9505617254310184
Sensor-only LSTM,4,50,21,0.23829064380979573,1.070891210618009
Sensor-only LSTM,4,50,22,0.2254063053583712,1.1737379001246557
Sensor-only LSTM,4,50,23,0.2170819896329181,1.263098081156018
Sensor-only LSTM,4,50,24,0.21328070249221825,1.3645125649150938
Sensor-only LSTM,4,50,25,0.21529935475967263,1.4394716359284438
Sensor-only LSTM,4,50,26,0.21195570509893927,1.143526557848576
Sensor-only LSTM,4,50,27,0.20358387040646042,1.3481849565774016
Sensor-only LSTM,4,50,28,0.1939282184578452,1.4593203664528873
Sensor-only LSTM,4,50,29,0.17663720821148085,1.4907117655121993
Sensor-only LSTM,4,50,30,0.1752194547493355,1.534314155586423
Sensor-only LSTM,4,50,31,0.15921735928387984,1.4815751828518804
Sensor-only LSTM,4,50,32,0.1634457333824461,1.6956776644901785
Sensor-only LSTM,4,50,33,0.1571787403095921,1.7896242714028188
Sensor-only LSTM,4,50,34,0.16632797092136228,1.3370235487350128
Sensor-only LSTM,4,50,35,0.17024478554494296,1.7325420685471729
Sensor-only LSTM,4,50,36,0.13617737367275995,1.6243872908598098
Sensor-only LSTM,4,50,37,0.1296182501543216,1.5490202461320524
Sensor-only LSTM,4,50,38,0.13857994949472732,1.69115528058206
Sensor-only LSTM,4,50,39,0.11531502935948637,1.8715886008033462
Sensor-only LSTM,4,50,40,0.1305546490508398,1.8443713493926346
Sensor-only LSTM,4,50,41,0.12222860619457322,1.6879175314464971
Sensor-only LSTM,4,50,42,0.11769167583398968,1.8059080025723957
Sensor-only LSTM,4,50,43,0.11005030579775593,1.7702836750204083
Sensor-only LSTM,4,50,44,0.1288116301923212,1.8162655483548622
Sensor-only LSTM,4,50,45,0.0999610353821209,1.9577242180049044
Sensor-only LSTM,4,50,46,0.09691864351992381,1.9534956407293957
Sensor-only LSTM,4,50,47,0.08318141624614092,2.0567142402507224
Sensor-only LSTM,4,50,48,0.07985628264296955,2.1624001150470487
Sensor-only LSTM,4,50,49,0.08049856951813843,2.1176621035694203
Sensor-only LSTM,4,50,50,0.08790757691904366,2.0481318704221607
Sensor-only LSTM,4,50,51,0.07484405804832972,2.1642344835794196
Sensor-only LSTM,4,50,52,0.1502359329644609,2.2304398152563305
Sensor-only LSTM,4,50,53,0.11632601591845844,1.6800421939955816
Sensor-only LSTM,4,50,54,0.0914095406096505,2.2356115023857392
Sensor-only LSTM,4,50,55,0.09426297783725432,2.0465476489948027
Sensor-only LSTM,4,50,56,0.07612251373627023,2.0985635324875265
Sensor-only LSTM,4,50,57,0.08873002950283491,2.4050851882878588
Sensor-only LSTM,4,50,58,0.07340927667069283,2.028954064196261
Sensor-only LSTM,4,50,59,0.0783494209283115,1.9754933744544003
Sensor-only LSTM,4,50,60,0.07015293395283435,2.109306555163248
Sensor-only LSTM,4,51,1,1.1834102486251692,1.1009057222922143
Sensor-only LSTM,4,51,2,0.7375548490564336,0.9674923409955807
Sensor-only LSTM,4,51,3,0.5288996895434743,0.8595737291332061
Sensor-only LSTM,4,51,4,0.42118639908546956,0.6448997409088807
Sensor-only LSTM,4,51,5,0.36481111221693735,0.9089162659595098
Sensor-only LSTM,4,51,6,0.360972242365442,0.7148940499473668
Sensor-only LSTM,4,51,7,0.3354167973566156,0.7589156968163744
Sensor-only LSTM,4,51,8,0.3291506940155864,0.7994027210231597
Sensor-only LSTM,4,51,9,0.3124605153510498,0.7515014432198847
Sensor-only LSTM,4,51,10,0.3048585384305969,0.8237956087544279
Sensor-only LSTM,4,51,11,0.2934673110479272,1.0194129975711774
Sensor-only LSTM,4,51,12,0.2955127816933852,2.0459104688912317
Sensor-only LSTM,4,51,13,0.37627610637843817,0.8856113779219942
Sensor-only LSTM,4,51,14,0.28763207080251496,0.9757901028079806
Sensor-only LSTM,4,51,15,0.28954024007182433,1.1041121597497467
Sensor-only LSTM,4,51,16,0.27740530273236264,1.0947172719696283
Sensor-only LSTM,4,51,17,0.2808470478571883,1.1301038907821324
Sensor-only LSTM,4,51,18,0.2610157296145644,1.198747498137521
Sensor-only LSTM,4,51,19,0.2946543782507776,1.0459842705236166
Sensor-only LSTM,4,51,20,0.2613583686028725,1.1541775576887454
Sensor-only LSTM,4,51,21,0.2540306155540275,1.1725784841987383
Sensor-only LSTM,4,51,22,0.24743445174493836,1.2362595112990409
Sensor-only LSTM,4,51,23,0.2364603958251027,1.4611148557057545
Sensor-only LSTM,4,51,24,0.25795816094335233,1.1488215165286944
Sensor-only LSTM,4,51,25,0.22976250044249613,1.204235423856124
Sensor-only LSTM,4,51,26,0.22890374339964495,1.2571736740014776
Sensor-only LSTM,4,51,27,0.2186310469431194,1.3436188969362832
Sensor-only LSTM,4,51,28,0.2395963444201645,1.3824846641838051
Sensor-only LSTM,4,51,29,0.2124795304189371,1.4491622275643565
Sensor-only LSTM,4,51,30,0.21233935759323283,1.3976033701047894
Sensor-only LSTM,4,51,31,0.19915843899601685,1.42229718455666
Sensor-only LSTM,4,51,32,0.21385694399802047,1.5682986990101557
Sensor-only LSTM,4,51,33,0.19143194485989437,1.519764071103943
Sensor-only LSTM,4,51,34,0.17941067220042436,1.5968044938703128
Sensor-only LSTM,4,51,35,0.18385917657096368,1.5992634798628542
Sensor-only LSTM,4,51,36,0.17268259616157247,1.6812630160057631
Sensor-only LSTM,4,51,37,0.1618029906788424,1.61768205686857
Sensor-only LSTM,4,51,38,0.1519961823606121,1.7839870370369975
Sensor-only LSTM,4,51,39,0.16503728016548452,1.8597511682128318
Sensor-only LSTM,4,51,40,0.20467540665924674,1.5692417941620453
Sensor-only LSTM,4,51,41,0.18073444967549201,1.6226028823713523
Sensor-only LSTM,4,51,42,0.14152194428124223,1.732853633138806
Sensor-only LSTM,4,51,43,0.14212759452212756,1.6157023426520187
Sensor-only LSTM,4,51,44,0.12220596646707328,1.9262118255231429
Sensor-only LSTM,4,51,45,0.12235747446912691,1.8681202350844253
Sensor-only LSTM,4,51,46,0.12014797752645542,1.8535449667101573
Sensor-only LSTM,4,51,47,0.10628166511370922,1.8566069628699708
Sensor-only LSTM,4,51,48,0.10271548264743412,1.828071131654068
Sensor-only LSTM,4,51,49,0.10948039686613589,1.9377673159839597
Sensor-only LSTM,4,51,50,0.09289111369259881,1.9710000241077672
Sensor-only LSTM,4,51,51,0.09261538790789976,2.3821253752574107
Sensor-only LSTM,4,51,52,0.10926446032624273,2.1649766413717524
Sensor-only LSTM,4,51,53,0.09400727272548975,2.2216100442170537
Sensor-only LSTM,4,51,54,0.08202134366834046,2.2563238008888886
Sensor-only LSTM,4,51,55,0.0774192309129297,2.1158599212601685
Sensor-only LSTM,4,51,56,0.07954423858974084,2.477358592818618
Sensor-only LSTM,4,51,57,0.08163135110196212,2.101083566510827
Sensor-only LSTM,4,51,58,0.09190134917587651,2.0612707593062387
Sensor-only LSTM,4,51,59,0.07699422392108193,2.1752670412449717
Sensor-only LSTM,4,51,60,0.06817379842026602,2.268762103541592
Sensor-only LSTM,5,42,1,1.1229927773283044,0.9739764751378345
Sensor-only LSTM,5,42,2,0.5400736222324056,0.8815703393278382
Sensor-only LSTM,5,42,3,0.3907039750599949,1.0510476282807517
Sensor-only LSTM,5,42,4,0.39937073900620823,0.9543458575722557
Sensor-only LSTM,5,42,5,0.35338410078530796,0.8875973593264006
Sensor-only LSTM,5,42,6,0.32886248686541253,1.209454649899241
Sensor-only LSTM,5,42,7,0.3520012210548435,1.0318055161640078
Sensor-only LSTM,5,42,8,0.3293385727643383,1.4453156144364074
Sensor-only LSTM,5,42,9,0.3310502159113983,1.4496443049212921
Sensor-only LSTM,5,42,10,0.30969221679313674,1.3235259412219689
Sensor-only LSTM,5,42,11,0.29753811093847493,1.7344029725722547
Sensor-only LSTM,5,42,12,0.2951664034564463,1.665038738548131
Sensor-only LSTM,5,42,13,0.2956247735891669,1.5008506135120832
Sensor-only LSTM,5,42,14,0.28652269618455756,1.7237358044528361
Sensor-only LSTM,5,42,15,0.2738372239226081,2.079324209090299
Sensor-only LSTM,5,42,16,0.4325232324367127,0.8870135410776678
Sensor-only LSTM,5,42,17,0.28675689800862436,1.3121122886549752
Sensor-only LSTM,5,42,18,0.2626090043747622,1.2691142496572851
Sensor-only LSTM,5,42,19,0.267700489213738,1.563541824962608
Sensor-only LSTM,5,42,20,0.2503674089762689,1.0987769780168992
Sensor-only LSTM,5,42,21,0.24501818447229037,1.550100130604998
Sensor-only LSTM,5,42,22,0.23373118000084506,1.6156305669488646
Sensor-only LSTM,5,42,23,0.2418239907249854,1.7698084239689809
Sensor-only LSTM,5,42,24,0.23205947586890388,1.9750603306218513
Sensor-only LSTM,5,42,25,0.23120206260695744,1.6134555697191186
Sensor-only LSTM,5,42,26,0.19934763664076494,1.4763187398700595
Sensor-only LSTM,5,42,27,0.18774088632971997,1.4904255006048415
Sensor-only LSTM,5,42,28,0.17409228257643403,1.6893112678197946
Sensor-only LSTM,5,42,29,0.17374042372334397,1.6469145510931436
Sensor-only LSTM,5,42,30,0.17467622241892167,1.6982453295519766
Sensor-only LSTM,5,42,31,0.14846429760844848,1.828779310737766
Sensor-only LSTM,5,42,32,0.17878966478487268,1.8093692824025824
Sensor-only LSTM,5,42,33,0.18817129960988113,2.054669190002937
Sensor-only LSTM,5,42,34,0.13504515280730503,1.538420774901688
Sensor-only LSTM,5,42,35,0.1513002486591714,1.765237042988871
Sensor-only LSTM,5,42,36,0.12630395986358642,1.94274071952332
Sensor-only LSTM,5,42,37,0.12369184093857628,1.7653841055789083
Sensor-only LSTM,5,42,38,0.3021993176735746,1.230196528839615
Sensor-only LSTM,5,42,39,0.1958535953522905,1.4074292329122435
Sensor-only LSTM,5,42,40,0.1942468974043956,1.5272211063832857
Sensor-only LSTM,5,42,41,0.1650394080902109,1.4632120957164645
Sensor-only LSTM,5,42,42,0.1446594798998996,1.6212831124569635
Sensor-only LSTM,5,42,43,0.14490661188513224,1.7755398709069259
Sensor-only LSTM,5,42,44,0.12971742414713197,1.4754794955378558
Sensor-only LSTM,5,42,45,0.1170488925031734,1.6520127723426938
Sensor-only LSTM,5,42,46,0.10513451804875452,1.7645178932063985
Sensor-only LSTM,5,42,47,0.09551695362759373,1.7245879922397982
Sensor-only LSTM,5,42,48,0.11507495347697702,1.9884619129278875
Sensor-only LSTM,5,42,49,0.11365516865888162,1.8715049049014565
Sensor-only LSTM,5,42,50,0.1091181013044631,2.03112038763814
Sensor-only LSTM,5,42,51,0.11813424734923518,1.9931435257789973
Sensor-only LSTM,5,42,52,0.11763814223344315,1.8609736057572395
Sensor-only LSTM,5,42,53,0.09486789723705487,2.125507503185632
Sensor-only LSTM,5,42,54,0.09507808973613757,1.5811022008989841
Sensor-only LSTM,5,42,55,0.098568547147724,1.834649859984216
Sensor-only LSTM,5,42,56,0.08495123651576304,1.8775890307106562
Sensor-only LSTM,5,42,57,0.10362864704175671,2.258093136395923
Sensor-only LSTM,5,42,58,0.09707112616723725,1.9573261119597114
Sensor-only LSTM,5,42,59,0.08160504658399845,2.0744749889933587
Sensor-only LSTM,5,42,60,0.08561589148247813,1.8853657944772229
Sensor-only LSTM,5,43,1,1.1312727594025425,1.028980639995519
Sensor-only LSTM,5,43,2,0.5915657383466146,0.8597617138106868
Sensor-only LSTM,5,43,3,0.41714013264841665,0.8833248823943628
Sensor-only LSTM,5,43,4,0.44638490891186666,0.9007011661989384
Sensor-only LSTM,5,43,5,0.35737852127527225,0.951727482257899
Sensor-only LSTM,5,43,6,0.32827812822186814,1.000280092722215
Sensor-only LSTM,5,43,7,0.31665970168032,1.0197713183282056
Sensor-only LSTM,5,43,8,0.31805081297090615,0.9028740183487378
Sensor-only LSTM,5,43,9,0.29929933508212886,0.9386532226698454
Sensor-only LSTM,5,43,10,0.3051580853003329,1.0684967682671498
Sensor-only LSTM,5,43,11,0.2795866936481714,1.0722372256984751
Sensor-only LSTM,5,43,12,0.27674349606256005,1.268921528222426
Sensor-only LSTM,5,43,13,0.2907054500889165,1.0990588605653815
Sensor-only LSTM,5,43,14,0.45878381740798857,0.7890351727698584
Sensor-only LSTM,5,43,15,0.35423825245300444,1.0123626273008262
Sensor-only LSTM,5,43,16,0.29597067951043493,0.8574640580318259
Sensor-only LSTM,5,43,17,0.29005834536861763,0.8418653254988808
Sensor-only LSTM,5,43,18,0.27127637120472176,1.5674314861590009
Sensor-only LSTM,5,43,19,0.4381361884672555,0.8568537347721603
Sensor-only LSTM,5,43,20,0.29640838498365923,0.8789745684189867
Sensor-only LSTM,5,43,21,0.21431090271002368,1.2291473147754148
Sensor-only LSTM,5,43,22,0.2270153734657453,1.2579258477287971
Sensor-only LSTM,5,43,23,0.18461691317316076,1.3430631037653118
Sensor-only LSTM,5,43,24,0.18864494000391685,1.4581200530444052
Sensor-only LSTM,5,43,25,0.1999300060248871,1.3428447857905235
Sensor-only LSTM,5,43,26,0.19552845682041445,1.426236949095686
Sensor-only LSTM,5,43,27,0.17886447103983624,1.4015826795960873
Sensor-only LSTM,5,43,28,0.17554523807698394,1.4871921638647716
Sensor-only LSTM,5,43,29,0.1972705414872092,1.5142035290005322
Sensor-only LSTM,5,43,30,0.17186745399360703,1.5397624693639123
Sensor-only LSTM,5,43,31,0.15076854027297024,1.4861922956050317
Sensor-only LSTM,5,43,32,0.15556510345442642,1.5746287149953142
Sensor-only LSTM,5,43,33,0.19691120909704773,1.9241214439554035
Sensor-only LSTM,5,43,34,0.17337317167207908,1.5943767837633376
Sensor-only LSTM,5,43,35,0.14501010472435993,1.7833237063834753
Sensor-only LSTM,5,43,36,0.16328038249279953,1.6226920692925684
Sensor-only LSTM,5,43,37,0.1383044333447961,1.7548577826415468
Sensor-only LSTM,5,43,38,0.1385529129714631,1.7870175364257406
Sensor-only LSTM,5,43,39,0.14517194731844957,1.8128253931581848
Sensor-only LSTM,5,43,40,0.15962987032923004,2.0239735170730255
Sensor-only LSTM,5,43,41,0.13607579196097655,2.076469826467132
Sensor-only LSTM,5,43,42,0.12070302946112293,1.5658663616552793
Sensor-only LSTM,5,43,43,0.16205048874804848,1.8900257843845296
Sensor-only LSTM,5,43,44,0.14660542560433523,1.8688699467814442
Sensor-only LSTM,5,43,45,0.12004084816924097,1.9327813295698266
Sensor-only LSTM,5,43,46,0.10646793842915561,2.053252466319742
Sensor-only LSTM,5,43,47,0.11564283530744228,1.9557813061420772
Sensor-only LSTM,5,43,48,0.15608163534423092,1.8017192705997132
Sensor-only LSTM,5,43,49,0.11075003972707939,1.9124518881866268
Sensor-only LSTM,5,43,50,0.0981438515600697,2.04417812789886
Sensor-only LSTM,5,43,51,0.09700745517887276,2.0259249798906676
Sensor-only LSTM,5,43,52,0.09712195701372349,2.0615902179754504
Sensor-only LSTM,5,43,53,0.08590428753199701,2.19470266444878
Sensor-only LSTM,5,43,54,0.09846860491368586,2.0330795323323905
Sensor-only LSTM,5,43,55,0.1032521470479503,1.707115356652242
Sensor-only LSTM,5,43,56,0.08662888672683876,2.171550154467299
Sensor-only LSTM,5,43,57,0.08643271921332492,2.200590200644119
Sensor-only LSTM,5,43,58,0.07470384583796512,2.042854575178658
Sensor-only LSTM,5,43,59,0.10871778447534365,1.963531186495687
Sensor-only LSTM,5,43,60,0.10060424412141304,2.01563571293524
Sensor-only LSTM,5,44,1,1.1676295129730476,1.0360950029121254
Sensor-only LSTM,5,44,2,0.5233951733337038,0.8749601586059954
Sensor-only LSTM,5,44,3,0.39763014009416175,0.930544999285564
Sensor-only LSTM,5,44,4,0.5832848652668361,0.7595664845072748
Sensor-only LSTM,5,44,5,0.46326010047732835,1.115727486600416
Sensor-only LSTM,5,44,6,0.41399890454337823,1.0575651057861135
Sensor-only LSTM,5,44,7,0.4973834921472513,1.087485786254051
Sensor-only LSTM,5,44,8,0.38347214175846467,0.9495944591938075
Sensor-only LSTM,5,44,9,0.35550605090770465,1.096818903957023
Sensor-only LSTM,5,44,10,0.3484305571513923,1.1178154849156394
Sensor-only LSTM,5,44,11,0.34716334100470697,1.1303643189386252
Sensor-only LSTM,5,44,12,0.32955621278216674,1.19583306397532
Sensor-only LSTM,5,44,13,0.3118603081468634,1.3756956709255963
Sensor-only LSTM,5,44,14,0.335225641800403,1.246905771941259
Sensor-only LSTM,5,44,15,0.33228457645220155,1.5147084125182912
Sensor-only LSTM,5,44,16,0.31640245281205476,1.192404890710203
Sensor-only LSTM,5,44,17,0.2989823111997532,1.3700375140837904
Sensor-only LSTM,5,44,18,0.2901703299478043,1.177516458794256
Sensor-only LSTM,5,44,19,0.28041412527906634,1.094963315272981
Sensor-only LSTM,5,44,20,0.2856214244643653,1.5409412351544298
Sensor-only LSTM,5,44,21,0.2835122462877299,1.6038561948190446
Sensor-only LSTM,5,44,22,0.5133055505072618,0.8242643263105076
Sensor-only LSTM,5,44,23,0.3010705898229758,1.062662306134306
Sensor-only LSTM,5,44,24,0.3053975587498711,1.2290522319965642
Sensor-only LSTM,5,44,25,0.2929909585483801,1.4027261563442037
Sensor-only LSTM,5,44,26,0.2906080687662525,1.3641097631219548
Sensor-only LSTM,5,44,27,0.27232596844963664,1.4020416335489765
Sensor-only LSTM,5,44,28,0.24942406996026764,1.7344715423429038
Sensor-only LSTM,5,44,29,0.2642997525361078,1.2253121217279315
Sensor-only LSTM,5,44,30,0.27709672356541915,1.4792603296491336
Sensor-only LSTM,5,44,31,0.24541972809205587,1.6302630636427138
Sensor-only LSTM,5,44,32,0.293564513248176,1.6042803931098815
Sensor-only LSTM,5,44,33,0.22630531911258306,1.7880981135293372
Sensor-only LSTM,5,44,34,0.23614459939419566,1.8154389210342112
Sensor-only LSTM,5,44,35,0.20780948285957299,1.802349200319944
Sensor-only LSTM,5,44,36,0.21250295418347695,1.8884855397592302
Sensor-only LSTM,5,44,37,0.18838027014763,1.9708272076877658
Sensor-only LSTM,5,44,38,0.20478537009807812,2.008218960067261
Sensor-only LSTM,5,44,39,0.18294580835698576,2.110896296846042
Sensor-only LSTM,5,44,40,0.1662679538831817,2.1870318497189434
Sensor-only LSTM,5,44,41,0.1718835861740162,2.1194848574120044
Sensor-only LSTM,5,44,42,0.16598864418717793,1.8395013470569745
Sensor-only LSTM,5,44,43,0.15564379036298873,2.2063367542043424
Sensor-only LSTM,5,44,44,0.15085203009982442,2.3393588797101437
Sensor-only LSTM,5,44,45,0.15654904290924312,2.331838945110389
Sensor-only LSTM,5,44,46,0.13808046812089012,2.410033284743127
Sensor-only LSTM,5,44,47,0.1296565727315925,2.279463579725919
Sensor-only LSTM,5,44,48,0.12181031479610807,2.6465819609240167
Sensor-only LSTM,5,44,49,0.19201212588839023,2.0446078845414974
Sensor-only LSTM,5,44,50,0.15527928702765792,1.9851277995409455
Sensor-only LSTM,5,44,51,0.11804937873140543,2.1066549104839503
Sensor-only LSTM,5,44,52,0.11091694894054109,2.3703063220035605
Sensor-only LSTM,5,44,53,0.09982090839156323,2.3340745602638715
Sensor-only LSTM,5,44,54,0.10111873636405226,2.619718910513184
Sensor-only LSTM,5,44,55,0.15212365341084386,1.9816838350748367
Sensor-only LSTM,5,44,56,0.09017411334100413,2.106105837432094
Sensor-only LSTM,5,44,57,0.09965423198195683,2.4051217618290983
Sensor-only LSTM,5,44,58,0.09753341334296284,2.4767565933413476
Sensor-only LSTM,5,44,59,0.09123190496039361,2.6810076266089826
Sensor-only LSTM,5,44,60,0.1402153171088223,2.4631331209991463
Sensor-only LSTM,5,45,1,1.1246851937916025,1.0537344749618627
Sensor-only LSTM,5,45,2,0.6287250886129778,1.098690045454717
Sensor-only LSTM,5,45,3,0.42512222894694257,0.7907110160251833
Sensor-only LSTM,5,45,4,0.382847406207202,0.9941651405028578
Sensor-only LSTM,5,45,5,0.369035151936433,0.7407141089189477
Sensor-only LSTM,5,45,6,0.36299607377941634,0.8937373019489352
Sensor-only LSTM,5,45,7,0.3307604387293101,1.2096189897140368
Sensor-only LSTM,5,45,8,0.33704946098012467,1.2336145813422632
Sensor-only LSTM,5,45,9,0.3129989011862943,1.3236383354014072
Sensor-only LSTM,5,45,10,0.2938188899540989,1.2517169622130364
Sensor-only LSTM,5,45,11,0.28511915201745297,1.3544579556278213
Sensor-only LSTM,5,45,12,0.2745822371602642,1.5658687912786782
Sensor-only LSTM,5,45,13,0.26097102684391754,1.7650247558607746
Sensor-only LSTM,5,45,14,0.25680239080945017,1.3822503788103848
Sensor-only LSTM,5,45,15,0.3227357729366608,1.5606254394199364
Sensor-only LSTM,5,45,16,0.2524510302616231,1.7515862043673638
Sensor-only LSTM,5,45,17,0.24499336168662425,1.855590291774248
Sensor-only LSTM,5,45,18,0.2553015164529387,1.7394259559220988
Sensor-only LSTM,5,45,19,0.23239083623803122,2.1352858779877737
Sensor-only LSTM,5,45,20,0.23709208226444672,1.6943501648912889
Sensor-only LSTM,5,45,21,0.2225981794817503,1.8359521463107262
Sensor-only LSTM,5,45,22,0.2057368815528865,2.1229513226939947
Sensor-only LSTM,5,45,23,0.19530555905461894,2.3228884812920847
Sensor-only LSTM,5,45,24,0.20649511833313847,1.9808835403786764
Sensor-only LSTM,5,45,25,0.2041698169040709,2.0310309044157684
Sensor-only LSTM,5,45,26,0.18737386398683126,2.1973151143491894
Sensor-only LSTM,5,45,27,0.2354038545640694,2.0735017902196327
Sensor-only LSTM,5,45,28,0.2041291167715626,1.9988454427859068
Sensor-only LSTM,5,45,29,0.19485807061683263,2.163048886621773
Sensor-only LSTM,5,45,30,0.19268835831155393,2.1316904782998987
Sensor-only LSTM,5,45,31,0.1965017788559016,2.2503870151452796
Sensor-only LSTM,5,45,32,0.18668381703363202,2.05085018149087
Sensor-only LSTM,5,45,33,0.1665876406806919,2.172123396858979
Sensor-only LSTM,5,45,34,0.16293058580875106,2.5457514456358097
Sensor-only LSTM,5,45,35,0.1708523302020977,2.622306643448286
Sensor-only LSTM,5,45,36,0.17343687337242988,2.7132764363688744
Sensor-only LSTM,5,45,37,0.15677574544123657,2.425305544142953
Sensor-only LSTM,5,45,38,0.16090703526263284,2.5834173099362374
Sensor-only LSTM,5,45,39,0.15679657706395794,2.561475381473825
Sensor-only LSTM,5,45,40,0.1387064735874798,2.866919096285942
Sensor-only LSTM,5,45,41,0.1402518880431571,2.5181878902314843
Sensor-only LSTM,5,45,42,0.13174074828269067,2.9116010321011334
Sensor-only LSTM,5,45,43,0.14064736368825415,2.3329946375930333
Sensor-only LSTM,5,45,44,0.16827981856810054,2.820887444654101
Sensor-only LSTM,5,45,45,0.15550924845340786,2.417519076502798
Sensor-only LSTM,5,45,46,0.13105356354936684,2.775666152999836
Sensor-only LSTM,5,45,47,0.1192206632895361,2.983505643576196
Sensor-only LSTM,5,45,48,0.13009008911359632,2.955582313817502
Sensor-only LSTM,5,45,49,0.12371680753321514,2.5684484259325004
Sensor-only LSTM,5,45,50,0.11653542269199102,2.7916816790398813
Sensor-only LSTM,5,45,51,0.1255261565825356,2.7484193714003644
Sensor-only LSTM,5,45,52,0.12833480772219205,3.0205221887779437
Sensor-only LSTM,5,45,53,0.1344270651471531,3.048445375304302
Sensor-only LSTM,5,45,54,0.1252330141996958,2.711919391211474
Sensor-only LSTM,5,45,55,0.11441612695085883,3.0691922533187226
Sensor-only LSTM,5,45,56,0.11717418826560204,2.9249302226292513
Sensor-only LSTM,5,45,57,0.1252611866232231,3.027502053220067
Sensor-only LSTM,5,45,58,0.1195268827322939,2.9951713570008986
Sensor-only LSTM,5,45,59,0.11326620734161087,3.1861042044822523
Sensor-only LSTM,5,45,60,0.11615034395366032,2.9418666757627605
Sensor-only LSTM,5,46,1,1.14905385966692,0.8266785249770062
Sensor-only LSTM,5,46,2,0.4883750598316823,0.7928320556816565
Sensor-only LSTM,5,46,3,0.40088355020509353,0.8025788704804154
Sensor-only LSTM,5,46,4,0.4037637704734849,0.7517934265376637
Sensor-only LSTM,5,46,5,0.4200044231240796,0.8803616062400226
Sensor-only LSTM,5,46,6,0.38658861375460574,0.8151553670565287
Sensor-only LSTM,5,46,7,0.357571352870549,0.9264925182240564
Sensor-only LSTM,5,46,8,0.341640270179459,0.9919960138307927
Sensor-only LSTM,5,46,9,0.3518294855459813,1.0948427921820987
Sensor-only LSTM,5,46,10,0.3264139785614854,0.8272693789480118
Sensor-only LSTM,5,46,11,0.32416092014371106,1.1121372811699313
Sensor-only LSTM,5,46,12,0.30102053727849754,0.994387579913909
Sensor-only LSTM,5,46,13,0.282404270939611,1.1663448848689377
Sensor-only LSTM,5,46,14,0.283758692165228,1.4380930667153444
Sensor-only LSTM,5,46,15,0.2715439516629208,1.566074325041201
Sensor-only LSTM,5,46,16,0.25154226379995687,1.1538728159428642
Sensor-only LSTM,5,46,17,0.23936099771551578,1.282479958776658
Sensor-only LSTM,5,46,18,0.23330219649918368,1.0864008773797713
Sensor-only LSTM,5,46,19,0.2272724040864877,1.2460487488055878
Sensor-only LSTM,5,46,20,0.21590922586163883,1.2828601230740297
Sensor-only LSTM,5,46,21,0.20689718799170842,1.4017552533801996
Sensor-only LSTM,5,46,22,0.18442442562463016,1.5842194017686684
Sensor-only LSTM,5,46,23,0.18169521907118755,1.281642883547447
Sensor-only LSTM,5,46,24,0.18204934056050337,1.4418389994018483
Sensor-only LSTM,5,46,25,0.1822791637412775,1.628494734284263
Sensor-only LSTM,5,46,26,0.161200436997151,1.7098935247092377
Sensor-only LSTM,5,46,27,0.18366218339127455,1.5166599891720578
Sensor-only LSTM,5,46,28,0.1673119713619552,1.8106923409790363
Sensor-only LSTM,5,46,29,0.23716383990506792,1.137699329659374
Sensor-only LSTM,5,46,30,0.22157199907423233,1.485991439666888
Sensor-only LSTM,5,46,31,0.20624192883779216,1.2803874246354372
Sensor-only LSTM,5,46,32,0.17213550574776593,1.2794857658055343
Sensor-only LSTM,5,46,33,0.14881939323324905,1.4610565226345442
Sensor-only LSTM,5,46,34,0.14926388798420623,1.3962818368238472
Sensor-only LSTM,5,46,35,0.14208658994602968,1.5903855371025373
Sensor-only LSTM,5,46,36,0.14568442287267785,1.649035979148227
Sensor-only LSTM,5,46,37,0.14381338708428154,1.735955447145978
Sensor-only LSTM,5,46,38,0.13439090511644192,1.7787537319230333
Sensor-only LSTM,5,46,39,0.1376530311618689,1.762364702966978
Sensor-only LSTM,5,46,40,0.12248990992528719,1.8510842801264997
Sensor-only LSTM,5,46,41,0.13704053922174464,1.9728371116725154
Sensor-only LSTM,5,46,42,0.10384430589252397,1.9891828112069916
Sensor-only LSTM,5,46,43,0.09388534098207002,1.957112411283097
Sensor-only LSTM,5,46,44,0.09197607942864827,1.9741409576538973
Sensor-only LSTM,5,46,45,0.09400263860949395,1.8100077809152864
Sensor-only LSTM,5,46,46,0.12723723365759962,1.902463205924074
Sensor-only LSTM,5,46,47,0.11730104801102542,2.1119936108589172
Sensor-only LSTM,5,46,48,0.11275261140917513,2.007954058907067
Sensor-only LSTM,5,46,49,0.10324913078680807,2.1241945813037066
Sensor-only LSTM,5,46,50,0.11535363062997343,1.983237038555885
Sensor-only LSTM,5,46,51,0.10428589934453532,2.0504637836035444
Sensor-only LSTM,5,46,52,0.08076630172595003,2.1832804191599853
Sensor-only LSTM,5,46,53,0.07236355875312114,2.159198251504068
Sensor-only LSTM,5,46,54,0.08190380077184414,2.229796066317918
Sensor-only LSTM,5,46,55,0.06932518050767654,1.8778256534967783
Sensor-only LSTM,5,46,56,0.07143796535694431,2.1907411232684395
Sensor-only LSTM,5,46,57,0.07064451294582944,2.020850143108353
Sensor-only LSTM,5,46,58,0.115610198727655,2.3190621027031786
Sensor-only LSTM,5,46,59,0.09450910335709882,2.283007197410056
Sensor-only LSTM,5,46,60,0.0707312992858305,2.309122416083418
Sensor-only LSTM,5,47,1,1.1024560148450415,0.9109567391297603
Sensor-only LSTM,5,47,2,0.5034063091111738,0.7710157327931882
Sensor-only LSTM,5,47,3,0.4074356988382456,0.8551029790372469
Sensor-only LSTM,5,47,4,0.3948433630560574,0.8730613611779123
Sensor-only LSTM,5,47,5,0.3787353949728473,1.0773219527438502
Sensor-only LSTM,5,47,6,0.43465567160411445,0.8197507828286609
Sensor-only LSTM,5,47,7,0.360735467280577,0.7623894785685109
Sensor-only LSTM,5,47,8,0.3480763751261091,0.989909828833814
Sensor-only LSTM,5,47,9,0.334540498537562,1.008967911922207
Sensor-only LSTM,5,47,10,0.3249513014485305,0.9116245825585579
Sensor-only LSTM,5,47,11,0.312084763175198,0.9332835246931832
Sensor-only LSTM,5,47,12,0.3003779395666963,0.8947410469784927
Sensor-only LSTM,5,47,13,0.30728306698828317,0.9202360497705592
Sensor-only LSTM,5,47,14,0.3171113877758986,1.086866593960696
Sensor-only LSTM,5,47,15,0.2934840203079337,1.1122158332190923
Sensor-only LSTM,5,47,16,0.29004018459209174,1.1094194159567732
Sensor-only LSTM,5,47,17,0.2818192476532086,1.292253203736911
Sensor-only LSTM,5,47,18,0.28782638873690636,1.036248782520774
Sensor-only LSTM,5,47,19,0.27402004784467826,1.2470108494318757
Sensor-only LSTM,5,47,20,0.26011274055768185,1.1950813611848299
Sensor-only LSTM,5,47,21,0.25086250138837235,1.2517516915403322
Sensor-only LSTM,5,47,22,0.2464326396858094,1.3405328696628787
Sensor-only LSTM,5,47,23,0.22919480261624298,1.4462420423075837
Sensor-only LSTM,5,47,24,0.21056454048025783,1.5750510071558523
Sensor-only LSTM,5,47,25,0.20470981487737583,1.766852486058601
Sensor-only LSTM,5,47,26,0.20578983272659515,1.6289450556227245
Sensor-only LSTM,5,47,27,0.18911245461630852,1.776835323817075
Sensor-only LSTM,5,47,28,0.1778714146323712,1.940043769542526
Sensor-only LSTM,5,47,29,0.20179314344592456,1.4397514890449852
Sensor-only LSTM,5,47,30,0.19189264511773899,1.650649187075017
Sensor-only LSTM,5,47,31,0.16081951566227465,2.152396648653648
Sensor-only LSTM,5,47,32,0.17239502367405096,2.0124627714137113
Sensor-only LSTM,5,47,33,0.15054255525149504,1.9506273412104673
Sensor-only LSTM,5,47,34,0.13892324348669977,2.284588514134069
Sensor-only LSTM,5,47,35,0.13443390116998366,2.061305210088034
Sensor-only LSTM,5,47,36,0.11274667282735831,2.3482783539240217
Sensor-only LSTM,5,47,37,0.11241907458699672,2.3287682593868464
Sensor-only LSTM,5,47,38,0.10238473203191802,2.04556869910698
Sensor-only LSTM,5,47,39,0.104252995671807,2.164109850767024
Sensor-only LSTM,5,47,40,0.11854333362674324,2.527191526203785
Sensor-only LSTM,5,47,41,0.11781203797009558,2.1806339505021177
Sensor-only LSTM,5,47,42,0.09630626494308872,2.4855220846410067
Sensor-only LSTM,5,47,43,0.10469477486083081,1.9598109086729445
Sensor-only LSTM,5,47,44,0.0816421603625515,2.4295181943185673
Sensor-only LSTM,5,47,45,0.07586072699646745,2.4453531376533286
Sensor-only LSTM,5,47,46,0.08738264455739295,2.660473730360437
Sensor-only LSTM,5,47,47,0.08829573767258007,2.5128896604419007
Sensor-only LSTM,5,47,48,0.10860571033116703,2.598094149268148
Sensor-only LSTM,5,47,49,0.09226548399963169,2.237222934793876
Sensor-only LSTM,5,47,50,0.10015963643457358,2.1194394757537722
Sensor-only LSTM,5,47,51,0.08520385774816848,2.2631093459184313
Sensor-only LSTM,5,47,52,0.07428066118746013,2.512340196398569
Sensor-only LSTM,5,47,53,0.07953043697265659,2.5651122267891027
Sensor-only LSTM,5,47,54,0.07418597770816072,2.3984822598705753
Sensor-only LSTM,5,47,55,0.06801494106241687,2.4237532495702587
Sensor-only LSTM,5,47,56,0.08361620418761596,2.582776832911703
Sensor-only LSTM,5,47,57,0.08132909013145356,2.358585397090052
Sensor-only LSTM,5,47,58,0.09716447195205768,2.7959792411552287
Sensor-only LSTM,5,47,59,0.08499727615379632,2.441439854930032
Sensor-only LSTM,5,47,60,0.10953025185643633,2.2450041464789607
Sensor-only LSTM,5,48,1,1.1294439412388984,1.024068546994927
Sensor-only LSTM,5,48,2,0.5077556248394045,0.7964201958174476
Sensor-only LSTM,5,48,3,0.43088754373197896,0.7591397682325896
Sensor-only LSTM,5,48,4,0.3896408047130379,1.0241141744129814
Sensor-only LSTM,5,48,5,0.38330148154529975,0.8871547564770441
Sensor-only LSTM,5,48,6,0.36486333384289155,0.9251567658888219
Sensor-only LSTM,5,48,7,0.396852531022366,0.8343886518128513
Sensor-only LSTM,5,48,8,0.34830166220737935,0.9554959148231043
Sensor-only LSTM,5,48,9,0.3393002146241714,1.0044689559586644
Sensor-only LSTM,5,48,10,0.33530460531518974,0.9850772706717565
Sensor-only LSTM,5,48,11,0.5915044406782312,1.1293557177549638
Sensor-only LSTM,5,48,12,0.43624167720647017,0.8975818187185803
Sensor-only LSTM,5,48,13,0.3740118898980256,1.1133002135238808
Sensor-only LSTM,5,48,14,0.32060744652622625,1.0641216661945079
Sensor-only LSTM,5,48,15,0.29960299723734907,1.0450556260734734
Sensor-only LSTM,5,48,16,0.28669998217533676,1.3623465387076452
Sensor-only LSTM,5,48,17,0.2776965410511307,0.993278912528256
Sensor-only LSTM,5,48,18,0.2587936551308982,1.4197274025381237
Sensor-only LSTM,5,48,19,0.26552443744357096,0.6518586196739469
Sensor-only LSTM,5,48,20,0.37606531381607056,0.7539385764603844
Sensor-only LSTM,5,48,21,0.4018492624254822,0.7738200626033407
Sensor-only LSTM,5,48,22,0.33075900544552644,0.720850648370179
Sensor-only LSTM,5,48,23,0.3095115433416285,0.8163118701061113
Sensor-only LSTM,5,48,24,0.2745545773608485,0.8995489455618948
Sensor-only LSTM,5,48,25,0.26072877006675943,1.0245125319972728
Sensor-only LSTM,5,48,26,0.24458266393882264,0.9605055943724994
Sensor-only LSTM,5,48,27,0.23223260631203432,0.9734245112607064
Sensor-only LSTM,5,48,28,0.20999507555872604,1.0963108380885493
Sensor-only LSTM,5,48,29,0.1980606083697759,1.269481710293008
Sensor-only LSTM,5,48,30,0.18887687414300924,1.2096491301084715
Sensor-only LSTM,5,48,31,0.17581730523811268,1.4432340492367495
Sensor-only LSTM,5,48,32,0.17212884641974033,1.290017518357411
Sensor-only LSTM,5,48,33,0.1589109168879259,0.9604935581079319
Sensor-only LSTM,5,48,34,0.16873530321783015,1.7893847207103386
Sensor-only LSTM,5,48,35,0.16165171025350525,1.5121202012777828
Sensor-only LSTM,5,48,36,0.14592577409423257,1.6650954285007853
Sensor-only LSTM,5,48,37,0.1323213371418082,1.5302479292111826
Sensor-only LSTM,5,48,38,0.12207923777574717,1.429477444047448
Sensor-only LSTM,5,48,39,0.18284068516520566,1.5338481334145464
Sensor-only LSTM,5,48,40,0.1361628105018101,1.537030804582112
Sensor-only LSTM,5,48,41,0.12746033037817756,1.4958862522363163
Sensor-only LSTM,5,48,42,0.11073950160867016,1.7884254251261178
Sensor-only LSTM,5,48,43,0.10245539527386427,1.8518787741161242
Sensor-only LSTM,5,48,44,0.10826733987892419,1.8099472888235777
Sensor-only LSTM,5,48,45,0.11463829012407557,2.073522157888992
Sensor-only LSTM,5,48,46,0.10992150230195277,1.6390247517411813
Sensor-only LSTM,5,48,47,0.1062026304276056,2.14638866399819
Sensor-only LSTM,5,48,48,0.09683231409351858,2.077486293495826
Sensor-only LSTM,5,48,49,0.08578510277765214,2.2563837553595096
Sensor-only LSTM,5,48,50,0.09972351656330697,2.3531206034639345
Sensor-only LSTM,5,48,51,0.08914351955482525,2.1100614424521567
Sensor-only LSTM,5,48,52,0.10435984951228523,2.0380300500232966
Sensor-only LSTM,5,48,53,0.08496635516870635,1.8343490698927354
Sensor-only LSTM,5,48,54,0.07910713470128286,2.418142504755806
Sensor-only LSTM,5,48,55,0.08123561586886006,2.0904233467216513
Sensor-only LSTM,5,48,56,0.09336280914290263,2.4258613795104518
Sensor-only LSTM,5,48,57,0.09261681033683669,1.5200246691203967
Sensor-only LSTM,5,48,58,0.07889491409482834,1.934437534969058
Sensor-only LSTM,5,48,59,0.07878018696558294,1.832414333050606
Sensor-only LSTM,5,48,60,0.0752792466027751,2.048446342286574
Sensor-only LSTM,5,49,1,1.1375969099735834,0.9394020309488229
Sensor-only LSTM,5,49,2,0.4779705369851872,1.0639313689317844
Sensor-only LSTM,5,49,3,0.441258265966301,0.8344521822419556
Sensor-only LSTM,5,49,4,0.38155666336581345,0.7782904619440842
Sensor-only LSTM,5,49,5,0.3831381278347356,0.9492714758689048
Sensor-only LSTM,5,49,6,0.3700649768861884,0.8504695001388246
Sensor-only LSTM,5,49,7,0.36583687962378253,1.0020248996136822
Sensor-only LSTM,5,49,8,0.3526738161264464,0.9172437575878087
Sensor-only LSTM,5,49,9,0.35604234617955827,0.9546821764680075
Sensor-only LSTM,5,49,10,0.354622260337944,0.9723041033844778
Sensor-only LSTM,5,49,11,0.34955617562939517,0.9386902607711856
Sensor-only LSTM,5,49,12,0.3363944482801521,0.9873914016367754
Sensor-only LSTM,5,49,13,0.335850211259347,1.0349972827879388
Sensor-only LSTM,5,49,14,0.3376195369290605,0.9570888773200397
Sensor-only LSTM,5,49,15,0.34380023597284803,1.034911469593488
Sensor-only LSTM,5,49,16,0.341913214014932,1.2911620056354274
Sensor-only LSTM,5,49,17,0.3176188444948984,0.9848227996996114
Sensor-only LSTM,5,49,18,0.31487966355305697,1.0612813931591105
Sensor-only LSTM,5,49,19,0.2957063791509649,1.134836453374327
Sensor-only LSTM,5,49,20,0.3229256859972544,1.296633701529393
Sensor-only LSTM,5,49,21,0.3043200750555957,1.110915495227218
Sensor-only LSTM,5,49,22,0.27402776098528575,1.5459232142886277
Sensor-only LSTM,5,49,23,0.27060265273922735,1.3125816097861815
Sensor-only LSTM,5,49,24,0.27056158194489405,1.472802067015406
Sensor-only LSTM,5,49,25,0.2495228084969258,1.7386200289306402
Sensor-only LSTM,5,49,26,0.24001762203899563,2.1835857533246466
Sensor-only LSTM,5,49,27,0.2942305957964613,1.3565724755420625
Sensor-only LSTM,5,49,28,0.23719263368604232,1.5908515000368315
Sensor-only LSTM,5,49,29,0.21519912028801486,1.8814308569928635
Sensor-only LSTM,5,49,30,0.2041908739547324,1.9970989695884898
Sensor-only LSTM,5,49,31,0.1983273082271428,2.1189737200612044
Sensor-only LSTM,5,49,32,0.19089561501561209,2.2617599291246644
Sensor-only LSTM,5,49,33,0.20497169843766577,1.507528340104241
Sensor-only LSTM,5,49,34,0.20493059672159913,1.9217359177471456
Sensor-only LSTM,5,49,35,0.18047603755856487,2.3766585162350715
Sensor-only LSTM,5,49,36,0.1888455219630658,1.8541838529849701
Sensor-only LSTM,5,49,37,0.17716448674733082,2.2911003463173314
Sensor-only LSTM,5,49,38,0.19449051049101362,2.3312038219762297
Sensor-only LSTM,5,49,39,0.16755643797835457,2.470635099106115
Sensor-only LSTM,5,49,40,0.170021482368286,2.489492479110414
Sensor-only LSTM,5,49,41,0.17810769634939175,2.5806257624171316
Sensor-only LSTM,5,49,42,0.14865126843465037,2.797952841475325
Sensor-only LSTM,5,49,43,0.19450556682456954,1.812915419070226
Sensor-only LSTM,5,49,44,0.1657682391319018,2.3623632510003305
Sensor-only LSTM,5,49,45,0.15407959421677117,2.2826871324635154
Sensor-only LSTM,5,49,46,0.15299061881526485,2.7046295940188743
Sensor-only LSTM,5,49,47,0.1418673557119907,2.811450877591999
Sensor-only LSTM,5,49,48,0.13355838888834345,2.206271891355265
Sensor-only LSTM,5,49,49,0.1400659968905525,2.7251181246037253
Sensor-only LSTM,5,49,50,0.15611337966113517,2.457845830192606
Sensor-only LSTM,5,49,51,0.1419317639151285,2.291776830201629
Sensor-only LSTM,5,49,52,0.1575838389878835,2.2010526004827247
Sensor-only LSTM,5,49,53,0.13753942535184735,2.22781972521506
Sensor-only LSTM,5,49,54,0.13394470809305695,2.749540164691847
Sensor-only LSTM,5,49,55,0.14084040027025135,2.3677713565481535
Sensor-only LSTM,5,49,56,0.14271221314004032,2.872498857650117
Sensor-only LSTM,5,49,57,0.13247185653460872,2.8224602515030206
Sensor-only LSTM,5,49,58,0.11887773775667718,2.933271285435439
Sensor-only LSTM,5,49,59,0.11777344746389763,3.0312121915679806
Sensor-only LSTM,5,49,60,0.12394440372906525,3.269200187652866
Sensor-only LSTM,5,50,1,1.0963516183553157,1.0284533630627006
Sensor-only LSTM,5,50,2,0.4987872965346607,1.009626430785381
Sensor-only LSTM,5,50,3,0.4065022627792277,0.9101355769349344
Sensor-only LSTM,5,50,4,0.4745222084598121,1.0790763838486102
Sensor-only LSTM,5,50,5,0.4144914065609655,0.8325230821623493
Sensor-only LSTM,5,50,6,0.3706537199593086,1.0388095033993512
Sensor-only LSTM,5,50,7,0.3583645545393046,1.1273473538692642
Sensor-only LSTM,5,50,8,0.34260141096936225,1.1222132380653478
Sensor-only LSTM,5,50,9,0.339483225971205,1.0488676322581134
Sensor-only LSTM,5,50,10,0.33487103206551244,1.1953069157820329
Sensor-only LSTM,5,50,11,0.32970682230653786,1.233201951350806
Sensor-only LSTM,5,50,12,0.3276558122626133,1.0649496143219106
Sensor-only LSTM,5,50,13,0.303067498574788,1.1575474198009483
Sensor-only LSTM,5,50,14,0.3117345749529368,1.2192415421363942
Sensor-only LSTM,5,50,15,0.28539576218206997,1.2135999161492355
Sensor-only LSTM,5,50,16,0.2571434334212301,1.492595800438767
Sensor-only LSTM,5,50,17,0.2596821150533864,1.4670058976179399
Sensor-only LSTM,5,50,18,0.21749394854833914,1.512301412393462
Sensor-only LSTM,5,50,19,0.2373989042045145,1.6522341410568926
Sensor-only LSTM,5,50,20,0.22604593900892989,1.7378255488737575
Sensor-only LSTM,5,50,21,0.1953793793114192,1.744804340713429
Sensor-only LSTM,5,50,22,0.17908724646837504,2.3323468514708354
Sensor-only LSTM,5,50,23,0.5467863573693879,0.7625449548477397
Sensor-only LSTM,5,50,24,0.30894173825823107,0.8654474166204345
Sensor-only LSTM,5,50,25,0.2325048638437048,1.1985571019554537
Sensor-only LSTM,5,50,26,0.21117936455470257,1.3943300390893307
Sensor-only LSTM,5,50,27,0.2163688793038605,0.9982192686268868
Sensor-only LSTM,5,50,28,0.19177382359579845,1.4712315956501592
Sensor-only LSTM,5,50,29,0.13916116048247898,1.6584799485886372
Sensor-only LSTM,5,50,30,0.17524926669011062,1.293357800262779
Sensor-only LSTM,5,50,31,0.13328887378817453,1.7911668684747484
Sensor-only LSTM,5,50,32,0.1390838058918459,2.001554495633523
Sensor-only LSTM,5,50,33,0.13724327356425756,1.6921064367584213
Sensor-only LSTM,5,50,34,0.1260692212295193,1.8595830946848328
Sensor-only LSTM,5,50,35,0.12428461090801797,1.7655976722075504
Sensor-only LSTM,5,50,36,0.10440074850439186,1.9199731801041018
Sensor-only LSTM,5,50,37,0.11433933534992305,2.055621711338091
Sensor-only LSTM,5,50,38,0.10264521163308052,1.804166309363687
Sensor-only LSTM,5,50,39,0.12395393313108197,2.2446356250804924
Sensor-only LSTM,5,50,40,0.11165871560423107,2.1471725231196643
Sensor-only LSTM,5,50,41,0.11475549646934798,2.508115178009249
Sensor-only LSTM,5,50,42,0.11753110361206852,1.8095539964782368
Sensor-only LSTM,5,50,43,0.09459737176702539,1.8598577141824257
Sensor-only LSTM,5,50,44,0.12003958206555397,1.9999637493797318
Sensor-only LSTM,5,50,45,0.09363334090648404,2.1479399217999458
Sensor-only LSTM,5,50,46,0.0926752364675593,2.0672975439945356
Sensor-only LSTM,5,50,47,0.09807433475223866,2.5491689983403907
Sensor-only LSTM,5,50,48,0.18869133413663292,1.566681935977136
Sensor-only LSTM,5,50,49,0.10222759164044476,1.749295426489672
Sensor-only LSTM,5,50,50,0.10227389882160225,1.767657762178585
Sensor-only LSTM,5,50,51,0.08815381890379412,1.9677091517038565
Sensor-only LSTM,5,50,52,0.09297311251981337,1.7460313138534438
Sensor-only LSTM,5,50,53,0.09533775203865286,2.1825329000345066
Sensor-only LSTM,5,50,54,0.10435126727102655,2.1132492839165455
Sensor-only LSTM,5,50,55,0.0995352822908792,1.9894529554828908
Sensor-only LSTM,5,50,56,0.08248404385077435,1.9836482455645468
Sensor-only LSTM,5,50,57,0.10723747913537586,1.9741186906956527
Sensor-only LSTM,5,50,58,0.0955665115451707,2.3323804025130204
Sensor-only LSTM,5,50,59,0.10153837892998607,2.1691059603881038
Sensor-only LSTM,5,50,60,0.08266269228668516,2.5888925007304304
Sensor-only LSTM,5,51,1,1.139307270143432,0.8777559008488365
Sensor-only LSTM,5,51,2,0.5069014092079721,0.9402728936707199
Sensor-only LSTM,5,51,3,0.3819733883369363,1.0504226500883043
Sensor-only LSTM,5,51,4,0.3819170938200583,0.892780799036006
Sensor-only LSTM,5,51,5,0.36278878506204637,1.0399929897340339
Sensor-only LSTM,5,51,6,0.35997707528065587,1.042032576207095
Sensor-only LSTM,5,51,7,0.35682670215333984,1.180620750916079
Sensor-only LSTM,5,51,8,0.34679354616011077,1.1320821497925173
Sensor-only LSTM,5,51,9,0.3362508203875333,1.1635232551542718
Sensor-only LSTM,5,51,10,0.3320415867367164,1.259395804857558
Sensor-only LSTM,5,51,11,0.32224944522068577,1.4658639869599972
Sensor-only LSTM,5,51,12,0.3550221221646889,1.7439146296783063
Sensor-only LSTM,5,51,13,0.5431638811618054,0.8026342294501059
Sensor-only LSTM,5,51,14,0.34636529926279036,1.0223091583331927
Sensor-only LSTM,5,51,15,0.3195374289224314,1.1600340613529116
Sensor-only LSTM,5,51,16,0.31600065456390963,1.2367805188806802
Sensor-only LSTM,5,51,17,0.3138575569214698,1.136756945081227
Sensor-only LSTM,5,51,18,0.3006150449650086,1.377646616794778
Sensor-only LSTM,5,51,19,0.30506397553946424,1.3276524738695636
Sensor-only LSTM,5,51,20,0.2813894381356794,1.089045078499512
Sensor-only LSTM,5,51,21,0.2834980448245127,1.4407515726999167
Sensor-only LSTM,5,51,22,0.2640212715182777,1.47623419561726
Sensor-only LSTM,5,51,23,0.26746526871200293,1.710344232603189
Sensor-only LSTM,5,51,24,0.268173566354824,1.2323035316647224
Sensor-only LSTM,5,51,25,0.2696446652365723,1.6281994879870545
Sensor-only LSTM,5,51,26,0.2370327517864462,1.7377329821106773
Sensor-only LSTM,5,51,27,0.23153221326557558,1.7151092335862934
Sensor-only LSTM,5,51,28,0.24301560479130782,1.6728215773650434
Sensor-only LSTM,5,51,29,0.20889729087217054,1.8867549138998836
Sensor-only LSTM,5,51,30,0.20765402085048623,1.8013739634609822
Sensor-only LSTM,5,51,31,0.1962410086512821,1.887656095767671
Sensor-only LSTM,5,51,32,0.18462765301638162,1.9401882110901598
Sensor-only LSTM,5,51,33,0.18565635669479463,1.8918292347490162
Sensor-only LSTM,5,51,34,0.1898485445445962,2.2391093407037124
Sensor-only LSTM,5,51,35,0.17939348016025422,2.363303520394571
Sensor-only LSTM,5,51,36,0.19823441915031673,2.084481980315794
Sensor-only LSTM,5,51,37,0.21576005880945479,1.9104503309451808
Sensor-only LSTM,5,51,38,0.19137874850718306,1.7284149688744694
Sensor-only LSTM,5,51,39,0.17775842408345263,2.3283130877672753
Sensor-only LSTM,5,51,40,0.16901141085925273,2.3428424901682376
Sensor-only LSTM,5,51,41,0.16267034112312803,2.217954129417987
Sensor-only LSTM,5,51,42,0.16884871621558048,1.7574115547993898
Sensor-only LSTM,5,51,43,0.1737735668297588,2.4017254638971774
Sensor-only LSTM,5,51,44,0.16234108300439584,2.3863903482755027
Sensor-only LSTM,5,51,45,0.15391420261795327,2.499450875903076
Sensor-only LSTM,5,51,46,0.1566852339984555,2.0208647493546366
Sensor-only LSTM,5,51,47,0.1492491303447228,2.1110699198031075
Sensor-only LSTM,5,51,48,0.16296707496794813,2.2273841180391534
Sensor-only LSTM,5,51,49,0.2236898014392599,2.2275155882665447
Sensor-only LSTM,5,51,50,0.15387751536861044,2.1182108277169913
Sensor-only LSTM,5,51,51,0.1253766191614885,2.2871412441165693
Sensor-only LSTM,5,51,52,0.12528080117490914,2.710435411840115
Sensor-only LSTM,5,51,53,0.12761608296902702,2.542862873782152
Sensor-only LSTM,5,51,54,0.12638125390799276,2.1751676165582747
Sensor-only LSTM,5,51,55,0.10069657985298841,2.423384198727598
Sensor-only LSTM,5,51,56,0.09648219544800726,2.417091380062843
Sensor-only LSTM,5,51,57,0.10517970504036295,2.561760096992337
Sensor-only LSTM,5,51,58,0.08269412626228506,2.4397262271095372
Sensor-only LSTM,5,51,59,0.10474422726907848,2.3312158321559555
Sensor-only LSTM,5,51,60,0.09279819712900035,2.1437994791526713
Vision-only LSTM,1,42,1,1.0304459846620924,0.6214929489219714
Vision-only LSTM,1,42,2,0.36076175308755404,0.7847327740249894
Vision-only LSTM,1,42,3,0.28644519604440105,0.7138404604398979
Vision-only LSTM,1,42,4,0.2668822141224461,0.5332197028229821
Vision-only LSTM,1,42,5,0.25372219758353404,0.6423390442720249
Vision-only LSTM,1,42,6,0.2432667727400016,0.6224220795420231
Vision-only LSTM,1,42,7,0.252833157081299,0.7171537301013055
Vision-only LSTM,1,42,8,0.22993933891494922,0.5577769667160086
Vision-only LSTM,1,42,9,0.22640632565830907,0.7127147864870556
Vision-only LSTM,1,42,10,0.22865976862435264,0.5497828267936437
Vision-only LSTM,1,42,11,0.23307403991729717,0.6269910678861026
Vision-only LSTM,1,42,12,0.21527358460690263,0.6279832505517535
Vision-only LSTM,1,42,13,0.21531161176542515,0.6609755046743767
Vision-only LSTM,1,42,14,0.2292807680837636,0.7187877408613449
Vision-only LSTM,1,42,15,0.21468296581088836,0.6432597872096287
Vision-only LSTM,1,42,16,0.21584936903118354,0.5843969821867453
Vision-only LSTM,1,42,17,0.21289169894666543,0.7206602908467846
Vision-only LSTM,1,42,18,0.22562404528608473,0.6072913827355053
Vision-only LSTM,1,42,19,0.20151608736972526,0.6482237802986329
Vision-only LSTM,1,42,20,0.19748621478878411,0.6437493169707572
Vision-only LSTM,1,42,21,0.20091138415377666,0.6557171613415332
Vision-only LSTM,1,42,22,0.1988207040970909,0.6158759782336792
Vision-only LSTM,1,42,23,0.23599870900679631,0.71954786793116
Vision-only LSTM,1,42,24,0.28871144733745674,0.5750763934238402
Vision-only LSTM,1,42,25,0.22427558082386137,0.718405286986498
Vision-only LSTM,1,42,26,0.20998281636361266,0.6854658721471732
Vision-only LSTM,1,42,27,0.20745579423646351,0.6479069139472593
Vision-only LSTM,1,42,28,0.20054766885835454,0.6399201728262991
Vision-only LSTM,1,42,29,0.19772950679906914,0.5983371818965336
Vision-only LSTM,1,42,30,0.19313262745756357,0.6833152767247374
Vision-only LSTM,1,42,31,0.1964827475732543,0.6390943228417473
Vision-only LSTM,1,42,32,0.19299502914535457,0.5654298660640197
Vision-only LSTM,1,42,33,0.19501995912043957,0.5727747305134308
Vision-only LSTM,1,42,34,0.18439612348837753,0.6953656300121384
Vision-only LSTM,1,42,35,0.19416675242843956,0.6414895710892647
Vision-only LSTM,1,42,36,0.19003678722648457,0.6182816483283443
Vision-only LSTM,1,42,37,0.19071281572109658,0.6321145623484997
Vision-only LSTM,1,42,38,0.18036650513444294,0.6825009094125569
Vision-only LSTM,1,42,39,0.2062848803723577,0.6183201241105858
Vision-only LSTM,1,42,40,0.1875471191579272,0.6527486085985441
Vision-only LSTM,1,42,41,0.18186644181554168,0.6250834423947135
Vision-only LSTM,1,42,42,0.18463320779037945,0.5743297677120073
Vision-only LSTM,1,42,43,0.1801673795977495,0.5842095134736857
Vision-only LSTM,1,42,44,0.17605818188571695,0.6299271833940372
Vision-only LSTM,1,42,45,0.17634477284891578,0.6058939555171775
Vision-only LSTM,1,42,46,0.16768201089579826,0.5924494370302689
Vision-only LSTM,1,42,47,0.15439585793355587,0.7597240659738237
Vision-only LSTM,1,42,48,0.15754832023110923,0.5734652219031717
Vision-only LSTM,1,42,49,0.1538463037685568,0.6371835911455145
Vision-only LSTM,1,42,50,0.1458725331289302,0.6101099075144254
Vision-only LSTM,1,42,51,0.18409223295519125,0.6496077525064318
Vision-only LSTM,1,42,52,0.16518268577507061,0.8390150685878607
Vision-only LSTM,1,42,53,0.17250757018358506,0.5705672639463121
Vision-only LSTM,1,42,54,0.1624362149251783,0.8562511174355788
Vision-only LSTM,1,42,55,0.1548505138610415,0.8574227106404068
Vision-only LSTM,1,42,56,0.16856850644282603,0.640401267538343
Vision-only LSTM,1,42,57,0.1784002105871543,0.718542265227412
Vision-only LSTM,1,42,58,0.16033341762636127,0.8868916150557358
Vision-only LSTM,1,42,59,0.17423874911420312,0.6272936374323923
Vision-only LSTM,1,42,60,0.16353885153122932,0.6219108843750298
Vision-only LSTM,1,43,1,1.0305601264571205,0.5483577367019853
Vision-only LSTM,1,43,2,0.372864417044439,0.7473702885569766
Vision-only LSTM,1,43,3,0.3015654132888179,0.7873690233915357
Vision-only LSTM,1,43,4,0.26742516364558594,0.6456635182008803
Vision-only LSTM,1,43,5,0.28977599094861256,0.7594009768725442
Vision-only LSTM,1,43,6,0.28218162356707444,0.6623177949175145
Vision-only LSTM,1,43,7,0.2542946279635435,0.558344561911229
Vision-only LSTM,1,43,8,0.27170435314468794,0.6653831042896027
Vision-only LSTM,1,43,9,0.2620084518876023,0.629530897055532
Vision-only LSTM,1,43,10,0.2350394165127333,0.5589609128624138
Vision-only LSTM,1,43,11,0.24456452527902517,0.4606361041778788
Vision-only LSTM,1,43,12,0.2503847401007222,0.5081535560280022
Vision-only LSTM,1,43,13,0.2315295653882795,0.5178227497721618
Vision-only LSTM,1,43,14,0.2350419447064253,0.6584771521842455
Vision-only LSTM,1,43,15,0.2147429056859691,0.5457781232440496
Vision-only LSTM,1,43,16,0.21762079260739306,0.6588468695024274
Vision-only LSTM,1,43,17,0.22934899360931227,0.6156271668287693
Vision-only LSTM,1,43,18,0.22392273453255568,0.6347187818252565
Vision-only LSTM,1,43,19,0.21602024301098427,0.6672132504280008
Vision-only LSTM,1,43,20,0.21684446107014227,0.5842843789536998
Vision-only LSTM,1,43,21,0.2109463182249339,0.6831399408682587
Vision-only LSTM,1,43,22,0.21802624924449757,0.6334864170265148
Vision-only LSTM,1,43,23,0.20499600657017908,0.6440365607352376
Vision-only LSTM,1,43,24,0.19939385502980644,0.6780600923755884
Vision-only LSTM,1,43,25,0.20225378482397485,0.6116282604166172
Vision-only LSTM,1,43,26,0.191235363575072,0.5707276498184264
Vision-only LSTM,1,43,27,0.20101319420235036,0.5784387183717337
Vision-only LSTM,1,43,28,0.19061603075463834,0.6218395145957513
Vision-only LSTM,1,43,29,0.20671403226597282,0.5955544922040069
Vision-only LSTM,1,43,30,0.18911705183513636,0.8044047728688525
Vision-only LSTM,1,43,31,0.19084221945770846,0.704194295714049
Vision-only LSTM,1,43,32,0.19263364880507283,0.7714090141227598
Vision-only LSTM,1,43,33,0.18300808561097506,0.9322223521659709
Vision-only LSTM,1,43,34,0.19294714682069944,0.6797441746766212
Vision-only LSTM,1,43,35,0.19802025275770002,0.7079362876916332
Vision-only LSTM,1,43,36,0.185665923144398,0.6913418865077338
Vision-only LSTM,1,43,37,0.18004432175798757,0.8880584887043422
Vision-only LSTM,1,43,38,0.19464025376101116,0.6482457259525418
Vision-only LSTM,1,43,39,0.20796253921654245,0.7581458059793623
Vision-only LSTM,1,43,40,0.1970402012598617,0.772508692226726
Vision-only LSTM,1,43,41,0.1854112162672872,0.758821890511759
Vision-only LSTM,1,43,42,0.1920301590715094,0.9201550980096593
Vision-only LSTM,1,43,43,0.1869052909635383,0.5772105003209234
Vision-only LSTM,1,43,44,0.20238601722895438,2.1528649570799163
Vision-only LSTM,1,43,45,0.19825483834758162,0.8709615908164836
Vision-only LSTM,1,43,46,0.18510484211559225,1.0372498432990453
Vision-only LSTM,1,43,47,0.17421793233864422,1.0680703735428099
Vision-only LSTM,1,43,48,0.17263566313121298,1.177362311732969
Vision-only LSTM,1,43,49,0.15868279973885815,1.027023935659283
Vision-only LSTM,1,43,50,0.188876723900419,0.83109419047442
Vision-only LSTM,1,43,51,0.17307038685859055,0.7982899496698873
Vision-only LSTM,1,43,52,0.16870709329953493,0.7247836987236105
Vision-only LSTM,1,43,53,0.16099484163126823,0.9858591273715973
Vision-only LSTM,1,43,54,0.15264323184227738,0.8010417763065679
Vision-only LSTM,1,43,55,0.16251433093609405,1.1936884205866471
Vision-only LSTM,1,43,56,0.16859506858744158,0.7844713122234436
Vision-only LSTM,1,43,57,0.17230970241120233,1.0494611430893686
Vision-only LSTM,1,43,58,0.16027374208193423,0.91926947193888
Vision-only LSTM,1,43,59,0.1547867486947577,0.9055736246606652
Vision-only LSTM,1,43,60,0.16215375443372926,0.8867528942575682
Vision-only LSTM,1,44,1,1.0278225705339166,0.42395493400671697
Vision-only LSTM,1,44,2,0.38646166629603573,0.4363210910083863
Vision-only LSTM,1,44,3,0.2907120913157164,0.36782761405473985
Vision-only LSTM,1,44,4,0.3006631223551315,0.534847432618621
Vision-only LSTM,1,44,5,0.27577838420794604,0.5883585417982917
Vision-only LSTM,1,44,6,0.2537283028807001,0.432287581577366
Vision-only LSTM,1,44,7,0.248388345088686,0.48126839886983735
Vision-only LSTM,1,44,8,0.2339073835447119,0.5357494077779962
Vision-only LSTM,1,44,9,0.2452154621976768,0.546960525261531
Vision-only LSTM,1,44,10,0.24471143111678215,0.5989699652828511
Vision-only LSTM,1,44,11,0.21732203983146178,0.5642794242257592
Vision-only LSTM,1,44,12,0.23232662382674246,0.5315696337500458
Vision-only LSTM,1,44,13,0.223924069698593,0.6331692232088473
Vision-only LSTM,1,44,14,0.22469641064805737,0.6044737005477432
Vision-only LSTM,1,44,15,0.21901941332429978,0.5188224996035954
Vision-only LSTM,1,44,16,0.22382068877803737,0.582341066462064
Vision-only LSTM,1,44,17,0.20427023897091842,0.5959869610844668
Vision-only LSTM,1,44,18,0.21454625947888928,0.6456336356871283
Vision-only LSTM,1,44,19,0.21107971319999788,0.6686953644520082
Vision-only LSTM,1,44,20,0.20784081839400756,0.5838581451861113
Vision-only LSTM,1,44,21,0.21377387151653623,0.527680471555117
Vision-only LSTM,1,44,22,0.2118455555569495,0.58139069051925
Vision-only LSTM,1,44,23,0.20126744996650925,0.6198141867572157
Vision-only LSTM,1,44,24,0.2161758224792586,0.805462399509343
Vision-only LSTM,1,44,25,0.19955481966409883,0.5525573944239497
Vision-only LSTM,1,44,26,0.20066412220288612,0.5456688512639929
Vision-only LSTM,1,44,27,0.19712869012854342,0.616667977629905
Vision-only LSTM,1,44,28,0.1946652126561525,0.6342535562797662
Vision-only LSTM,1,44,29,0.21013785231523996,0.863406926389604
Vision-only LSTM,1,44,30,0.20026998613190095,0.7841459337340774
Vision-only LSTM,1,44,31,0.24407310364137863,0.4973630613219813
Vision-only LSTM,1,44,32,0.20231966765970907,0.5481317344139207
Vision-only LSTM,1,44,33,0.19206529392930707,0.5540636135597149
Vision-only LSTM,1,44,34,0.20084786317958456,0.5599146859497769
Vision-only LSTM,1,44,35,0.19013026415348638,0.5953116112933406
Vision-only LSTM,1,44,36,0.18841384054330002,0.5995018002333069
Vision-only LSTM,1,44,37,0.18053382603957938,0.6995329877060976
Vision-only LSTM,1,44,38,0.20606767070029494,0.6671949077682644
Vision-only LSTM,1,44,39,0.18406249021911972,0.6308972065178853
Vision-only LSTM,1,44,40,0.18391281850223612,0.78644156603209
Vision-only LSTM,1,44,41,0.20670699373089227,0.5941374404843999
Vision-only LSTM,1,44,42,0.17482572911263686,0.6936672168297682
Vision-only LSTM,1,44,43,0.17169532585811204,1.2511398968710497
Vision-only LSTM,1,44,44,0.17053751876580026,0.8864411126228686
Vision-only LSTM,1,44,45,0.1775796815184796,0.5195075807706365
Vision-only LSTM,1,44,46,0.17705740181209123,0.5265085917899475
Vision-only LSTM,1,44,47,0.16943957642875473,0.6120497154870482
Vision-only LSTM,1,44,48,0.17022099126895562,0.5767081339884573
Vision-only LSTM,1,44,49,0.1726494313276122,1.0167243519946307
Vision-only LSTM,1,44,50,0.15952152342319048,1.2068390177340254
Vision-only LSTM,1,44,51,0.1612083425087829,1.1084801494719878
Vision-only LSTM,1,44,52,0.15821089535988273,1.8114108575109698
Vision-only LSTM,1,44,53,0.15763424685153868,1.4785830350729405
Vision-only LSTM,1,44,54,0.14974706246074276,1.7974114358733628
Vision-only LSTM,1,44,55,0.14998421225087377,1.9905140922039717
Vision-only LSTM,1,44,56,0.1622683768049524,1.0345558468603864
Vision-only LSTM,1,44,57,0.15002385529644816,1.331569713598949
Vision-only LSTM,1,44,58,0.14734628303537803,1.7365582086676947
Vision-only LSTM,1,44,59,0.13277479826597563,1.7574699401964806
Vision-only LSTM,1,44,60,0.1380268293553173,1.6516886823878973
Vision-only LSTM,1,45,1,1.0412089417781336,0.8378516483106953
Vision-only LSTM,1,45,2,0.41210958209498194,0.6581965484021844
Vision-only LSTM,1,45,3,0.3233930330361534,0.753857828942235
Vision-only LSTM,1,45,4,0.29028548452393743,0.6566113797123827
Vision-only LSTM,1,45,5,0.26244136141235097,0.6549313782208621
Vision-only LSTM,1,45,6,0.25198698951089515,0.5226228651385637
Vision-only LSTM,1,45,7,0.25571691306241473,0.5230263849911699
Vision-only LSTM,1,45,8,0.2594179833103957,0.6173102504396089
Vision-only LSTM,1,45,9,0.2622717677777104,0.6416173303495913
Vision-only LSTM,1,45,10,0.24407184985437663,0.6549848659233477
Vision-only LSTM,1,45,11,0.2700406109861489,0.6177445002509363
Vision-only LSTM,1,45,12,0.24035241780172562,0.603572863796472
Vision-only LSTM,1,45,13,0.22783301974134693,0.7024097205051836
Vision-only LSTM,1,45,14,0.22285683286292673,0.6826831456625236
Vision-only LSTM,1,45,15,0.2236175880037697,0.5919747433197573
Vision-only LSTM,1,45,16,0.20870130407414314,0.6548263844282247
Vision-only LSTM,1,45,17,0.24677508983298274,0.49714833733858055
Vision-only LSTM,1,45,18,0.22733757128941323,0.5562241799129755
Vision-only LSTM,1,45,19,0.21592173851834012,0.5777044558909329
Vision-only LSTM,1,45,20,0.21210477925461305,0.6096443464155592
Vision-only LSTM,1,45,21,0.21595714836029695,0.6164243773516244
Vision-only LSTM,1,45,22,0.2115878610520052,0.5601725838180296
Vision-only LSTM,1,45,23,0.2180477268948033,0.5927680715043839
Vision-only LSTM,1,45,24,0.2047944456558826,0.6521008775981467
Vision-only LSTM,1,45,25,0.20880074898035325,0.660840917987831
Vision-only LSTM,1,45,26,0.19837582602565432,0.669835881023537
Vision-only LSTM,1,45,27,0.20157510034859108,0.6343075735357823
Vision-only LSTM,1,45,28,0.1871171572221601,0.6898765862183314
Vision-only LSTM,1,45,29,0.1940956145781579,0.5925098335003359
Vision-only LSTM,1,45,30,0.19150310101360998,0.6019082492807064
Vision-only LSTM,1,45,31,0.17586493404149128,0.6000611841135836
Vision-only LSTM,1,45,32,0.18389239388565,0.644219117969337
Vision-only LSTM,1,45,33,0.18375115545620044,0.63172799847489
Vision-only LSTM,1,45,34,0.22318687228552384,0.5520428942801505
Vision-only LSTM,1,45,35,0.2103301916835053,0.537970441426746
Vision-only LSTM,1,45,36,0.17342397027166714,0.6394025336412139
Vision-only LSTM,1,45,37,0.18339036865134667,0.5784936479490008
Vision-only LSTM,1,45,38,0.17359966919430947,0.6135987430826548
Vision-only LSTM,1,45,39,0.16039877376653172,0.6079854638095109
Vision-only LSTM,1,45,40,0.15732186719280328,0.8804606265101418
Vision-only LSTM,1,45,41,0.19715868757732974,0.6086306838490522
Vision-only LSTM,1,45,42,0.17231769597691657,0.6988623364725046
Vision-only LSTM,1,45,43,0.1494432569631498,0.6515764692423385
Vision-only LSTM,1,45,44,0.14767029897056677,0.8649829630300684
Vision-only LSTM,1,45,45,0.1625745414697816,0.5506440319894057
Vision-only LSTM,1,45,46,0.17415633986430268,0.58884862590917
Vision-only LSTM,1,45,47,0.1659975475637382,0.6353043205547976
Vision-only LSTM,1,45,48,0.15170150729489648,0.55541526184923
Vision-only LSTM,1,45,49,0.14562359331278785,0.6586837019318367
Vision-only LSTM,1,45,50,0.14021383055461728,0.7494572860069683
Vision-only LSTM,1,45,51,0.1293812689141154,0.6313367580967629
Vision-only LSTM,1,45,52,0.14967143579602682,0.4888466759418885
Vision-only LSTM,1,45,53,0.15399019746396228,0.5738655776605479
Vision-only LSTM,1,45,54,0.1304630708513005,0.6052164090543486
Vision-only LSTM,1,45,55,0.1270656250463054,0.6512679273860073
Vision-only LSTM,1,45,56,0.1146869121479079,0.7436033978285093
Vision-only LSTM,1,45,57,0.11806671418304593,0.6482118311058925
Vision-only LSTM,1,45,58,0.1152771796188048,0.7598314793854639
Vision-only LSTM,1,45,59,0.1174534386502714,1.0140314594934259
Vision-only LSTM,1,45,60,0.12807933489481607,0.8332592438519845
Vision-only LSTM,1,46,1,1.055139256799353,0.648297166580674
Vision-only LSTM,1,46,2,0.36993361670445984,0.9699681311908258
Vision-only LSTM,1,46,3,0.3018214803780137,0.6210482928987819
Vision-only LSTM,1,46,4,0.29520995209284523,0.7525366470998688
Vision-only LSTM,1,46,5,0.26836697623445244,0.6289447734378418
Vision-only LSTM,1,46,6,0.2609353187925848,0.6369791043379521
Vision-only LSTM,1,46,7,0.26437348526928844,0.6618045303244261
Vision-only LSTM,1,46,8,0.2736278781335146,0.5567826804250041
Vision-only LSTM,1,46,9,0.23695051703065964,0.5567565309489049
Vision-only LSTM,1,46,10,0.2328159279415675,0.5276324698385203
Vision-only LSTM,1,46,11,0.23898963492734845,0.5557887201008057
Vision-only LSTM,1,46,12,0.21775417376268394,0.5594663572823726
Vision-only LSTM,1,46,13,0.21932424148510302,0.5870886988141252
Vision-only LSTM,1,46,14,0.21521198393967172,0.5577662186365208
Vision-only LSTM,1,46,15,0.2129373647006822,0.7110053057190757
Vision-only LSTM,1,46,16,0.2158848694989602,0.5775576824599592
Vision-only LSTM,1,46,17,0.21632991597367976,0.5057563472468898
Vision-only LSTM,1,46,18,0.22515724984262261,0.6112705069736615
Vision-only LSTM,1,46,19,0.20571657886950878,0.5951361298342421
Vision-only LSTM,1,46,20,0.2424389434769878,0.7605065250734113
Vision-only LSTM,1,46,21,0.23680681045204952,0.5955292177962557
Vision-only LSTM,1,46,22,0.22489701484548796,0.5475043012785962
Vision-only LSTM,1,46,23,0.20955652148814513,0.6070724522667611
Vision-only LSTM,1,46,24,0.19934435174107404,0.5502563173993953
Vision-only LSTM,1,46,25,0.20601733402792377,0.5431886305661572
Vision-only LSTM,1,46,26,0.19373335565588132,0.6068697079110196
Vision-only LSTM,1,46,27,0.1837415454810689,0.5020618201067487
Vision-only LSTM,1,46,28,0.18091429196307288,0.9093293113598846
Vision-only LSTM,1,46,29,0.1932965473605258,0.5523562354525743
Vision-only LSTM,1,46,30,0.18491849625829107,0.6000149632556133
Vision-only LSTM,1,46,31,0.18600962973608742,0.5517527270335821
Vision-only LSTM,1,46,32,0.18719707944443012,0.4481338523953091
Vision-only LSTM,1,46,33,0.16787012649051672,0.6454041881264193
Vision-only LSTM,1,46,34,0.17064385264562065,0.9857903065343447
Vision-only LSTM,1,46,35,0.1704581239126705,0.6029230502728896
Vision-only LSTM,1,46,36,0.15871311729684526,0.5521941761011785
Vision-only LSTM,1,46,37,0.14992442408171086,0.907789224911036
Vision-only LSTM,1,46,38,0.14721121253654232,0.6370369595528211
Vision-only LSTM,1,46,39,0.15603076319266362,0.7106816374581596
Vision-only LSTM,1,46,40,0.13841012259544336,1.1373540451574438
Vision-only LSTM,1,46,41,0.14375212213979877,0.5188026391086901
Vision-only LSTM,1,46,42,0.15081811494676242,0.8951684283365963
Vision-only LSTM,1,46,43,0.14713705410816572,1.5105198516102363
Vision-only LSTM,1,46,44,0.1545799105882938,0.8002861258485969
Vision-only LSTM,1,46,45,0.1410003834911525,0.6929157835898034
Vision-only LSTM,1,46,46,0.12167466152344829,0.5037588205372043
Vision-only LSTM,1,46,47,0.12219214492545064,0.948639594268374
Vision-only LSTM,1,46,48,0.1598709531742415,0.8093674244042838
Vision-only LSTM,1,46,49,0.13408070643229678,0.9947440787579716
Vision-only LSTM,1,46,50,0.12019775995725782,1.3444692954612385
Vision-only LSTM,1,46,51,0.12249592512039534,1.2844324584823859
Vision-only LSTM,1,46,52,0.1268824834152048,1.0293124779918283
Vision-only LSTM,1,46,53,0.13028010931255485,1.8670227188827857
Vision-only LSTM,1,46,54,0.13204334421498015,0.7193869891687759
Vision-only LSTM,1,46,55,0.11428963557930451,1.7974243627829902
Vision-only LSTM,1,46,56,0.12553326341095591,0.6158540851477557
Vision-only LSTM,1,46,57,0.12996198847285056,1.627746870208227
Vision-only LSTM,1,46,58,0.11658132633911435,1.2996580129356536
Vision-only LSTM,1,46,59,0.10267072709834003,1.5889354265281301
Vision-only LSTM,1,46,60,0.11450138064914671,0.7322346629717424
Vision-only LSTM,1,47,1,1.0424766381434996,0.5387047824744658
Vision-only LSTM,1,47,2,0.39430790069211746,0.6871415410714079
Vision-only LSTM,1,47,3,0.3109784252382586,0.5950198769257004
Vision-only LSTM,1,47,4,0.27093350412587547,0.5751527894905278
Vision-only LSTM,1,47,5,0.2660554292603759,0.5910837837891258
Vision-only LSTM,1,47,6,0.27277338493794095,0.5736324712165497
Vision-only LSTM,1,47,7,0.2528749692080792,0.4663708559247183
Vision-only LSTM,1,47,8,0.2401273967595118,0.6284653955691766
Vision-only LSTM,1,47,9,0.22706001678076176,0.5954846756013434
Vision-only LSTM,1,47,10,0.22709613404297446,0.5783806089116592
Vision-only LSTM,1,47,11,0.22337754660940112,0.6255194445607297
Vision-only LSTM,1,47,12,0.2229296440971147,0.6359281334674584
Vision-only LSTM,1,47,13,0.21968036446477507,0.5720261502503349
Vision-only LSTM,1,47,14,0.21351997922707308,0.6762075096493747
Vision-only LSTM,1,47,15,0.21572694930203287,0.5478546304444722
Vision-only LSTM,1,47,16,0.21504603113708753,0.7615209710110659
Vision-only LSTM,1,47,17,0.20982788219076534,0.6741533148916637
Vision-only LSTM,1,47,18,0.23133716183321648,0.7302074414254235
Vision-only LSTM,1,47,19,0.2219436907496986,0.6873472368176753
Vision-only LSTM,1,47,20,0.21701298556937795,0.6136552500821635
Vision-only LSTM,1,47,21,0.20732831863312998,0.6839549758430546
Vision-only LSTM,1,47,22,0.2069851570243765,0.7214156096523913
Vision-only LSTM,1,47,23,0.2037507424825232,0.7252247345553754
Vision-only LSTM,1,47,24,0.20390250254307873,0.6390054117208757
Vision-only LSTM,1,47,25,0.21535102132281694,0.7559207262045682
Vision-only LSTM,1,47,26,0.20820287250321437,0.6172189627241038
Vision-only LSTM,1,47,27,0.20118632709188214,0.6471116377716294
Vision-only LSTM,1,47,28,0.20394317574826554,0.584150475244852
Vision-only LSTM,1,47,29,0.2020051969813245,0.5573409692046527
Vision-only LSTM,1,47,30,0.2027929238104439,0.5746683712338002
Vision-only LSTM,1,47,31,0.19682200469287411,0.851446561858964
Vision-only LSTM,1,47,32,0.20704824441693365,0.7350273267902918
Vision-only LSTM,1,47,33,0.2026075599818212,0.6632584010561308
Vision-only LSTM,1,47,34,0.19368481929305148,0.6302606274278159
Vision-only LSTM,1,47,35,0.19332140255238298,0.6605708852441555
Vision-only LSTM,1,47,36,0.20063111451792395,0.5685038274189211
Vision-only LSTM,1,47,37,0.1866219868060994,0.6046743315783186
Vision-only LSTM,1,47,38,0.18316371988179792,0.7616415511605874
Vision-only LSTM,1,47,39,0.1985247486155265,0.5563283644507266
Vision-only LSTM,1,47,40,0.20794323453310817,0.6259506559018944
Vision-only LSTM,1,47,41,0.19227327884783163,0.5350399570738744
Vision-only LSTM,1,47,42,0.1883549690246582,0.5608050170622032
Vision-only LSTM,1,47,43,0.17571923101886758,0.703799788213376
Vision-only LSTM,1,47,44,0.17663769705305826,0.7536171586945871
Vision-only LSTM,1,47,45,0.18629567807157688,0.9516924583593255
Vision-only LSTM,1,47,46,0.18381562959150782,0.5783600407014103
Vision-only LSTM,1,47,47,0.15890751423504373,0.7465883724750713
Vision-only LSTM,1,47,48,0.16443911470646935,0.9734874352094263
Vision-only LSTM,1,47,49,0.18075326253713864,0.7047383495815395
Vision-only LSTM,1,47,50,0.16280307309635597,0.8677612032577302
Vision-only LSTM,1,47,51,0.165003121155801,0.6808234278143889
Vision-only LSTM,1,47,52,0.1412335384412592,0.9552156060496716
Vision-only LSTM,1,47,53,0.1734867835873314,0.8572933044776602
Vision-only LSTM,1,47,54,0.1754022272713803,0.9319374138563559
Vision-only LSTM,1,47,55,0.15844130711251958,0.673418344570562
Vision-only LSTM,1,47,56,0.1532074317317754,0.6699004153598029
Vision-only LSTM,1,47,57,0.14181002698664588,0.972976795555848
Vision-only LSTM,1,47,58,0.12823302079757348,0.94984566523016
Vision-only LSTM,1,47,59,0.15152000235382188,1.103956050932626
Vision-only LSTM,1,47,60,0.14468814767118163,0.9183592986690361
Vision-only LSTM,1,48,1,1.049832722650976,0.4786494038139999
Vision-only LSTM,1,48,2,0.36312933651063717,0.6177305291783635
Vision-only LSTM,1,48,3,0.28838316257699387,0.5930538844449965
Vision-only LSTM,1,48,4,0.3135357536146415,0.81277099211136
Vision-only LSTM,1,48,5,0.2937625024334824,0.508149154343695
Vision-only LSTM,1,48,6,0.28188204309853826,0.5415654825964313
Vision-only LSTM,1,48,7,0.2552927639724877,0.5077368171897324
Vision-only LSTM,1,48,8,0.24721677110130644,0.5284644188027462
Vision-only LSTM,1,48,9,0.25143714903465497,0.5237365989502621
Vision-only LSTM,1,48,10,0.2499219240371005,0.5159465250260425
Vision-only LSTM,1,48,11,0.24994042721035148,0.5741537547273956
Vision-only LSTM,1,48,12,0.27413679540230634,0.44257939505377153
Vision-only LSTM,1,48,13,0.24898036988165692,0.47667186291775115
Vision-only LSTM,1,48,14,0.2305412745288817,0.5512213409727974
Vision-only LSTM,1,48,15,0.2274827431672027,0.5916293565832094
Vision-only LSTM,1,48,16,0.23164412687185507,0.5079401120449762
Vision-only LSTM,1,48,17,0.22563626378004842,0.5175181109013047
Vision-only LSTM,1,48,18,0.2086626076463697,0.5527548294053638
Vision-only LSTM,1,48,19,0.21269062253088675,0.6345043592779767
Vision-only LSTM,1,48,20,0.21756815609750127,0.5684384940898893
Vision-only LSTM,1,48,21,0.20291358005223387,0.571181630239328
Vision-only LSTM,1,48,22,0.21263248534806686,0.6061228710994031
Vision-only LSTM,1,48,23,0.2439025003018561,0.6484758164928894
Vision-only LSTM,1,48,24,0.2139991994163647,0.6353122442023559
Vision-only LSTM,1,48,25,0.19692056993570128,0.6259323783117333
Vision-only LSTM,1,48,26,0.197660265978412,0.7840127094611682
Vision-only LSTM,1,48,27,0.18116029334537512,0.8161221800110375
Vision-only LSTM,1,48,28,0.1771480011195861,0.746710356473298
Vision-only LSTM,1,48,29,0.22194890313189555,0.7223449056066057
Vision-only LSTM,1,48,30,0.20408409602967575,0.6991664021933915
Vision-only LSTM,1,48,31,0.19482058081386422,0.8907322966468284
Vision-only LSTM,1,48,32,0.1847581629988452,0.6998892739762707
Vision-only LSTM,1,48,33,0.17814807185094442,0.5954838655889034
Vision-only LSTM,1,48,34,0.1905087849897359,1.0141530994567982
Vision-only LSTM,1,48,35,0.17129163013319834,0.8449441108782336
Vision-only LSTM,1,48,36,0.16920443152296294,1.416309056151463
Vision-only LSTM,1,48,37,0.16953207365481177,0.7911409667187392
Vision-only LSTM,1,48,38,0.18026870067562417,1.1765148216854602
Vision-only LSTM,1,48,39,0.17958084425143211,1.4423025623979184
Vision-only LSTM,1,48,40,0.1716475910146298,1.1885522773852513
Vision-only LSTM,1,48,41,0.16066244930065574,1.572462166216326
Vision-only LSTM,1,48,42,0.15414481808925173,1.5954232053944462
Vision-only LSTM,1,48,43,0.16738990971962905,0.7547733968873538
Vision-only LSTM,1,48,44,0.1596478905625009,2.7873611880439007
Vision-only LSTM,1,48,45,0.16628112038196527,1.2835296437894024
Vision-only LSTM,1,48,46,0.15170711594167524,1.2276611391599417
Vision-only LSTM,1,48,47,0.17615827622962027,0.6794899476543693
Vision-only LSTM,1,48,48,0.15827297053653816,1.2095119617781769
Vision-only LSTM,1,48,49,0.15265121854392658,1.7828417625590627
Vision-only LSTM,1,48,50,0.16262760418404218,1.5341113581902013
Vision-only LSTM,1,48,51,0.15154305461514628,0.7017836936415648
Vision-only LSTM,1,48,52,0.15206229818703063,1.624926389093497
Vision-only LSTM,1,48,53,0.16634712814551583,1.1510736325763524
Vision-only LSTM,1,48,54,0.15022691363081575,1.4809435519235563
Vision-only LSTM,1,48,55,0.14595385997351099,1.227788954723306
Vision-only LSTM,1,48,56,0.13907738802507794,1.539471207797699
Vision-only LSTM,1,48,57,0.14018434368596305,1.5449577221408706
Vision-only LSTM,1,48,58,0.1405755572873288,1.173282053569562
Vision-only LSTM,1,48,59,0.13061638667647982,1.0692356472104725
Vision-only LSTM,1,48,60,0.1385262479494712,1.632482985921001
Vision-only LSTM,1,49,1,1.0317390417407506,0.7526753903747355
Vision-only LSTM,1,49,2,0.3631469291551233,0.8904487156080749
Vision-only LSTM,1,49,3,0.30305505524702175,0.5251023224252325
Vision-only LSTM,1,49,4,0.3046048715032481,0.42659635129589707
Vision-only LSTM,1,49,5,0.2760240891249564,0.52295668788676
Vision-only LSTM,1,49,6,0.2524336722724112,0.5546335991573533
Vision-only LSTM,1,49,7,0.24967575478304502,0.5109312511839956
Vision-only LSTM,1,49,8,0.23703605376486409,0.5204685239796868
Vision-only LSTM,1,49,9,0.23436144606506987,0.5889293435547087
Vision-only LSTM,1,49,10,0.23735719149403026,0.6209702767134962
Vision-only LSTM,1,49,11,0.23007357098519582,0.5736930613997597
Vision-only LSTM,1,49,12,0.22917469820926403,0.5770955797542566
Vision-only LSTM,1,49,13,0.22356303851836135,0.5261475861978481
Vision-only LSTM,1,49,14,0.2257661025095983,0.5535373109660309
Vision-only LSTM,1,49,15,0.21980460473825425,0.5317779256956382
Vision-only LSTM,1,49,16,0.22212814313312593,0.5047935595115026
Vision-only LSTM,1,49,17,0.2141199980348092,0.6010915926917294
Vision-only LSTM,1,49,18,0.2194422909034574,0.5314925956838535
Vision-only LSTM,1,49,19,0.21951428378346807,0.5842613895702912
Vision-only LSTM,1,49,20,0.20658139208146126,0.5797397655511053
Vision-only LSTM,1,49,21,0.20680253737380438,0.6445873409384701
Vision-only LSTM,1,49,22,0.21685056676137346,0.6235616165418295
Vision-only LSTM,1,49,23,0.20201581808180533,0.5513558077862177
Vision-only LSTM,1,49,24,0.19945092990462923,0.7231701836770935
Vision-only LSTM,1,49,25,0.2160017622352966,0.6138218060541952
Vision-only LSTM,1,49,26,0.19969059774356573,0.5819149484986779
Vision-only LSTM,1,49,27,0.22882511929539004,0.6291311077726712
Vision-only LSTM,1,49,28,0.21163105160034598,0.5621569158833482
Vision-only LSTM,1,49,29,0.20127404658043663,0.577099712670974
Vision-only LSTM,1,49,30,0.2138735842862399,0.6678964730891042
Vision-only LSTM,1,49,31,0.1946229452833185,0.6700944548601624
Vision-only LSTM,1,49,32,0.18856251470717117,0.5837129447882531
Vision-only LSTM,1,49,33,0.17532435247415692,0.6662800491356
Vision-only LSTM,1,49,34,0.19044532877052842,0.5647622055415088
Vision-only LSTM,1,49,35,0.1860586001937533,0.5837697085438285
Vision-only LSTM,1,49,36,0.16168485437078817,0.617585726222902
Vision-only LSTM,1,49,37,0.18712625992547396,0.647075351124602
Vision-only LSTM,1,49,38,0.1924050900475712,0.5733865086590594
Vision-only LSTM,1,49,39,0.17710890543050284,0.6725740862280067
Vision-only LSTM,1,49,40,0.17260443673069334,0.6468670177166067
Vision-only LSTM,1,49,41,0.17668847966971285,0.5778155237811167
Vision-only LSTM,1,49,42,0.1649981886331739,0.6461127427459326
Vision-only LSTM,1,49,43,0.16311882262153674,0.9015704401782412
Vision-only LSTM,1,49,44,0.16010201419044978,0.754768782679921
Vision-only LSTM,1,49,45,0.18373617067988068,0.9553316187238481
Vision-only LSTM,1,49,46,0.1554310809715501,0.7172927704544062
Vision-only LSTM,1,49,47,0.14847334861975314,0.596482888371752
Vision-only LSTM,1,49,48,0.14607660459563007,0.683320491111972
Vision-only LSTM,1,49,49,0.13900403553782648,0.8895536379486447
Vision-only LSTM,1,49,50,0.14184074738918634,0.8651469074486436
Vision-only LSTM,1,49,51,0.14041964414668112,0.9597899802732017
Vision-only LSTM,1,49,52,0.15563477572113238,1.3413783122924015
Vision-only LSTM,1,49,53,0.1354117135701731,1.805157583542715
Vision-only LSTM,1,49,54,0.11918760401736327,2.1895415945333943
Vision-only LSTM,1,49,55,0.11250397907558549,0.6517053409918862
Vision-only LSTM,1,49,56,0.12941368587709148,0.6246472642985437
Vision-only LSTM,1,49,57,0.12664698004759253,0.8457983317736154
Vision-only LSTM,1,49,58,0.1096783666464822,1.275500358273695
Vision-only LSTM,1,49,59,0.11017813110153614,1.147172177571655
Vision-only LSTM,1,49,60,0.09419456994227451,1.442347475854715
Vision-only LSTM,1,50,1,1.007247227584304,0.5014897503380505
Vision-only LSTM,1,50,2,0.3610596752841241,0.7193726824764436
Vision-only LSTM,1,50,3,0.3124644017307521,0.37412924917738893
Vision-only LSTM,1,50,4,0.2928079215656201,0.5779514373817034
Vision-only LSTM,1,50,5,0.3037069221777523,0.6967288749897755
Vision-only LSTM,1,50,6,0.2688097461123308,0.5650827457944803
Vision-only LSTM,1,50,7,0.25551954901526336,0.5476369068370175
Vision-only LSTM,1,50,8,0.26838056088813556,0.5605775924161295
Vision-only LSTM,1,50,9,0.2624137856130377,0.5083303539789198
Vision-only LSTM,1,50,10,0.2371531359090723,0.537986041255592
Vision-only LSTM,1,50,11,0.24343358417388697,0.6095496919669945
Vision-only LSTM,1,50,12,0.23128920318822285,0.5610435700172898
Vision-only LSTM,1,50,13,0.2319847515441688,0.5338286343860427
Vision-only LSTM,1,50,14,0.22614425016615225,0.7360214355794139
Vision-only LSTM,1,50,15,0.21053322462358157,0.5741279599739071
Vision-only LSTM,1,50,16,0.23098506363335572,0.5232815147539605
Vision-only LSTM,1,50,17,0.21960654337907629,0.6050963414602559
Vision-only LSTM,1,50,18,0.2169598507228666,0.5152190872458292
Vision-only LSTM,1,50,19,0.21286719876168544,0.7302305776336908
Vision-only LSTM,1,50,20,0.21416675281993872,0.588977138607507
Vision-only LSTM,1,50,21,0.22059568902993115,0.6545260891911868
Vision-only LSTM,1,50,22,0.21038623654534455,0.6704361673358601
Vision-only LSTM,1,50,23,0.1957819124576057,0.6635771589021763
Vision-only LSTM,1,50,24,0.1994584719266692,0.5940165668413574
Vision-only LSTM,1,50,25,0.20844532615364258,0.702983244363242
Vision-only LSTM,1,50,26,0.21014302450279174,0.5671563078522432
Vision-only LSTM,1,50,27,0.1987615911356491,0.5989963831672879
Vision-only LSTM,1,50,28,0.19461134079784193,0.5733341840984186
Vision-only LSTM,1,50,29,0.1976965705681991,0.7809878705182666
Vision-only LSTM,1,50,30,0.19845338453519243,1.5668655695467875
Vision-only LSTM,1,50,31,0.17911620450928936,0.7336496611904798
Vision-only LSTM,1,50,32,0.1894205237336704,0.6226005010322455
Vision-only LSTM,1,50,33,0.1919335071157852,0.6613860757595837
Vision-only LSTM,1,50,34,0.22869867355841111,0.7959885485079803
Vision-only LSTM,1,50,35,0.25586366096252594,0.5551716685451301
Vision-only LSTM,1,50,36,0.19592216727295192,0.5968970659831285
Vision-only LSTM,1,50,37,0.18333877553432484,0.7601997518845575
Vision-only LSTM,1,50,38,0.17874721799682722,0.8775355001165682
Vision-only LSTM,1,50,39,0.1864097794520166,0.8197774595856292
Vision-only LSTM,1,50,40,0.17908127889321226,0.7476259242251234
Vision-only LSTM,1,50,41,0.17566034077754905,0.8299482108388619
Vision-only LSTM,1,50,42,0.17781029135758586,0.9604431815382944
Vision-only LSTM,1,50,43,0.18555715854244184,0.8036193846172381
Vision-only LSTM,1,50,44,0.1781425889201123,0.8551130916072013
Vision-only LSTM,1,50,45,0.1733635132548114,1.2743322399505403
Vision-only LSTM,1,50,46,0.16639469844388785,1.0596363222152307
Vision-only LSTM,1,50,47,0.1691543994446229,0.9533305485231072
Vision-only LSTM,1,50,48,0.16964210276600766,0.8528495118318739
Vision-only LSTM,1,50,49,0.1740122333370598,0.9077710021576166
Vision-only LSTM,1,50,50,0.15808902723946108,1.1619738394578047
Vision-only LSTM,1,50,51,0.17157834178113995,1.2597684919857566
Vision-only LSTM,1,50,52,0.16937553869768848,1.0554892557245568
Vision-only LSTM,1,50,53,0.163395031177763,1.2867884772402123
Vision-only LSTM,1,50,54,0.16443454161707913,1.5574464861155182
Vision-only LSTM,1,50,55,0.1725982971956809,0.9314071136630244
Vision-only LSTM,1,50,56,0.15364487655231726,1.0437026966745873
Vision-only LSTM,1,50,57,0.1541509489731595,0.8325504430802051
Vision-only LSTM,1,50,58,0.15715330157332755,1.7953094105710679
Vision-only LSTM,1,50,59,0.16259654194373194,0.7880214090347759
Vision-only LSTM,1,50,60,0.1632969734633541,1.1761786132441752
Vision-only LSTM,1,51,1,1.0417425265904576,0.9123951381607376
Vision-only LSTM,1,51,2,0.36955898475969556,0.6600738817540854
Vision-only LSTM,1,51,3,0.28957945705926436,0.5426453765583238
Vision-only LSTM,1,51,4,0.2709708513478951,0.5481922972314762
Vision-only LSTM,1,51,5,0.2540033716997097,0.553943321577408
Vision-only LSTM,1,51,6,0.25707411016412035,0.5696731913889479
Vision-only LSTM,1,51,7,0.2528016306414082,0.5975491603215536
Vision-only LSTM,1,51,8,0.26510809997937484,0.5832034480334328
Vision-only LSTM,1,51,9,0.2558230910207366,0.5319500009624963
Vision-only LSTM,1,51,10,0.24883719085547318,0.6126937777647432
Vision-only LSTM,1,51,11,0.23647301102476367,0.6876367179040389
Vision-only LSTM,1,51,12,0.24730412693187906,0.6220397028361352
Vision-only LSTM,1,51,13,0.22759312541575744,0.6194660006485395
Vision-only LSTM,1,51,14,0.23470374974817368,0.6110656044486934
Vision-only LSTM,1,51,15,0.2339643880010091,0.5970851604824796
Vision-only LSTM,1,51,16,0.21694252021418287,0.6733703292219019
Vision-only LSTM,1,51,17,0.22205093209740567,0.6311227753367938
Vision-only LSTM,1,51,18,0.21691528571194535,0.6061084436904834
Vision-only LSTM,1,51,19,0.2153502290685825,0.7489728616390463
Vision-only LSTM,1,51,20,0.21496553422120224,0.6476027725393292
Vision-only LSTM,1,51,21,0.21989181384829137,0.5733345978789859
Vision-only LSTM,1,51,22,0.23858072622455795,0.7690787808637699
Vision-only LSTM,1,51,23,0.2111183765996133,0.6393310249289127
Vision-only LSTM,1,51,24,0.20858210053977638,0.6444082691468908
Vision-only LSTM,1,51,25,0.2094816410270271,0.619805123055631
Vision-only LSTM,1,51,26,0.20615753087903593,0.7167879629458459
Vision-only LSTM,1,51,27,0.2017447866526917,0.6286574845559567
Vision-only LSTM,1,51,28,0.2072185541504277,0.6981766843031975
Vision-only LSTM,1,51,29,0.19351967142810095,0.7564199328797419
Vision-only LSTM,1,51,30,0.19774633935603414,0.7965707293627647
Vision-only LSTM,1,51,31,0.20172999926635407,0.651561998006589
Vision-only LSTM,1,51,32,0.1972674831546394,0.8694422896248553
Vision-only LSTM,1,51,33,0.19797278402732893,0.8168130678005626
Vision-only LSTM,1,51,34,0.17723389718622007,1.133718636047009
Vision-only LSTM,1,51,35,0.1794198618383865,1.098983070057518
Vision-only LSTM,1,51,36,0.17602556753275872,1.352716559477822
Vision-only LSTM,1,51,37,0.16798455448681432,1.4975950099192012
Vision-only LSTM,1,51,38,0.16861268883481675,0.8170606572438711
Vision-only LSTM,1,51,39,0.1505135225468896,0.8744279423580198
Vision-only LSTM,1,51,40,0.15512055957742577,0.7810880968530722
Vision-only LSTM,1,51,41,0.16777582739698638,1.1057641883878588
Vision-only LSTM,1,51,42,0.14783834738411733,1.0698923567169398
Vision-only LSTM,1,51,43,0.13047464783011328,1.2906324546276524
Vision-only LSTM,1,51,44,0.13505700300247173,1.434297446883918
Vision-only LSTM,1,51,45,0.1429386447294905,1.1494766420917097
Vision-only LSTM,1,51,46,0.16120805610589875,1.419080059989053
Vision-only LSTM,1,51,47,0.13504737283379242,1.3668023858949605
Vision-only LSTM,1,51,48,0.12256300220263694,1.6983940913605522
Vision-only LSTM,1,51,49,0.10742095204443657,1.6543378886909261
Vision-only LSTM,1,51,50,0.13302779907010137,1.219155958648654
Vision-only LSTM,1,51,51,0.10761260194532106,1.6335733534604218
Vision-only LSTM,1,51,52,0.1409546387499842,1.32236890235537
Vision-only LSTM,1,51,53,0.11596950975694632,1.868241151947083
Vision-only LSTM,1,51,54,0.12647540743610516,1.142116141917508
Vision-only LSTM,1,51,55,0.10365749664632157,1.7789861548719323
Vision-only LSTM,1,51,56,0.1216155363322404,2.017883412475528
Vision-only LSTM,1,51,57,0.10986713266863887,1.34302060048543
Vision-only LSTM,1,51,58,0.13301465170043275,1.6177256306285817
Vision-only LSTM,1,51,59,0.08896607145905348,1.8365591492101676
Vision-only LSTM,1,51,60,0.09674789128781539,1.528198154588509
Vision-only LSTM,2,42,1,1.0468330433788566,0.5305176525342542
Vision-only LSTM,2,42,2,0.3549037360830833,0.5123925404080047
Vision-only LSTM,2,42,3,0.24544397290707506,0.5911767631447341
Vision-only LSTM,2,42,4,0.21612371264580615,0.6337512906632722
Vision-only LSTM,2,42,5,0.19929298521050734,0.7178626386307936
Vision-only LSTM,2,42,6,0.18951077137249117,0.6874733052335148
Vision-only LSTM,2,42,7,0.16234878343141237,0.7034764947574867
Vision-only LSTM,2,42,8,0.20781283829722152,0.7461691977532648
Vision-only LSTM,2,42,9,0.1900987891840143,0.7635332465324688
Vision-only LSTM,2,42,10,0.15512469222021133,0.8078493927172978
Vision-only LSTM,2,42,11,0.15682911190007387,0.7475738257620299
Vision-only LSTM,2,42,12,0.16530913579471224,0.8410965657107066
Vision-only LSTM,2,42,13,0.1611355387518894,0.8584326223488374
Vision-only LSTM,2,42,14,0.14363620347144182,0.8744204194399631
Vision-only LSTM,2,42,15,0.14500537637500846,0.848481110761799
Vision-only LSTM,2,42,16,0.14222519043413043,0.8246867001121039
Vision-only LSTM,2,42,17,0.14348684708967505,0.7916713124342246
Vision-only LSTM,2,42,18,0.1413631394895964,0.7969620545267995
Vision-only LSTM,2,42,19,0.13250051083305417,0.8458566368310099
Vision-only LSTM,2,42,20,0.13131737803482996,0.8322929117112515
Vision-only LSTM,2,42,21,0.14958430255271182,0.7364690867101785
Vision-only LSTM,2,42,22,0.12891563746764903,0.7288453831592853
Vision-only LSTM,2,42,23,0.12680490850258136,0.861730194121567
Vision-only LSTM,2,42,24,0.11771011157875051,0.843074195103048
Vision-only LSTM,2,42,25,0.12272002639692778,0.8394086723563867
Vision-only LSTM,2,42,26,0.12279623561628994,0.9160881862929393
Vision-only LSTM,2,42,27,0.12263105405150646,0.8649025084792795
Vision-only LSTM,2,42,28,0.13429805381242854,0.8988473293116038
Vision-only LSTM,2,42,29,0.11663471365496199,0.8890626673781782
Vision-only LSTM,2,42,30,0.11204183660334091,0.8308094311143487
Vision-only LSTM,2,42,31,0.11090370995434663,0.8841699733646269
Vision-only LSTM,2,42,32,0.10938710518213106,0.8467434811733712
Vision-only LSTM,2,42,33,0.11624068135281004,0.9218524675454228
Vision-only LSTM,2,42,34,0.11038392939531606,0.9826487659639629
Vision-only LSTM,2,42,35,0.10036082153528075,1.0179760976318375
Vision-only LSTM,2,42,36,0.09544623138764413,1.0394309991870083
Vision-only LSTM,2,42,37,0.09279289647668945,1.0143502018098633
Vision-only LSTM,2,42,38,0.0931313558005473,0.9665344953536987
Vision-only LSTM,2,42,39,0.09686154382284061,0.9376846785832108
Vision-only LSTM,2,42,40,0.0910365050074024,1.0646940757788026
Vision-only LSTM,2,42,41,0.10192746201406376,3.4133746176153488
Vision-only LSTM,2,42,42,0.1301665014787682,0.9946166917713878
Vision-only LSTM,2,42,43,0.10251325433353038,1.0042457410836387
Vision-only LSTM,2,42,44,0.08334382777434299,1.0522894246270378
Vision-only LSTM,2,42,45,0.09336766101179292,1.1042358933889647
Vision-only LSTM,2,42,46,0.08169397696132484,1.0645600971534495
Vision-only LSTM,2,42,47,0.08490615096998826,0.9939039795263218
Vision-only LSTM,2,42,48,0.08789111204254671,1.108515432540963
Vision-only LSTM,2,42,49,0.07546481061647353,1.1359998670187386
Vision-only LSTM,2,42,50,0.08666066245881342,1.167586991983842
Vision-only LSTM,2,42,51,0.07484232930785487,1.2003315074679082
Vision-only LSTM,2,42,52,0.08289817605172735,1.2494796597123243
Vision-only LSTM,2,42,53,0.0698973926591263,1.2390012405209292
Vision-only LSTM,2,42,54,0.06930038642528706,1.15841573345843
Vision-only LSTM,2,42,55,0.07412538399561186,1.207450884748371
Vision-only LSTM,2,42,56,0.06765022211453306,1.2560857522842468
Vision-only LSTM,2,42,57,0.06552284145540467,1.2193649584692994
Vision-only LSTM,2,42,58,0.06570071514269098,1.237444994832363
Vision-only LSTM,2,42,59,0.0730844832534546,1.2321624563841982
Vision-only LSTM,2,42,60,0.06031695938124881,1.3272244391226677
Vision-only LSTM,2,43,1,1.060699639434425,0.7122688753043601
Vision-only LSTM,2,43,2,0.3422997162009361,0.5893915316198608
Vision-only LSTM,2,43,3,0.2416869750896799,1.5868286749199194
Vision-only LSTM,2,43,4,0.23312278928224958,0.7717333886587336
Vision-only LSTM,2,43,5,0.21034104084184008,1.0170183356521454
Vision-only LSTM,2,43,6,0.22221481160809542,0.7158206121283975
Vision-only LSTM,2,43,7,0.19765613199478965,0.7947306451960979
Vision-only LSTM,2,43,8,0.1848508459195213,0.8152864722124669
Vision-only LSTM,2,43,9,0.1787727261183467,0.8396218930377141
Vision-only LSTM,2,43,10,0.17904031652637112,0.8554562332297697
Vision-only LSTM,2,43,11,0.17148334386098465,0.8264390997343232
Vision-only LSTM,2,43,12,0.15963146455091068,0.8951691614532317
Vision-only LSTM,2,43,13,0.16253711354035127,0.8824953103606985
Vision-only LSTM,2,43,14,0.1557677242573462,0.9684060950729328
Vision-only LSTM,2,43,15,0.14162760064922986,0.8873064979150506
Vision-only LSTM,2,43,16,0.17531914404257995,0.927069765477407
Vision-only LSTM,2,43,17,0.15574700176252743,0.8440208484943691
Vision-only LSTM,2,43,18,0.13462180191836,0.9479843990245661
Vision-only LSTM,2,43,19,0.13370614672575706,1.0217828349679001
Vision-only LSTM,2,43,20,0.13926235367790873,0.8594360968206665
Vision-only LSTM,2,43,21,0.14067527594806434,0.9852181691937872
Vision-only LSTM,2,43,22,0.11717407417181132,0.9001862083503385
Vision-only LSTM,2,43,23,0.1287640264147971,1.0564057446581756
Vision-only LSTM,2,43,24,0.13346412571772506,0.9989823216801714
Vision-only LSTM,2,43,25,0.13170183803670513,0.9733027265775249
Vision-only LSTM,2,43,26,0.14059400271526712,0.9791167459046352
Vision-only LSTM,2,43,27,0.12928406330305653,1.0265043722968508
Vision-only LSTM,2,43,28,0.1289937722585791,1.0404148415640222
Vision-only LSTM,2,43,29,0.11917779643354184,0.9028727272384625
Vision-only LSTM,2,43,30,0.10961323686847593,1.5741471747825522
Vision-only LSTM,2,43,31,0.11035436197506952,1.2407267558273756
Vision-only LSTM,2,43,32,0.11375618722836903,0.9816787773461663
Vision-only LSTM,2,43,33,0.11060625842291723,0.9576090483626524
Vision-only LSTM,2,43,34,0.1090451919318771,0.8925534129649658
Vision-only LSTM,2,43,35,0.10457410047251883,0.8556374325044855
Vision-only LSTM,2,43,36,0.08741282192691661,0.9674725434310396
Vision-only LSTM,2,43,37,0.08551687757228657,0.8945208406478135
Vision-only LSTM,2,43,38,0.14188024919255343,0.8357881974895559
Vision-only LSTM,2,43,39,0.14504741808759375,0.7644035980411148
Vision-only LSTM,2,43,40,0.12751244468924333,1.000356275783389
Vision-only LSTM,2,43,41,0.09732544798310903,0.924106384408268
Vision-only LSTM,2,43,42,0.08979295943293318,0.9165710306124959
Vision-only LSTM,2,43,43,0.1062630708445724,0.8251591550576507
Vision-only LSTM,2,43,44,0.0826701354104878,0.9860558599418685
Vision-only LSTM,2,43,45,0.10043965923525552,0.8332087410368492
Vision-only LSTM,2,43,46,0.1063403476530199,0.8570435352132658
Vision-only LSTM,2,43,47,0.08425414269605037,0.8614688543039606
Vision-only LSTM,2,43,48,0.07846197742108417,0.9254839604048634
Vision-only LSTM,2,43,49,0.07602874048072379,1.017596761287707
Vision-only LSTM,2,43,50,0.08118861077363573,0.8492402648895206
Vision-only LSTM,2,43,51,0.07714178120986417,0.842015619033678
Vision-only LSTM,2,43,52,0.06823326492799012,0.9392116834906374
Vision-only LSTM,2,43,53,0.08032859527686978,0.9807110402821594
Vision-only LSTM,2,43,54,0.07512051227237487,0.8504789254706571
Vision-only LSTM,2,43,55,0.06416898328835902,0.8285729669388504
Vision-only LSTM,2,43,56,0.06643446884926756,1.0184481469491904
Vision-only LSTM,2,43,57,0.09262722373771493,0.9068376026910853
Vision-only LSTM,2,43,58,0.08224432331826004,0.9627331611629953
Vision-only LSTM,2,43,59,0.07374875945473824,0.8971080449158346
Vision-only LSTM,2,43,60,0.06726203151932582,0.8626349722447586
Vision-only LSTM,2,44,1,1.0112995293574825,0.6273334407394442
Vision-only LSTM,2,44,2,0.3290534822098879,0.7067262377292239
Vision-only LSTM,2,44,3,0.2269218645939952,0.5945835248858831
Vision-only LSTM,2,44,4,0.19710853603701994,0.7715331519115113
Vision-only LSTM,2,44,5,0.20027710060605475,0.9866852452918147
Vision-only LSTM,2,44,6,0.1792607067730607,0.8934555016377574
Vision-only LSTM,2,44,7,0.1778473640309101,0.8659757904438845
Vision-only LSTM,2,44,8,0.17681686671894545,1.2293673979347777
Vision-only LSTM,2,44,9,0.17420488621388028,1.41324544780069
Vision-only LSTM,2,44,10,0.1576379667888103,1.2702813821142744
Vision-only LSTM,2,44,11,0.17713857474376485,1.3638259903014864
Vision-only LSTM,2,44,12,0.15019257610923703,1.6839801184028451
Vision-only LSTM,2,44,13,0.14718434917425544,1.3208777882021974
Vision-only LSTM,2,44,14,0.15799329898420592,0.9771933420913266
Vision-only LSTM,2,44,15,0.1589440322996984,1.4126566804655813
Vision-only LSTM,2,44,16,0.13487644689378944,1.0173787489899517
Vision-only LSTM,2,44,17,0.1514285353172995,1.506413091171219
Vision-only LSTM,2,44,18,0.13468828739338462,1.643696999965843
Vision-only LSTM,2,44,19,0.1304206593844093,2.013283696439978
Vision-only LSTM,2,44,20,0.14447689869104544,1.4407656297799738
Vision-only LSTM,2,44,21,0.13486353142696644,1.7864191997353769
Vision-only LSTM,2,44,22,0.11974263545364087,1.9816365842657169
Vision-only LSTM,2,44,23,0.13971569746423973,0.9995237522744463
Vision-only LSTM,2,44,24,0.13489525310699713,1.278046426397485
Vision-only LSTM,2,44,25,0.12269856216866094,1.411269825527175
Vision-only LSTM,2,44,26,0.11701111839647195,1.3631365136394265
Vision-only LSTM,2,44,27,0.11023456275935292,1.6208497948178189
Vision-only LSTM,2,44,28,0.12098631634173199,1.101222874333209
Vision-only LSTM,2,44,29,0.12494566252524354,1.3974427638332043
Vision-only LSTM,2,44,30,0.11909102676646292,1.215672089132937
Vision-only LSTM,2,44,31,0.11258542376623185,1.0920460482226528
Vision-only LSTM,2,44,32,0.11623527373412555,1.1681008892411417
Vision-only LSTM,2,44,33,0.10897953634869391,1.113100192575971
Vision-only LSTM,2,44,34,0.11525973434957842,1.2103932793262226
Vision-only LSTM,2,44,35,0.09864243638567231,1.2302885121197216
Vision-only LSTM,2,44,36,0.0944528873830507,1.5874060582727612
Vision-only LSTM,2,44,37,0.09949260804799909,1.0756655135262378
Vision-only LSTM,2,44,38,0.17157727785040736,0.7914063951471261
Vision-only LSTM,2,44,39,0.1526567686138031,0.8111694041794452
Vision-only LSTM,2,44,40,0.1339640719617452,0.8399421753981362
Vision-only LSTM,2,44,41,0.12241686058799935,0.9162855702814431
Vision-only LSTM,2,44,42,0.14494494055122556,0.8415176720935731
Vision-only LSTM,2,44,43,0.1211668810081293,0.8010997962041659
Vision-only LSTM,2,44,44,0.12114599618168592,0.8172364906884617
Vision-only LSTM,2,44,45,0.1135021100714031,1.0034956807324957
Vision-only LSTM,2,44,46,0.1092583519031477,0.9444107868433095
Vision-only LSTM,2,44,47,0.11954926840034764,0.8832819063707252
Vision-only LSTM,2,44,48,0.10206634854122607,0.9403607727694234
Vision-only LSTM,2,44,49,0.1008661377273777,1.0050463412574555
Vision-only LSTM,2,44,50,0.09486415322999414,1.0714177205016109
Vision-only LSTM,2,44,51,0.09698711579017419,1.0510055576149397
Vision-only LSTM,2,44,52,0.08924574367951722,1.0014385186139791
Vision-only LSTM,2,44,53,0.0919566496942501,0.9799481886670347
Vision-only LSTM,2,44,54,0.09085179023140455,1.1033673567398699
Vision-only LSTM,2,44,55,0.08665866614986235,1.0037165493694322
Vision-only LSTM,2,44,56,0.0880943696428315,0.927686172125149
Vision-only LSTM,2,44,57,0.08632516249160735,1.0096389061759263
Vision-only LSTM,2,44,58,0.09927975192965711,0.8868719714927059
Vision-only LSTM,2,44,59,0.08511250667923256,1.0189036558066409
Vision-only LSTM,2,44,60,0.09618317053552847,1.0415059304434091
Vision-only LSTM,2,45,1,1.003668183164579,0.5647431166589132
Vision-only LSTM,2,45,2,0.39519048354598096,0.49503561410224206
Vision-only LSTM,2,45,3,0.26931051736485295,0.5899130688501486
Vision-only LSTM,2,45,4,0.23074821851770738,0.6391660485006305
Vision-only LSTM,2,45,5,0.2285971109693476,0.6934710967376603
Vision-only LSTM,2,45,6,0.20090470901627427,0.7387098700741455
Vision-only LSTM,2,45,7,0.20107876041326342,0.7284861769543289
Vision-only LSTM,2,45,8,0.1838685586767034,0.7747768845014902
Vision-only LSTM,2,45,9,0.18309866637899555,0.8658657787653334
Vision-only LSTM,2,45,10,0.17462259700146118,0.7116096918199606
Vision-only LSTM,2,45,11,0.16693189752893722,0.8595154442488504
Vision-only LSTM,2,45,12,0.15732353922526768,0.9348258530202103
Vision-only LSTM,2,45,13,0.1566955043612494,0.8109916248388959
Vision-only LSTM,2,45,14,0.156518552032351,1.029834222153119
Vision-only LSTM,2,45,15,0.15469641025512412,0.9127078542634683
Vision-only LSTM,2,45,16,0.14735493031236763,0.9172153019589688
Vision-only LSTM,2,45,17,0.17330701990617187,0.83350244484697
Vision-only LSTM,2,45,18,0.14373749949203748,0.908720820510587
Vision-only LSTM,2,45,19,0.1368545365907447,0.9196598513220833
Vision-only LSTM,2,45,20,0.1342853182015315,0.8676909011855045
Vision-only LSTM,2,45,21,0.14072350147342005,0.8699938327830373
Vision-only LSTM,2,45,22,0.13418134678629642,0.9038490289480267
Vision-only LSTM,2,45,23,0.1354432691099766,0.9111813663688064
Vision-only LSTM,2,45,24,0.13233465496121494,0.8840954767874005
Vision-only LSTM,2,45,25,0.14760680236421767,0.8363308864655717
Vision-only LSTM,2,45,26,0.12491898154890951,1.0116952631369105
Vision-only LSTM,2,45,27,0.1280897876507694,0.9392002724094988
Vision-only LSTM,2,45,28,0.13250133711197695,0.9165760728995241
Vision-only LSTM,2,45,29,0.13171518092326898,1.0254526767340644
Vision-only LSTM,2,45,30,0.12202212498690718,0.8907388138200597
Vision-only LSTM,2,45,31,0.12529391218782707,0.9419120551925756
Vision-only LSTM,2,45,32,0.1217560524224218,0.771117988706327
Vision-only LSTM,2,45,33,0.12975419605789862,0.9332711600897668
Vision-only LSTM,2,45,34,0.11655023908282311,0.9047180687421309
Vision-only LSTM,2,45,35,0.1126699434646668,0.9186399713717803
Vision-only LSTM,2,45,36,0.10855570618667067,0.9519386777521531
Vision-only LSTM,2,45,37,0.11265207998316093,0.977812250482711
Vision-only LSTM,2,45,38,0.10719868170391453,0.9594316532509503
Vision-only LSTM,2,45,39,0.10438680290576527,1.0020210792211972
Vision-only LSTM,2,45,40,0.10820724255542143,1.0278868504234673
Vision-only LSTM,2,45,41,0.10888557351267535,0.9683932585070477
Vision-only LSTM,2,45,42,0.11637090487061733,0.8803531420226038
Vision-only LSTM,2,45,43,0.1114092044700289,0.8867708376807927
Vision-only LSTM,2,45,44,0.09259139887402873,0.947024071689687
Vision-only LSTM,2,45,45,0.10706795040701926,0.8835073485548083
Vision-only LSTM,2,45,46,0.09654791760420124,0.8903994653253267
Vision-only LSTM,2,45,47,0.10406053051270776,0.8501125345203712
Vision-only LSTM,2,45,48,0.10043009756034209,0.9351160942896654
Vision-only LSTM,2,45,49,0.09194989717752196,0.9032737071008359
Vision-only LSTM,2,45,50,0.09478597003980191,0.8571701555796466
Vision-only LSTM,2,45,51,0.08952518159553118,0.893466988948554
Vision-only LSTM,2,45,52,0.08344393714327118,0.8656342765256022
Vision-only LSTM,2,45,53,0.0827559866624079,0.8841778327676731
Vision-only LSTM,2,45,54,0.08712165056751095,0.8647349760837483
Vision-only LSTM,2,45,55,0.0954210214182907,0.8172758696641025
Vision-only LSTM,2,45,56,0.074980911562965,0.9298727895187507
Vision-only LSTM,2,45,57,0.08176078327286178,0.8579730542284109
Vision-only LSTM,2,45,58,0.0770936865493057,0.9707874870812823
Vision-only LSTM,2,45,59,0.14614726716708132,0.7282793749823813
Vision-only LSTM,2,45,60,0.12410247670957622,0.809646681164337
Vision-only LSTM,2,46,1,1.0370427244215168,0.7552998261626802
Vision-only LSTM,2,46,2,0.31342196958519786,0.5850545005555029
Vision-only LSTM,2,46,3,0.24056732463880257,0.6411802731776212
Vision-only LSTM,2,46,4,0.21082698018162407,0.6964809830032981
Vision-only LSTM,2,46,5,0.1930421780088847,0.7001376113337394
Vision-only LSTM,2,46,6,0.19069433255072304,0.7614299060121082
Vision-only LSTM,2,46,7,0.18803266769571322,0.7558519698309332
Vision-only LSTM,2,46,8,0.17974070626232116,0.751370546466331
Vision-only LSTM,2,46,9,0.1723168646005288,0.7555906721360611
Vision-only LSTM,2,46,10,0.17826887947722297,0.7740548834381685
Vision-only LSTM,2,46,11,0.15869651942319218,0.7874804855229788
Vision-only LSTM,2,46,12,0.1595866541031437,1.0957529291381847
Vision-only LSTM,2,46,13,0.16900064964199268,0.7544411079672448
Vision-only LSTM,2,46,14,0.14488289913413438,0.7375833395401873
Vision-only LSTM,2,46,15,0.15174543518870434,0.7553139283778407
Vision-only LSTM,2,46,16,0.16495757360671948,0.7162058728487587
Vision-only LSTM,2,46,17,0.16599667791474673,0.7589486291386653
Vision-only LSTM,2,46,18,0.1397689020829837,0.774996657974487
Vision-only LSTM,2,46,19,0.14525586644971902,0.8376351918956791
Vision-only LSTM,2,46,20,0.1354319308677292,0.7511695688932362
Vision-only LSTM,2,46,21,0.1467006987892659,0.8361302463188929
Vision-only LSTM,2,46,22,0.13448293733204522,0.7955080790980267
Vision-only LSTM,2,46,23,0.1318030604351446,0.8546897519066061
Vision-only LSTM,2,46,24,0.13556060102120687,0.8196855525548528
Vision-only LSTM,2,46,25,0.12633625019766223,0.7809859365063918
Vision-only LSTM,2,46,26,0.13007778311596638,0.858206177428043
Vision-only LSTM,2,46,27,0.12220331701398404,0.7935771323241632
Vision-only LSTM,2,46,28,0.13135617672670621,0.7595551848274779
Vision-only LSTM,2,46,29,0.12710424012741178,0.7015081308741871
Vision-only LSTM,2,46,30,0.11398586055796224,0.842573221581817
Vision-only LSTM,2,46,31,0.11908519717976496,0.7242733357277081
Vision-only LSTM,2,46,32,0.12201495406868834,0.7759315516461757
Vision-only LSTM,2,46,33,0.12550970195525307,0.7681018703297328
Vision-only LSTM,2,46,34,0.11714990386974332,0.9159946282541069
Vision-only LSTM,2,46,35,0.11455872284428947,0.8641709431474848
Vision-only LSTM,2,46,36,0.1244790934611936,0.8712866971627297
Vision-only LSTM,2,46,37,0.11117049324338135,0.9516202324647336
Vision-only LSTM,2,46,38,0.1244232869445415,0.8013877223243788
Vision-only LSTM,2,46,39,0.1177616149211492,0.9201564083346537
Vision-only LSTM,2,46,40,0.10773808228976839,0.949899865028732
Vision-only LSTM,2,46,41,0.09952021745702684,1.0067746594817766
Vision-only LSTM,2,46,42,0.10264944794799481,0.9108792469388208
Vision-only LSTM,2,46,43,0.09715976370163693,0.976231285539852
Vision-only LSTM,2,46,44,0.1084140864241185,0.8185158966483295
Vision-only LSTM,2,46,45,0.10792062824307093,0.859404352801343
Vision-only LSTM,2,46,46,0.09672684203844692,0.9121898114399635
Vision-only LSTM,2,46,47,0.10081354820391981,0.9318912698088725
Vision-only LSTM,2,46,48,0.08930458027204313,0.9729432116501983
Vision-only LSTM,2,46,49,0.09006644481035957,0.9512832141028753
Vision-only LSTM,2,46,50,0.08828719630882843,1.0531865128961675
Vision-only LSTM,2,46,51,0.0829038546533573,1.1337466570136356
Vision-only LSTM,2,46,52,0.08201885671059145,1.0969768852331387
Vision-only LSTM,2,46,53,0.09931552655300231,1.0450743946445942
Vision-only LSTM,2,46,54,0.08569010737023472,1.1048386141911277
Vision-only LSTM,2,46,55,0.08163822509545894,1.091953738783657
Vision-only LSTM,2,46,56,0.08295569311666241,0.9855762509564763
Vision-only LSTM,2,46,57,0.09004877081582417,0.984606863649212
Vision-only LSTM,2,46,58,0.07766606738378841,0.9148008433365732
Vision-only LSTM,2,46,59,0.07102636924486819,1.0061084049458155
Vision-only LSTM,2,46,60,0.0791398064550614,0.91643566143001
Vision-only LSTM,2,47,1,1.0105350327012308,0.6377158338771268
Vision-only LSTM,2,47,2,0.3243311239516568,0.6027018365411985
Vision-only LSTM,2,47,3,0.2371041545920224,0.7121350153653075
Vision-only LSTM,2,47,4,0.20369342125675288,0.7691776157310535
Vision-only LSTM,2,47,5,0.20618531744902197,0.6801998105954146
Vision-only LSTM,2,47,6,0.18844870217757426,0.7563248636003898
Vision-only LSTM,2,47,7,0.18580837927345528,0.7873873349287211
Vision-only LSTM,2,47,8,0.16608094859421071,0.8787944035858044
Vision-only LSTM,2,47,9,0.16265706930452553,0.9008589993224964
Vision-only LSTM,2,47,10,0.15806439929255292,0.8042193334006562
Vision-only LSTM,2,47,11,0.15756702854704976,0.927279293504956
Vision-only LSTM,2,47,12,0.13673532705601943,0.9859728012535697
Vision-only LSTM,2,47,13,0.15435638756586023,0.8635661635008796
Vision-only LSTM,2,47,14,0.139036233662324,0.916680689432435
Vision-only LSTM,2,47,15,0.12909251037419822,0.9475751460467507
Vision-only LSTM,2,47,16,0.13629592036162114,0.9163950750338754
Vision-only LSTM,2,47,17,0.14040321330974045,0.8921852184552096
Vision-only LSTM,2,47,18,0.16219929011401282,0.9876498480329439
Vision-only LSTM,2,47,19,0.14846058042537214,0.9384233707775308
Vision-only LSTM,2,47,20,0.12267768083368402,1.0558923861558989
Vision-only LSTM,2,47,21,0.14150929119322156,0.8366036934488439
Vision-only LSTM,2,47,22,0.14529382277877137,0.8437918916738896
Vision-only LSTM,2,47,23,0.12597929098343139,0.8988768284693843
Vision-only LSTM,2,47,24,0.13622817477026342,0.9091319695123136
Vision-only LSTM,2,47,25,0.11910397700606723,1.0343622670289667
Vision-only LSTM,2,47,26,0.12287368643336512,1.0322823568969386
Vision-only LSTM,2,47,27,0.11711239992736826,1.104933541002593
Vision-only LSTM,2,47,28,0.13753063935902263,1.0684493592423316
Vision-only LSTM,2,47,29,0.12193922095550117,0.9410996032017837
Vision-only LSTM,2,47,30,0.11365299596037491,1.0075354320007188
Vision-only LSTM,2,47,31,0.11513039707742509,0.818887496582327
Vision-only LSTM,2,47,32,0.11246490567504887,1.002893764752951
Vision-only LSTM,2,47,33,0.09920673984932071,1.0264229839949288
Vision-only LSTM,2,47,34,0.09480788735337986,0.9486798542304282
Vision-only LSTM,2,47,35,0.10380086873383883,0.9366854680500941
Vision-only LSTM,2,47,36,0.10787293924237809,0.9424914239501464
Vision-only LSTM,2,47,37,0.0928290956889181,1.0712886216847093
Vision-only LSTM,2,47,38,0.10500670311147305,0.9472440039360851
Vision-only LSTM,2,47,39,0.08733091501111595,0.9945507871015219
Vision-only LSTM,2,47,40,0.1061064493816884,1.0901530376468538
Vision-only LSTM,2,47,41,0.09249962042673224,1.1573998033638329
Vision-only LSTM,2,47,42,0.0815423392746904,1.145565238391043
Vision-only LSTM,2,47,43,0.09151866175132162,0.9657407923446683
Vision-only LSTM,2,47,44,0.08076050406802017,1.0692171313403653
Vision-only LSTM,2,47,45,0.08999261726318228,1.019064032732153
Vision-only LSTM,2,47,46,0.0758237994975756,1.190599511367456
Vision-only LSTM,2,47,47,0.0919821895068735,1.029582827788482
Vision-only LSTM,2,47,48,0.11167952343129135,1.1734167814061658
Vision-only LSTM,2,47,49,0.08450183231499339,0.9255274954587864
Vision-only LSTM,2,47,50,0.09335431892431632,1.0408244803407054
Vision-only LSTM,2,47,51,0.0775054449537323,0.9528510412482895
Vision-only LSTM,2,47,52,0.08021937825562095,1.0551136775610095
Vision-only LSTM,2,47,53,0.07568523301620951,1.1512983293286636
Vision-only LSTM,2,47,54,0.07226951315767477,0.9763562821624218
Vision-only LSTM,2,47,55,0.07294237230819837,1.0843959704652977
Vision-only LSTM,2,47,56,0.06644502058874936,1.2596525282802193
Vision-only LSTM,2,47,57,0.06952301401697158,0.9917895788503871
Vision-only LSTM,2,47,58,0.06787559986659335,1.2280898804516887
Vision-only LSTM,2,47,59,0.07067425495710526,1.2477094059987055
Vision-only LSTM,2,47,60,0.07176987446037546,1.094193445717751
Vision-only LSTM,2,48,1,1.0548397439925283,2.3336214087179363
Vision-only LSTM,2,48,2,0.3349949190714314,0.5843504649782091
Vision-only LSTM,2,48,3,0.2767275062404995,0.7113922125142929
Vision-only LSTM,2,48,4,0.2097573942850451,0.7988371653261054
Vision-only LSTM,2,48,5,0.2200605763709269,0.7524826441676261
Vision-only LSTM,2,48,6,0.19625443999248623,0.7526885241945928
Vision-only LSTM,2,48,7,0.18199652689466528,0.8534780392145686
Vision-only LSTM,2,48,8,0.17368620173695754,0.8540208367932564
Vision-only LSTM,2,48,9,0.17510409922878747,0.8961382979893208
Vision-only LSTM,2,48,10,0.16696004374525955,0.8957550111397715
Vision-only LSTM,2,48,11,0.1696854391743104,0.9430661031304503
Vision-only LSTM,2,48,12,0.2136042474392781,0.8603932754927139
Vision-only LSTM,2,48,13,0.1668734566367014,0.8215098529410414
Vision-only LSTM,2,48,14,0.16709669514818573,0.9465212590557968
Vision-only LSTM,2,48,15,0.15778601657211017,1.195243189598134
Vision-only LSTM,2,48,16,0.1566101203126053,1.0341922165926538
Vision-only LSTM,2,48,17,0.1623545540025654,0.8586989854890893
Vision-only LSTM,2,48,18,0.15681271531972704,0.8913841380478239
Vision-only LSTM,2,48,19,0.15702174978511207,0.9040454677094909
Vision-only LSTM,2,48,20,0.13999199513107594,0.842507828006895
Vision-only LSTM,2,48,21,0.13726536493741617,0.9321557187332448
Vision-only LSTM,2,48,22,0.1394262572967247,0.9264259523879053
Vision-only LSTM,2,48,23,0.14267792472914362,0.7784346534627173
Vision-only LSTM,2,48,24,0.14239022323701675,0.9125252622893768
Vision-only LSTM,2,48,25,0.12644691083360052,0.8882047711865529
Vision-only LSTM,2,48,26,0.1256571258239489,1.0184485939377617
Vision-only LSTM,2,48,27,0.1250522260819173,0.910439010785961
Vision-only LSTM,2,48,28,0.1467385911527456,0.9804540656408451
Vision-only LSTM,2,48,29,0.12757598057146355,1.097148028924482
Vision-only LSTM,2,48,30,0.12439250245935521,0.9200743469480047
Vision-only LSTM,2,48,31,0.11528290258090555,0.9521525464931877
Vision-only LSTM,2,48,32,0.13305161345811387,0.9589140441099717
Vision-only LSTM,2,48,33,0.11785922781663613,0.9224617029972713
Vision-only LSTM,2,48,34,0.12503651681649547,0.9409206328475064
Vision-only LSTM,2,48,35,0.12103608567301709,1.0343789544990427
Vision-only LSTM,2,48,36,0.12722315441244972,0.9677672081769768
Vision-only LSTM,2,48,37,0.11329901565744846,1.0159650279800398
Vision-only LSTM,2,48,38,0.1116108222751629,0.9010602811665211
Vision-only LSTM,2,48,39,0.11113848440271917,0.9707782078960802
Vision-only LSTM,2,48,40,0.12224341855633557,0.9512436427638643
Vision-only LSTM,2,48,41,0.12498518569300736,0.9173142615641361
Vision-only LSTM,2,48,42,0.11289212505556166,0.9661133695558743
Vision-only LSTM,2,48,43,0.1032454768714474,1.0128664059854127
Vision-only LSTM,2,48,44,0.12262381655166901,0.891553104927534
Vision-only LSTM,2,48,45,0.13231437786333014,0.9071068410775734
Vision-only LSTM,2,48,46,0.11503172106927376,0.9204444119879739
Vision-only LSTM,2,48,47,0.11889335925371308,0.9522634720023456
Vision-only LSTM,2,48,48,0.12411605152213523,0.8669911507983766
Vision-only LSTM,2,48,49,0.10213355865445281,0.9717365063296441
Vision-only LSTM,2,48,50,0.11414129904367479,0.9219449234374076
Vision-only LSTM,2,48,51,0.09049801960006347,0.9627046172243602
Vision-only LSTM,2,48,52,0.09840616272588752,0.9832914174669151
Vision-only LSTM,2,48,53,0.08341572867192233,0.9621240085284537
Vision-only LSTM,2,48,54,0.08542202035331785,0.9680185344685713
Vision-only LSTM,2,48,55,0.09684212410017748,0.9899374824057516
Vision-only LSTM,2,48,56,0.08358443544304713,1.070283799392994
Vision-only LSTM,2,48,57,0.07459702844902337,0.9988366575794975
Vision-only LSTM,2,48,58,0.09892981438026387,1.0603766107980008
Vision-only LSTM,2,48,59,0.09023240736204992,1.0728333366865828
Vision-only LSTM,2,48,60,0.08650899737492194,0.9873918843743257
Vision-only LSTM,2,49,1,1.0173704198843674,0.7098845206120616
Vision-only LSTM,2,49,2,0.3228723780864408,0.6382955073682716
Vision-only LSTM,2,49,3,0.2337854745673523,0.729072766853235
Vision-only LSTM,2,49,4,0.21046439797426236,0.916651113373157
Vision-only LSTM,2,49,5,0.19327531358151084,0.8042134248025989
Vision-only LSTM,2,49,6,0.1830376879897225,0.972781340130977
Vision-only LSTM,2,49,7,0.17630816210631114,0.867918547669317
Vision-only LSTM,2,49,8,0.17371996169334356,0.9590809059512377
Vision-only LSTM,2,49,9,0.17080864898683384,0.8756816277751139
Vision-only LSTM,2,49,10,0.16142547817073313,0.9668314344778689
Vision-only LSTM,2,49,11,0.15853236817699753,0.9514236574908055
Vision-only LSTM,2,49,12,0.144864787427637,0.9679919255466942
Vision-only LSTM,2,49,13,0.15784663373308164,0.8631180424070223
Vision-only LSTM,2,49,14,0.1450337939745293,0.98845174208034
Vision-only LSTM,2,49,15,0.1336349839030207,1.0175903553493144
Vision-only LSTM,2,49,16,0.14636344056279102,0.9464128404517796
Vision-only LSTM,2,49,17,0.16021562893894806,0.9370530407501638
Vision-only LSTM,2,49,18,0.14867430430934023,0.973382377437845
Vision-only LSTM,2,49,19,0.14616131262670995,1.038955391640121
Vision-only LSTM,2,49,20,0.14958553378669445,0.9902192897627987
Vision-only LSTM,2,49,21,0.13372441803915047,1.0470511577098145
Vision-only LSTM,2,49,22,0.12958951673988595,1.0042333943773358
Vision-only LSTM,2,49,23,0.13731060681057586,1.0789851744862407
Vision-only LSTM,2,49,24,0.14082265019162554,0.8193218497072646
Vision-only LSTM,2,49,25,0.13966050990139253,0.9340937953949232
Vision-only LSTM,2,49,26,0.12362424525307998,0.9472144257768055
Vision-only LSTM,2,49,27,0.12508790174103016,1.0190347062089917
Vision-only LSTM,2,49,28,0.12174651497097586,1.0848890201190635
Vision-only LSTM,2,49,29,0.11965604165556462,1.0802527154830022
Vision-only LSTM,2,49,30,0.11604776635248439,1.10917422150666
Vision-only LSTM,2,49,31,0.10803917065401272,1.1626920211440672
Vision-only LSTM,2,49,32,0.1112249788648286,1.1434485229983378
Vision-only LSTM,2,49,33,0.10478915546672836,1.162304316814305
Vision-only LSTM,2,49,34,0.10464357500578039,1.2068813976250412
Vision-only LSTM,2,49,35,0.10520236685390809,1.1770426667904879
Vision-only LSTM,2,49,36,0.10760997693036785,1.151577030861706
Vision-only LSTM,2,49,37,0.11381428150288729,1.2095265887259279
Vision-only LSTM,2,49,38,0.12595208081837328,1.07160398549527
Vision-only LSTM,2,49,39,0.11011979087851238,1.5110806043684226
Vision-only LSTM,2,49,40,0.09328083530531504,1.2039721657845874
Vision-only LSTM,2,49,41,0.09300686793128286,1.2005779582596752
Vision-only LSTM,2,49,42,0.09536195047072599,1.1403906345025476
Vision-only LSTM,2,49,43,0.09219944640020185,1.0928421097105574
Vision-only LSTM,2,49,44,0.10035075032306037,1.1011772287675616
Vision-only LSTM,2,49,45,0.09686446041413592,1.046284709913258
Vision-only LSTM,2,49,46,0.09293431798472891,1.0784550583126833
Vision-only LSTM,2,49,47,0.0783604323134135,1.1789858014127703
Vision-only LSTM,2,49,48,0.09797907255744331,1.1027269718211072
Vision-only LSTM,2,49,49,0.08746302694009615,1.1450932049604845
Vision-only LSTM,2,49,50,0.08889367525385765,0.993392646610415
Vision-only LSTM,2,49,51,0.09103297770345704,0.9649453716770973
Vision-only LSTM,2,49,52,0.08168154751960277,1.0957565266743592
Vision-only LSTM,2,49,53,0.07809165582891683,1.2093063524962437
Vision-only LSTM,2,49,54,0.07471238502223523,1.2766221486913045
Vision-only LSTM,2,49,55,0.07709318179169546,1.2680858109492334
Vision-only LSTM,2,49,56,0.0797944609064434,1.2629392520920826
Vision-only LSTM,2,49,57,0.06441665904671362,1.21153587354327
Vision-only LSTM,2,49,58,0.07585222983935996,1.2728814670793938
Vision-only LSTM,2,49,59,0.09972524996631252,1.0235865620260587
Vision-only LSTM,2,49,60,0.08377147431722017,1.0851490382712583
Vision-only LSTM,2,50,1,0.9863743446790032,0.5017143634689034
Vision-only LSTM,2,50,2,0.3268663217969089,0.5011631271301027
Vision-only LSTM,2,50,3,0.24096474465548012,0.6529392617036535
Vision-only LSTM,2,50,4,0.2168169280038528,0.6683532101249012
Vision-only LSTM,2,50,5,0.20134521322523508,0.7161311529512411
Vision-only LSTM,2,50,6,0.19785755941738523,0.7132689662752412
Vision-only LSTM,2,50,7,0.17969904790957625,0.7573607344679196
Vision-only LSTM,2,50,8,0.18302094722070178,0.7342048885127767
Vision-only LSTM,2,50,9,0.17806191575111302,0.7126437153578705
Vision-only LSTM,2,50,10,0.16559884319902557,0.7868532562431262
Vision-only LSTM,2,50,11,0.14487988947641553,0.7538465426140515
Vision-only LSTM,2,50,12,0.15089241527406855,0.7855970786952818
Vision-only LSTM,2,50,13,0.1589862654788112,0.8293761879801107
Vision-only LSTM,2,50,14,0.15429608058014124,0.697529338380688
Vision-only LSTM,2,50,15,0.14676631310140847,0.739765521368217
Vision-only LSTM,2,50,16,0.14040120407521253,0.8295400357135364
Vision-only LSTM,2,50,17,0.12823496682377558,0.8616997843958261
Vision-only LSTM,2,50,18,0.14385788975366365,0.7026506735949293
Vision-only LSTM,2,50,19,0.13745822664804297,0.8012367869620705
Vision-only LSTM,2,50,20,0.13839657114685888,0.7589007262904881
Vision-only LSTM,2,50,21,0.13064502565545472,0.7686224616299631
Vision-only LSTM,2,50,22,0.14159078729871857,0.7447285250263775
Vision-only LSTM,2,50,23,0.125078537936693,0.772544666275897
Vision-only LSTM,2,50,24,0.11991663113699534,0.7122954623914499
Vision-only LSTM,2,50,25,0.1194468012475735,0.7530611931078828
Vision-only LSTM,2,50,26,0.11188476880028217,0.6934199490650812
Vision-only LSTM,2,50,27,0.12177596213540096,0.77735947484058
Vision-only LSTM,2,50,28,0.12007963228777804,0.759801465768536
Vision-only LSTM,2,50,29,0.11696513825408901,2.7422769281643062
Vision-only LSTM,2,50,30,0.1355911170871387,0.8183028013254345
Vision-only LSTM,2,50,31,0.11578643594407076,0.7376282672452102
Vision-only LSTM,2,50,32,0.10218114807740952,0.7710418825643238
Vision-only LSTM,2,50,33,0.10165498772208136,0.7645019577216703
Vision-only LSTM,2,50,34,0.09305770666605812,0.7532104578665729
Vision-only LSTM,2,50,35,0.1112974348059747,0.7655130465098579
Vision-only LSTM,2,50,36,0.10829340790481846,0.7215780657243394
Vision-only LSTM,2,50,37,0.10085948810462615,0.7142610905518992
Vision-only LSTM,2,50,38,0.08867826630145148,0.7538593500977298
Vision-only LSTM,2,50,39,0.09584920791231463,0.7494300130963905
Vision-only LSTM,2,50,40,0.09289881938615545,0.7487649811455903
Vision-only LSTM,2,50,41,0.08826037297010567,0.8278392020182495
Vision-only LSTM,2,50,42,0.08568911855537524,0.9066901055967223
Vision-only LSTM,2,50,43,0.0950068400731216,0.7984592421845278
Vision-only LSTM,2,50,44,0.08563346340276169,0.8756683206016733
Vision-only LSTM,2,50,45,0.08824608948519867,0.8146186538290063
Vision-only LSTM,2,50,46,0.08358801018088002,0.8745092836431918
Vision-only LSTM,2,50,47,0.0853688625765239,0.8617771760747641
Vision-only LSTM,2,50,48,0.09621030988942407,0.8238487650457262
Vision-only LSTM,2,50,49,0.08471850567996175,0.7658300263964074
Vision-only LSTM,2,50,50,0.07927331824983895,0.8899710802240679
Vision-only LSTM,2,50,51,0.08303042677487091,0.89392071295948
Vision-only LSTM,2,50,52,0.06956893029480282,0.8635621761689948
Vision-only LSTM,2,50,53,0.07817388630354644,0.891877779916138
Vision-only LSTM,2,50,54,0.07077900234139925,0.9846979820050831
Vision-only LSTM,2,50,55,0.07646137007539394,0.8936796017115851
Vision-only LSTM,2,50,56,0.09898651899040053,0.8453688034928579
Vision-only LSTM,2,50,57,0.10092757299024836,0.8864852074195769
Vision-only LSTM,2,50,58,0.123200229260705,0.8698794341788951
Vision-only LSTM,2,50,59,0.09636162607241047,0.9034229629264731
Vision-only LSTM,2,50,60,0.08302142418975476,0.9458145449062725
Vision-only LSTM,2,51,1,1.0324655724399923,0.9573079522691071
Vision-only LSTM,2,51,2,0.31203212962689597,0.688052195902777
Vision-only LSTM,2,51,3,0.23358297188318516,0.8074493312295004
Vision-only LSTM,2,51,4,0.2037480266391323,0.8211643436348335
Vision-only LSTM,2,51,5,0.187354624189668,0.9707873034457923
Vision-only LSTM,2,51,6,0.19102280789226894,0.8216886112735995
Vision-only LSTM,2,51,7,0.1750862528135833,0.7882265902323483
Vision-only LSTM,2,51,8,0.1796960479283046,0.8906793609969559
Vision-only LSTM,2,51,9,0.15904068358419582,0.8659282628543369
Vision-only LSTM,2,51,10,0.1686975232040025,1.634376982166623
Vision-only LSTM,2,51,11,0.15945635672878886,0.897921931408909
Vision-only LSTM,2,51,12,0.16369405724017413,0.8510116238637825
Vision-only LSTM,2,51,13,0.15732993198913964,1.127737756746119
Vision-only LSTM,2,51,14,0.15965977027594572,0.8885088277473788
Vision-only LSTM,2,51,15,0.14891275011643196,0.9015140035320436
Vision-only LSTM,2,51,16,0.14017496520901948,1.280545827661104
Vision-only LSTM,2,51,17,0.14420018420940053,1.2866963230507935
Vision-only LSTM,2,51,18,0.15865991264468174,0.8516078886030881
Vision-only LSTM,2,51,19,0.147663766058533,0.868662502791644
Vision-only LSTM,2,51,20,0.14064854721491618,0.9561511831454627
Vision-only LSTM,2,51,21,0.12307452906256838,0.9216004986130908
Vision-only LSTM,2,51,22,0.13563634464965588,1.0685813431849314
Vision-only LSTM,2,51,23,0.13218059135166194,0.9086534408711653
Vision-only LSTM,2,51,24,0.1333814682001969,0.9214158226186752
Vision-only LSTM,2,51,25,0.11913514048278805,1.037095554610493
Vision-only LSTM,2,51,26,0.11314406362234511,0.8520677865947522
Vision-only LSTM,2,51,27,0.13015715789678692,0.8890610229521668
Vision-only LSTM,2,51,28,0.11570092053183835,0.9186233295405336
Vision-only LSTM,2,51,29,0.12158332501823567,1.0018022213690385
Vision-only LSTM,2,51,30,0.1226560540547246,0.9964253069716255
Vision-only LSTM,2,51,31,0.12661279297543326,0.9677011789412079
Vision-only LSTM,2,51,32,0.12625583240366214,0.9664472384321993
Vision-only LSTM,2,51,33,0.11370444394952273,1.0944739460993405
Vision-only LSTM,2,51,34,0.10305068312731551,1.0511013957879005
Vision-only LSTM,2,51,35,0.09530146342562029,1.0732981832315804
Vision-only LSTM,2,51,36,0.10184056034208361,1.0846515216383898
Vision-only LSTM,2,51,37,0.09595177925346757,0.9553564798416767
Vision-only LSTM,2,51,38,0.09585536616621114,0.9754924497388094
Vision-only LSTM,2,51,39,0.10256432903968002,1.130584380583391
Vision-only LSTM,2,51,40,0.10316927165319685,0.997631714414789
Vision-only LSTM,2,51,41,0.10232327927056062,0.9042478588069779
Vision-only LSTM,2,51,42,0.09197642089825153,0.9215186502961502
Vision-only LSTM,2,51,43,0.09029342972155317,0.8841882389316388
Vision-only LSTM,2,51,44,0.08238130997943577,1.0239623589340605
Vision-only LSTM,2,51,45,0.08051665856444494,1.0268580488132446
Vision-only LSTM,2,51,46,0.08516336565225463,0.9468876259747417
Vision-only LSTM,2,51,47,0.08358009450142155,0.9526897376407235
Vision-only LSTM,2,51,48,0.07978821078461233,1.1002194304260593
Vision-only LSTM,2,51,49,0.0794773516923389,0.9014373962741272
Vision-only LSTM,2,51,50,0.07723473096442324,0.903505937081659
Vision-only LSTM,2,51,51,0.07705268699228582,0.9949828273059547
Vision-only LSTM,2,51,52,0.06509233623434318,1.0090400307211969
Vision-only LSTM,2,51,53,0.07310560521471617,1.0700431203079404
Vision-only LSTM,2,51,54,0.0877152742896885,1.19247326537661
Vision-only LSTM,2,51,55,0.070642160629714,1.2180856625503231
Vision-only LSTM,2,51,56,0.06457710622751371,1.1793515100817702
Vision-only LSTM,2,51,57,0.06277873325151705,1.232256460892636
Vision-only LSTM,2,51,58,0.07098348701621322,1.0469593687775518
Vision-only LSTM,2,51,59,0.06118954125267387,1.077481153233029
Vision-only LSTM,2,51,60,0.06621520759482198,1.0781269120575445
Vision-only LSTM,3,42,1,1.0706333567972213,0.7505261253260966
Vision-only LSTM,3,42,2,0.4270306322552742,0.5432999596405829
Vision-only LSTM,3,42,3,0.31047921542317497,1.2557185389710672
Vision-only LSTM,3,42,4,0.2842677957785604,1.3000934936215542
Vision-only LSTM,3,42,5,0.2754492728717466,2.9405313652766325
Vision-only LSTM,3,42,6,0.25158540806092256,1.981079879234422
Vision-only LSTM,3,42,7,0.23433029560503246,2.595586840086763
Vision-only LSTM,3,42,8,0.2335761837473293,2.555456399667688
Vision-only LSTM,3,42,9,0.23571026535755998,1.1401144503859855
Vision-only LSTM,3,42,10,0.2107174325352734,2.1374172207194553
Vision-only LSTM,3,42,11,0.20490211368245087,1.2948456755536657
Vision-only LSTM,3,42,12,0.20492757233457828,1.3215163392278384
Vision-only LSTM,3,42,13,0.191404221008677,0.6487283122489538
Vision-only LSTM,3,42,14,0.20066416686463429,0.6498251358980403
Vision-only LSTM,3,42,15,0.19132148656162465,3.077524122045975
Vision-only LSTM,3,42,16,0.1803670863128219,0.6183595871025661
Vision-only LSTM,3,42,17,0.1836061592189601,0.6495043350465642
Vision-only LSTM,3,42,18,0.1650578839869583,0.6824762808076991
Vision-only LSTM,3,42,19,0.1700072200450511,0.6434704006905326
Vision-only LSTM,3,42,20,0.17994371387048053,0.8467071726137237
Vision-only LSTM,3,42,21,0.17835523782793536,0.7249055263318855
Vision-only LSTM,3,42,22,0.16331937762848828,0.6670160617843364
Vision-only LSTM,3,42,23,0.16856829514014976,0.7347522159917299
Vision-only LSTM,3,42,24,0.15164989973062404,0.6719336114527045
Vision-only LSTM,3,42,25,0.13979548687935558,0.7009902260338485
Vision-only LSTM,3,42,26,0.17008562072690017,0.6833590552429483
Vision-only LSTM,3,42,27,0.1661572468754713,0.709235971578762
Vision-only LSTM,3,42,28,0.15912540293090752,0.7187978047369911
Vision-only LSTM,3,42,29,0.13926931029977418,0.7217815703940842
Vision-only LSTM,3,42,30,0.14024029979225966,0.7560543453543441
Vision-only LSTM,3,42,31,0.14437937255071573,0.7128897609825654
Vision-only LSTM,3,42,32,0.19887002293214157,0.6482517134156117
Vision-only LSTM,3,42,33,0.14490103358431328,0.7309977665887188
Vision-only LSTM,3,42,34,0.13739574712328043,0.7759162187576294
Vision-only LSTM,3,42,35,0.12535628017026715,0.7269562836775489
Vision-only LSTM,3,42,36,0.12908707400413647,0.7409461465521678
Vision-only LSTM,3,42,37,0.11820664749529201,0.7352684984916911
Vision-only LSTM,3,42,38,0.15054218517075255,0.7844630208030436
Vision-only LSTM,3,42,39,0.12595798850902543,0.7483919095130837
Vision-only LSTM,3,42,40,0.12180004311264109,0.7445872872443069
Vision-only LSTM,3,42,41,0.12102835105179556,0.7089157555900529
Vision-only LSTM,3,42,42,0.11732362794706923,0.8092792055704309
Vision-only LSTM,3,42,43,0.11825680111161795,0.740710770277857
Vision-only LSTM,3,42,44,0.10662057718507012,0.765312811457386
Vision-only LSTM,3,42,45,0.10382104644905035,0.751489002843323
Vision-only LSTM,3,42,46,0.11599546072190052,0.85458377131751
Vision-only LSTM,3,42,47,0.1181514782278545,0.7796712344360052
Vision-only LSTM,3,42,48,0.11949069630753374,0.7514129911766112
Vision-only LSTM,3,42,49,0.10794987694704934,0.8038927930830909
Vision-only LSTM,3,42,50,0.1077558876542141,0.7861523096541438
Vision-only LSTM,3,42,51,0.12232239756744571,0.8627514582385057
Vision-only LSTM,3,42,52,0.1850082699038567,0.7303080144855711
Vision-only LSTM,3,42,53,0.1614181605136358,0.7362726374179812
Vision-only LSTM,3,42,54,0.13712556821490646,0.7925866792286966
Vision-only LSTM,3,42,55,0.1293527155476608,0.7491683152111821
Vision-only LSTM,3,42,56,0.13181687603912542,0.7693873574836199
Vision-only LSTM,3,42,57,0.12959885192345771,0.8308554651289866
Vision-only LSTM,3,42,58,0.13231574812397043,0.8047886483949186
Vision-only LSTM,3,42,59,0.1288587425462332,0.8010982710797832
Vision-only LSTM,3,42,60,0.11386361063119103,0.7911314077409808
Vision-only LSTM,3,43,1,1.0676531033413854,0.6781671537043413
Vision-only LSTM,3,43,2,0.4231826063143004,0.631267864874074
Vision-only LSTM,3,43,3,0.33191814366898953,0.6073420934957029
Vision-only LSTM,3,43,4,0.28383580641279893,0.6081691603615599
Vision-only LSTM,3,43,5,0.2801654891512536,0.8868822368560847
Vision-only LSTM,3,43,6,0.24184659903567135,1.2308014211414744
Vision-only LSTM,3,43,7,0.23701265005947345,1.5922019483533296
Vision-only LSTM,3,43,8,0.24493715145628023,2.436659035817632
Vision-only LSTM,3,43,9,0.2294789626579219,2.2348764332585365
Vision-only LSTM,3,43,10,0.24231236821684177,1.0162526621196255
Vision-only LSTM,3,43,11,0.22688176708939609,0.6272556445321197
Vision-only LSTM,3,43,12,0.20969113070312717,2.108655144958376
Vision-only LSTM,3,43,13,0.21942230361180567,0.7055916643117709
Vision-only LSTM,3,43,14,0.1974569907064467,1.0135674526606466
Vision-only LSTM,3,43,15,0.2018731378816319,0.8119859375231421
Vision-only LSTM,3,43,16,0.19532172173170503,0.7448025312063828
Vision-only LSTM,3,43,17,0.1924381092418589,0.6561306107406596
Vision-only LSTM,3,43,18,0.17659468771120823,0.8007269263017602
Vision-only LSTM,3,43,19,0.17018374771517716,0.6746722614740176
Vision-only LSTM,3,43,20,0.19444363514582316,1.0509500451995142
Vision-only LSTM,3,43,21,0.19779058752256795,1.0701442219988606
Vision-only LSTM,3,43,22,0.1888353794175186,2.0414833941924497
Vision-only LSTM,3,43,23,0.19433720786728262,1.0864323528807618
Vision-only LSTM,3,43,24,0.16219468257918282,1.7241693079096716
Vision-only LSTM,3,43,25,0.1466283267084794,1.0096116374935993
Vision-only LSTM,3,43,26,0.14821877927955138,1.4886634685645814
Vision-only LSTM,3,43,27,0.15623968795386203,1.2267151849512283
Vision-only LSTM,3,43,28,0.13512715470923015,1.5229788551915366
Vision-only LSTM,3,43,29,0.155222300909152,1.005191115416446
Vision-only LSTM,3,43,30,0.13463989727295914,1.761737421061258
Vision-only LSTM,3,43,31,0.13457123118620765,4.450767927902675
Vision-only LSTM,3,43,32,0.15898432512098315,2.0666795998999157
Vision-only LSTM,3,43,33,0.13931552163048985,1.9368001331948135
Vision-only LSTM,3,43,34,0.13115259549019442,2.733233475897547
Vision-only LSTM,3,43,35,0.10669527193645317,4.811722920703813
Vision-only LSTM,3,43,36,0.11316908140886085,5.364943337531085
Vision-only LSTM,3,43,37,0.12638491298091978,3.9208294569946185
Vision-only LSTM,3,43,38,0.14319307044239585,5.690409923374528
Vision-only LSTM,3,43,39,0.12526552527231544,4.397920007678823
Vision-only LSTM,3,43,40,0.15882205882932798,2.6590874825820983
Vision-only LSTM,3,43,41,0.13729818591375234,0.7761442086481698
Vision-only LSTM,3,43,42,0.12480061930100168,0.7487158979244327
Vision-only LSTM,3,43,43,0.13745793443207346,0.7592657091060899
Vision-only LSTM,3,43,44,0.13691397123266616,0.8067319680872204
Vision-only LSTM,3,43,45,0.11298969162212234,0.8220341557586093
Vision-only LSTM,3,43,46,0.10402112020811903,0.8012203250541127
Vision-only LSTM,3,43,47,0.10578708978603375,0.7885758501928557
Vision-only LSTM,3,43,48,0.14490940154327894,0.7417419135601765
Vision-only LSTM,3,43,49,0.1370737111371079,0.7451604041085428
Vision-only LSTM,3,43,50,0.12767811076721286,0.7548897414696667
Vision-only LSTM,3,43,51,0.12471955668306496,0.6612374107167905
Vision-only LSTM,3,43,52,0.11859952552124448,0.7888989927133924
Vision-only LSTM,3,43,53,0.11364660065062913,0.8015339832823232
Vision-only LSTM,3,43,54,0.11159760127191515,0.7761586757466603
Vision-only LSTM,3,43,55,0.11711183567203877,0.8333817485337237
Vision-only LSTM,3,43,56,0.10277813826587952,0.7616225036575734
Vision-only LSTM,3,43,57,0.09680572928296864,0.7946148535131283
Vision-only LSTM,3,43,58,0.09214031475764167,0.7979876771334957
Vision-only LSTM,3,43,59,0.09522518019735904,0.833966072117695
Vision-only LSTM,3,43,60,0.08720104439064451,0.7826613025032999
Vision-only LSTM,3,44,1,1.020303310440221,0.6192224083206689
Vision-only LSTM,3,44,2,0.3919545638816437,0.6400091734322362
Vision-only LSTM,3,44,3,0.30668729682216583,1.8697225614538733
Vision-only LSTM,3,44,4,0.27182720005056543,2.324064278939985
Vision-only LSTM,3,44,5,0.24619386633601759,2.314524492377755
Vision-only LSTM,3,44,6,0.23257849909114545,2.526583304945028
Vision-only LSTM,3,44,7,0.22767554390776776,3.055478830757381
Vision-only LSTM,3,44,8,0.22138630243798643,2.1078658704362825
Vision-only LSTM,3,44,9,0.2484618967461659,0.6061566314607296
Vision-only LSTM,3,44,10,0.22947495455941933,2.1100273937986582
Vision-only LSTM,3,44,11,0.21863882689984568,1.0745684741303105
Vision-only LSTM,3,44,12,0.19370191694217356,1.6037310107261629
Vision-only LSTM,3,44,13,0.22244986602837158,0.6947718583187967
Vision-only LSTM,3,44,14,0.19563372429596995,0.658846125881377
Vision-only LSTM,3,44,15,0.1777418705893948,0.7396193571248144
Vision-only LSTM,3,44,16,0.18758296838958693,0.6349040379814131
Vision-only LSTM,3,44,17,0.18662479721032516,0.6546273761169216
Vision-only LSTM,3,44,18,0.18344697407660407,0.7290962193809465
Vision-only LSTM,3,44,19,0.16254792351970615,0.6702054300085803
Vision-only LSTM,3,44,20,0.1601344435695069,0.7191141511721681
Vision-only LSTM,3,44,21,0.19008606256694968,0.6315680848008931
Vision-only LSTM,3,44,22,0.21739617509095266,0.8466808789681088
Vision-only LSTM,3,44,23,0.1894340219118544,0.74381494322163
Vision-only LSTM,3,44,24,0.181546704327568,0.7499949912105216
Vision-only LSTM,3,44,25,0.1848495567906705,0.6399265137702164
Vision-only LSTM,3,44,26,0.18875124087665424,0.678563698688893
Vision-only LSTM,3,44,27,0.17560292300098898,0.6691160098936573
Vision-only LSTM,3,44,28,0.16931781037867252,0.7875730450610695
Vision-only LSTM,3,44,29,0.1736198137158283,2.977021866030913
Vision-only LSTM,3,44,30,0.15986908216724338,2.4070123679764115
Vision-only LSTM,3,44,31,0.1681822386162999,0.7040826234677553
Vision-only LSTM,3,44,32,0.17143706250992755,0.751302212632927
Vision-only LSTM,3,44,33,0.17274128184870985,0.7464738904930011
Vision-only LSTM,3,44,34,0.15433142143287426,0.7754758663116261
Vision-only LSTM,3,44,35,0.15589548527784303,0.6613769576781325
Vision-only LSTM,3,44,36,0.14284585710694667,1.1773585660121475
Vision-only LSTM,3,44,37,0.16850779215130238,1.3282531289231476
Vision-only LSTM,3,44,38,0.16044968957884595,4.042174944220661
Vision-only LSTM,3,44,39,0.15158548550139145,0.7075055984807527
Vision-only LSTM,3,44,40,0.1599736558985455,1.2411151409883294
Vision-only LSTM,3,44,41,0.1383696223982248,3.0627428543299
Vision-only LSTM,3,44,42,0.1637754846864098,2.453115226431463
Vision-only LSTM,3,44,43,0.15190704885517056,4.558488897291994
Vision-only LSTM,3,44,44,0.15255484492019594,0.7224806567860974
Vision-only LSTM,3,44,45,0.13172551310857591,0.7143766858714556
Vision-only LSTM,3,44,46,0.12894909683307376,1.0658494747503497
Vision-only LSTM,3,44,47,0.12896430431793954,0.750213792574918
Vision-only LSTM,3,44,48,0.11594069407347145,0.7109182232627703
Vision-only LSTM,3,44,49,0.12300415758957761,0.8193486215355387
Vision-only LSTM,3,44,50,0.13443858673431502,1.8141288438448742
Vision-only LSTM,3,44,51,0.1521980678634177,0.7540970755393462
Vision-only LSTM,3,44,52,0.13916994291343457,0.7802512014608838
Vision-only LSTM,3,44,53,0.13440249654313474,0.7814213254213708
Vision-only LSTM,3,44,54,0.11334895835270883,0.6791039290301017
Vision-only LSTM,3,44,55,0.12007984288210556,0.7758824997259386
Vision-only LSTM,3,44,56,0.11527638398388554,0.7692792772020621
Vision-only LSTM,3,44,57,0.12396258735055224,0.755168373300157
Vision-only LSTM,3,44,58,0.11529933574640787,0.7093263603161154
Vision-only LSTM,3,44,59,0.12165443548870014,0.7798029222531514
Vision-only LSTM,3,44,60,0.10492441317903886,0.7054703861428132
Vision-only LSTM,3,45,1,1.0295086972939493,0.8956044529968837
Vision-only LSTM,3,45,2,0.4146591061253431,1.3332769892000802
Vision-only LSTM,3,45,3,0.3197898862649906,0.9453132035722273
Vision-only LSTM,3,45,4,0.2997077513725386,1.6403064252320576
Vision-only LSTM,3,45,5,0.28458298315786806,2.1592699954719663
Vision-only LSTM,3,45,6,0.27851604779196804,2.487693443300839
Vision-only LSTM,3,45,7,0.2647959543557251,2.7738358409024886
Vision-only LSTM,3,45,8,0.26053766402264983,3.4744033814101347
Vision-only LSTM,3,45,9,0.25702872976250607,3.1108594038826363
Vision-only LSTM,3,45,10,0.2596965114902192,3.169335775280399
Vision-only LSTM,3,45,11,0.24069464724106482,3.1486367257761008
Vision-only LSTM,3,45,12,0.2243085068103712,3.380607682360293
Vision-only LSTM,3,45,13,0.2250127150483475,3.386915069518599
Vision-only LSTM,3,45,14,0.21865803452168764,3.0952075025539227
Vision-only LSTM,3,45,15,0.2304371431424348,3.4407269700393237
Vision-only LSTM,3,45,16,0.23352389139684332,3.4440228142141045
Vision-only LSTM,3,45,17,0.2032836315338856,3.327361282375124
Vision-only LSTM,3,45,18,0.2134034514677816,3.4965336280611328
Vision-only LSTM,3,45,19,0.20790204579289717,3.5435174530219733
Vision-only LSTM,3,45,20,0.2063837220647375,3.5756445253107785
Vision-only LSTM,3,45,21,0.1970899777128062,4.328342527213587
Vision-only LSTM,3,45,22,0.22643484424924995,3.918758100214994
Vision-only LSTM,3,45,23,0.19138531727141014,4.184558962469831
Vision-only LSTM,3,45,24,0.20352804420191214,3.9913503702112965
Vision-only LSTM,3,45,25,0.2099892339563789,3.968720337317425
Vision-only LSTM,3,45,26,0.1841323153323719,4.086098805382317
Vision-only LSTM,3,45,27,0.18649068433928107,4.23362437224863
Vision-only LSTM,3,45,28,0.17928241269352535,4.180959657240714
Vision-only LSTM,3,45,29,0.17899895778854324,4.749731902821884
Vision-only LSTM,3,45,30,0.18334358927753927,4.517681909853932
Vision-only LSTM,3,45,31,0.1944175628478146,1.8915427255305604
Vision-only LSTM,3,45,32,0.18344517530651266,2.445853065925824
Vision-only LSTM,3,45,33,0.19280467073487215,3.734406750032237
Vision-only LSTM,3,45,34,0.18037053965009317,4.592073244415614
Vision-only LSTM,3,45,35,0.1819033816499516,1.7062492255800925
Vision-only LSTM,3,45,36,0.18105100324029952,1.664529401113902
Vision-only LSTM,3,45,37,0.1934305932532301,2.2346790277670516
Vision-only LSTM,3,45,38,0.17982745265377406,3.3153176534788162
Vision-only LSTM,3,45,39,0.17373422632159077,3.4775163055840776
Vision-only LSTM,3,45,40,0.16292734668000575,4.260842746674265
Vision-only LSTM,3,45,41,0.16115826519621987,4.564846519044985
Vision-only LSTM,3,45,42,0.1625363986492043,0.7729157709850455
Vision-only LSTM,3,45,43,0.1567331621713868,1.2604221806117573
Vision-only LSTM,3,45,44,0.1507319052193872,1.3932286607456907
Vision-only LSTM,3,45,45,0.15467602247941886,2.3409085089118227
Vision-only LSTM,3,45,46,0.14134180338466568,1.726455876912211
Vision-only LSTM,3,45,47,0.1481976995592088,1.2519124775219013
Vision-only LSTM,3,45,48,0.15554996259077608,0.8544451991873218
Vision-only LSTM,3,45,49,0.1448731439376096,0.8897156302096709
Vision-only LSTM,3,45,50,0.12775548845073864,0.9681825416642915
Vision-only LSTM,3,45,51,0.16228269216482064,0.866019780374673
Vision-only LSTM,3,45,52,0.14498898710497293,0.903440435696198
Vision-only LSTM,3,45,53,0.13268171969134737,1.0490372730907154
Vision-only LSTM,3,45,54,0.128716732320071,1.102316744266316
Vision-only LSTM,3,45,55,0.1587197584843417,1.0081021652968924
Vision-only LSTM,3,45,56,0.16697069452990085,0.9360837737406824
Vision-only LSTM,3,45,57,0.16083972153740875,0.9419606800661647
Vision-only LSTM,3,45,58,0.1417826900811188,0.8865774902407728
Vision-only LSTM,3,45,59,0.1347442605714983,0.9071853764402041
Vision-only LSTM,3,45,60,0.14228247436908406,0.8841199827081753
Vision-only LSTM,3,46,1,1.0292129897378635,0.5606592301302736
Vision-only LSTM,3,46,2,0.3605740666024911,1.1639481937860292
Vision-only LSTM,3,46,3,0.287248901020314,1.8273095133044686
Vision-only LSTM,3,46,4,0.30996347743710245,1.779477373421567
Vision-only LSTM,3,46,5,0.30074108447139053,1.6801660631937552
Vision-only LSTM,3,46,6,0.2717184971140794,2.2430122441278315
Vision-only LSTM,3,46,7,0.26311987555993077,2.3933325954078377
Vision-only LSTM,3,46,8,0.2547862682326352,2.409387868749021
Vision-only LSTM,3,46,9,0.2391331004349099,2.49183315741566
Vision-only LSTM,3,46,10,0.2433423147289031,2.550454553724335
Vision-only LSTM,3,46,11,0.24134382881702632,2.5838483835978576
Vision-only LSTM,3,46,12,0.2352183360014031,3.032194788538435
Vision-only LSTM,3,46,13,0.22800086295112557,2.9399638461491846
Vision-only LSTM,3,46,14,0.22392148349536667,2.8166696240879454
Vision-only LSTM,3,46,15,0.20706743971652578,2.7548812617170984
Vision-only LSTM,3,46,16,0.20367778072686188,2.838988027232748
Vision-only LSTM,3,46,17,0.21224839876004314,3.1730490392952597
Vision-only LSTM,3,46,18,0.21317097909224508,0.8063961348068789
Vision-only LSTM,3,46,19,0.2025845890380556,2.1240153728791005
Vision-only LSTM,3,46,20,0.20087571232451484,1.5409781079684663
Vision-only LSTM,3,46,21,0.20921866531948066,0.796332000061651
Vision-only LSTM,3,46,22,0.2203620316329717,0.821918495827251
Vision-only LSTM,3,46,23,0.19963490694009384,0.8606613596717767
Vision-only LSTM,3,46,24,0.19222045179217234,1.36360165757953
Vision-only LSTM,3,46,25,0.18450726492683595,1.5150724594135705
Vision-only LSTM,3,46,26,0.1782885274391291,1.4623701977592345
Vision-only LSTM,3,46,27,0.1839584705297371,2.0872268758292467
Vision-only LSTM,3,46,28,0.169967785427512,2.8996166058306425
Vision-only LSTM,3,46,29,0.17185997792522478,1.1718117859472268
Vision-only LSTM,3,46,30,0.17043279992695612,0.8806499324317248
Vision-only LSTM,3,46,31,0.15991531558767735,0.8289494159274131
Vision-only LSTM,3,46,32,0.14315085030340274,1.1655853665599782
Vision-only LSTM,3,46,33,0.1776688775793857,0.8353067280361487
Vision-only LSTM,3,46,34,0.15340927904898968,0.8194844636214854
Vision-only LSTM,3,46,35,0.18221972591362234,0.7431424475690853
Vision-only LSTM,3,46,36,0.17677598626435442,0.7599316714663426
Vision-only LSTM,3,46,37,0.16943859652094884,0.8501876243692774
Vision-only LSTM,3,46,38,0.16405484734689788,0.7459413725999916
Vision-only LSTM,3,46,39,0.1400509798198665,0.8291065920480143
Vision-only LSTM,3,46,40,0.14253577233715103,1.1583505730052914
Vision-only LSTM,3,46,41,0.13521877428579404,0.972012632797849
Vision-only LSTM,3,46,42,0.15594578710205237,1.3366825856127829
Vision-only LSTM,3,46,43,0.14472129657987037,1.9818432324837338
Vision-only LSTM,3,46,44,0.12338749452377314,1.01796796046338
Vision-only LSTM,3,46,45,0.13819636399928903,1.5223784313792952
Vision-only LSTM,3,46,46,0.14129029638176666,1.037078781322863
Vision-only LSTM,3,46,47,0.14985860216827204,0.7842822261623241
Vision-only LSTM,3,46,48,0.15464436045879162,1.145757281117969
Vision-only LSTM,3,46,49,0.14548680157107316,0.6426452517634418
Vision-only LSTM,3,46,50,0.13387248892940878,0.6808674080879183
Vision-only LSTM,3,46,51,0.13456731064911556,0.6989789544848776
Vision-only LSTM,3,46,52,0.10831012711361826,0.7204353856371883
Vision-only LSTM,3,46,53,0.13060864501316613,0.9999497238335744
Vision-only LSTM,3,46,54,0.12699250483640473,1.0909695753776927
Vision-only LSTM,3,46,55,0.1201769896512367,2.1337786270012646
Vision-only LSTM,3,46,56,0.12792403082098436,3.5512870897537008
Vision-only LSTM,3,46,57,0.12960735409597465,2.796943903219275
Vision-only LSTM,3,46,58,0.1161445637361719,3.8799705749818862
Vision-only LSTM,3,46,59,0.11538663136940848,2.7963792046910814
Vision-only LSTM,3,46,60,0.11125823405175399,3.2006358050700254
Vision-only LSTM,3,47,1,1.0298686697213293,1.1402932770347196
Vision-only LSTM,3,47,2,0.3592493426293955,0.6743290860447994
Vision-only LSTM,3,47,3,0.3013001221035599,2.8201468899939797
Vision-only LSTM,3,47,4,0.2770452866757955,2.4360852675118037
Vision-only LSTM,3,47,5,0.26615309629600714,2.2819217313510567
Vision-only LSTM,3,47,6,0.24499934622818542,2.163944836057707
Vision-only LSTM,3,47,7,0.24390542109123792,2.1613951826495446
Vision-only LSTM,3,47,8,0.23823348300400496,1.5078521717644338
Vision-only LSTM,3,47,9,0.22358718900414418,3.089202311616274
Vision-only LSTM,3,47,10,0.2356053885288924,3.3054414119110667
Vision-only LSTM,3,47,11,0.2262628290676925,3.2118146936848477
Vision-only LSTM,3,47,12,0.2369427155555206,2.5347909150133594
Vision-only LSTM,3,47,13,0.21551420970161983,2.6340913459877298
Vision-only LSTM,3,47,14,0.20098736524946464,2.4155609813251337
Vision-only LSTM,3,47,15,0.18535613451802402,1.8078907115591898
Vision-only LSTM,3,47,16,0.2039780582355432,2.72059250471477
Vision-only LSTM,3,47,17,0.2056114530982592,2.462114632973131
Vision-only LSTM,3,47,18,0.21191299613949696,1.7522725297969841
Vision-only LSTM,3,47,19,0.1858833254978562,3.03339833158617
Vision-only LSTM,3,47,20,0.1725422566960956,1.2358424258057177
Vision-only LSTM,3,47,21,0.1978012069381933,2.048911533703094
Vision-only LSTM,3,47,22,0.18355451209829488,2.047835439537306
Vision-only LSTM,3,47,23,0.18044451891874683,2.0841657163680725
Vision-only LSTM,3,47,24,0.19378631120883727,1.2601451727579225
Vision-only LSTM,3,47,25,0.19058309820358177,0.6597036523295399
Vision-only LSTM,3,47,26,0.1775125982017692,3.18713573955265
Vision-only LSTM,3,47,27,0.17761951914621055,2.169621574959915
Vision-only LSTM,3,47,28,0.1688311934112272,0.8132431804196639
Vision-only LSTM,3,47,29,0.1670840529992675,0.8231299925650191
Vision-only LSTM,3,47,30,0.1456934396097784,0.7359242095324978
Vision-only LSTM,3,47,31,0.17869240705390954,0.8817925403515497
Vision-only LSTM,3,47,32,0.1665748872757186,1.5039375296928599
Vision-only LSTM,3,47,33,0.13546555223176968,2.362242297244022
Vision-only LSTM,3,47,34,0.13795918230798995,0.7317570709082566
Vision-only LSTM,3,47,35,0.16248152883729075,0.7061123743309665
Vision-only LSTM,3,47,36,0.1800387073365191,0.6802037881542802
Vision-only LSTM,3,47,37,0.21241332292556764,0.6724921735140262
Vision-only LSTM,3,47,38,0.1918241804938433,0.7347258571183907
Vision-only LSTM,3,47,39,0.16469028905968236,0.7309734762589637
Vision-only LSTM,3,47,40,0.15228468186538155,0.7437671884988089
Vision-only LSTM,3,47,41,0.1382190275629726,0.7151945907802202
Vision-only LSTM,3,47,42,0.12484349173690201,0.7625315398196504
Vision-only LSTM,3,47,43,0.14102263680291832,0.7695027468589367
Vision-only LSTM,3,47,44,0.15692440859449383,0.5971280771856288
Vision-only LSTM,3,47,45,0.11249777996408489,0.700297432000782
Vision-only LSTM,3,47,46,0.10756620240685408,0.7161739106198277
Vision-only LSTM,3,47,47,0.12293592831831915,0.6838420974695958
Vision-only LSTM,3,47,48,0.14168937384330352,0.7487931020979611
Vision-only LSTM,3,47,49,0.12200161271503576,0.6812120957194634
Vision-only LSTM,3,47,50,0.10899671971604273,0.7576833157107016
Vision-only LSTM,3,47,51,0.1111882666382221,0.7009612311544658
Vision-only LSTM,3,47,52,0.10337433929637713,0.7233295925820649
Vision-only LSTM,3,47,53,0.11984456914280532,0.7328502008968679
Vision-only LSTM,3,47,54,0.12486754234108378,0.6702254039061645
Vision-only LSTM,3,47,55,0.16762812845750685,0.6687682300368695
Vision-only LSTM,3,47,56,0.13489138901302028,0.6999867686560569
Vision-only LSTM,3,47,57,0.11508473626335097,0.716063863170222
Vision-only LSTM,3,47,58,0.13716561947393854,0.7334985886417345
Vision-only LSTM,3,47,59,0.1365654155543638,0.8413745979280591
Vision-only LSTM,3,47,60,0.12697788413203911,0.9349401336421007
Vision-only LSTM,3,48,1,1.0435497201363975,0.6245364350592815
Vision-only LSTM,3,48,2,0.37832376442006604,1.373511724252121
Vision-only LSTM,3,48,3,0.3370083988806523,0.7795855695346616
Vision-only LSTM,3,48,4,0.2978345686917276,1.044411503668851
Vision-only LSTM,3,48,5,0.28128546406187416,0.7162423340029687
Vision-only LSTM,3,48,6,0.2955744952145702,0.5620560083124373
Vision-only LSTM,3,48,7,0.2636957134151495,2.1501938974957295
Vision-only LSTM,3,48,8,0.23951185739368475,2.0281368630237298
Vision-only LSTM,3,48,9,0.25603787957346036,1.9911352043006905
Vision-only LSTM,3,48,10,0.30947876116915946,2.3325248673651955
Vision-only LSTM,3,48,11,0.24600905628094524,2.740874954552021
Vision-only LSTM,3,48,12,0.24330497905384146,2.9442565407393113
Vision-only LSTM,3,48,13,0.22956346000832384,2.911599825232034
Vision-only LSTM,3,48,14,0.23423134531449835,2.9421366012071415
Vision-only LSTM,3,48,15,0.2129840099306874,2.935462546142392
Vision-only LSTM,3,48,16,0.21801498249765566,2.8148657190037474
Vision-only LSTM,3,48,17,0.21190105723131689,3.0459088979902007
Vision-only LSTM,3,48,18,0.21179218093497218,3.4732780049182086
Vision-only LSTM,3,48,19,0.20044573997503393,3.4484079656673425
Vision-only LSTM,3,48,20,0.20490100541428324,3.3665506314931424
Vision-only LSTM,3,48,21,0.21192152198028127,3.580696482968905
Vision-only LSTM,3,48,22,0.21593893157141653,2.893014970627971
Vision-only LSTM,3,48,23,0.20713628978163734,2.5157645661657213
Vision-only LSTM,3,48,24,0.192529318105737,3.4427974852001144
Vision-only LSTM,3,48,25,0.20496989554221476,3.3510216816603764
Vision-only LSTM,3,48,26,0.19402919331457272,3.433649841000949
Vision-only LSTM,3,48,27,0.19683155081140885,3.382786208666096
Vision-only LSTM,3,48,28,0.19901051955121007,3.77388268977841
Vision-only LSTM,3,48,29,0.19260145282708907,3.5042565960116856
Vision-only LSTM,3,48,30,0.18474029147661425,3.0538766603112473
Vision-only LSTM,3,48,31,0.1826503307310813,3.6402273028151795
Vision-only LSTM,3,48,32,0.1825184305141529,3.6872162344695636
Vision-only LSTM,3,48,33,0.1753766121120628,4.6086811521705595
Vision-only LSTM,3,48,34,0.20123568817130105,3.6787572972304665
Vision-only LSTM,3,48,35,0.18738146190409086,3.96626686337609
Vision-only LSTM,3,48,36,0.17958076231363898,3.475529338766194
Vision-only LSTM,3,48,37,0.1817264543715238,3.700004793594218
Vision-only LSTM,3,48,38,0.18709401050838856,3.995706342801108
Vision-only LSTM,3,48,39,0.18141454061100243,3.754154238342239
Vision-only LSTM,3,48,40,0.17308624157232064,4.118718812425682
Vision-only LSTM,3,48,41,0.17497834386218578,3.810501853749937
Vision-only LSTM,3,48,42,0.1671468087936259,4.188846921895785
Vision-only LSTM,3,48,43,0.15519520705993023,4.033558000027509
Vision-only LSTM,3,48,44,0.1829610522916193,4.250680412542645
Vision-only LSTM,3,48,45,0.20475956306305773,4.155319333794981
Vision-only LSTM,3,48,46,0.16768862983320101,3.784284235890057
Vision-only LSTM,3,48,47,0.1756987868355365,4.218244153686039
Vision-only LSTM,3,48,48,0.14880404208732673,4.336442362056339
Vision-only LSTM,3,48,49,0.15225967324199297,4.644293125664163
Vision-only LSTM,3,48,50,0.1479536127424386,4.00465430050651
Vision-only LSTM,3,48,51,0.1605763601600577,3.918316901011287
Vision-only LSTM,3,48,52,0.14810995159710583,3.650389383892593
Vision-only LSTM,3,48,53,0.13686102815314172,3.713650197540439
Vision-only LSTM,3,48,54,0.1364538803821948,3.918581286597552
Vision-only LSTM,3,48,55,0.1270539075888078,4.518904881344901
Vision-only LSTM,3,48,56,0.12947231874280019,4.465798267965797
Vision-only LSTM,3,48,57,0.15480930659384537,5.478476390586209
Vision-only LSTM,3,48,58,0.15901186232503492,5.946230808706404
Vision-only LSTM,3,48,59,0.13168650426266754,5.347068729109484
Vision-only LSTM,3,48,60,0.11723382049311373,5.441100426252533
Vision-only LSTM,3,49,1,1.0149616565726218,0.6965451885319356
Vision-only LSTM,3,49,2,0.39144603418647694,0.6151924233266642
Vision-only LSTM,3,49,3,0.32350778802545793,0.620064236957822
Vision-only LSTM,3,49,4,0.2945392716550681,1.035652364168777
Vision-only LSTM,3,49,5,0.2738888812698538,1.6129017479764591
Vision-only LSTM,3,49,6,0.24693440984000398,1.583755408068123
Vision-only LSTM,3,49,7,0.2262997268719046,0.8306556770136772
Vision-only LSTM,3,49,8,0.24126702033051656,2.335982665450818
Vision-only LSTM,3,49,9,0.26130366933386806,0.6440163375009281
Vision-only LSTM,3,49,10,0.22727561343563807,0.6301199695099324
Vision-only LSTM,3,49,11,0.20718718583066165,0.6882422925666193
Vision-only LSTM,3,49,12,0.2091359755448678,0.6125973275310088
Vision-only LSTM,3,49,13,0.20816290103787677,0.9574468801856291
Vision-only LSTM,3,49,14,0.20852027583741997,0.6128462747645328
Vision-only LSTM,3,49,15,0.2115299612010291,0.5995154846889168
Vision-only LSTM,3,49,16,0.20873621391610953,1.0213050075047172
Vision-only LSTM,3,49,17,0.21097770268894983,0.6489388350420778
Vision-only LSTM,3,49,18,0.20915272511108934,0.7921708812566174
Vision-only LSTM,3,49,19,0.21360623174851093,0.8487508197000692
Vision-only LSTM,3,49,20,0.2122467638056053,0.814186705889442
Vision-only LSTM,3,49,21,0.19493425789229366,0.8779165084694417
Vision-only LSTM,3,49,22,0.1871168092485597,1.6503440481249392
Vision-only LSTM,3,49,23,0.18173794367262347,0.9343032539515626
Vision-only LSTM,3,49,24,0.22782951057504078,3.521833388654191
Vision-only LSTM,3,49,25,0.19228023489771998,3.7886042274394125
Vision-only LSTM,3,49,26,0.18303010026163874,2.893890399946607
Vision-only LSTM,3,49,27,0.175796823445081,0.699751264925273
Vision-only LSTM,3,49,28,0.17769832846221573,3.1213046762803316
Vision-only LSTM,3,49,29,0.17267143015268427,0.7093971428193886
Vision-only LSTM,3,49,30,0.15363396678051544,0.7798751677919484
Vision-only LSTM,3,49,31,0.15425600040197054,0.752545368309041
Vision-only LSTM,3,49,32,0.1455431109812646,0.731270352218386
Vision-only LSTM,3,49,33,0.1452527956495956,0.7673456702279845
Vision-only LSTM,3,49,34,0.13833871035436482,0.7498535148221491
Vision-only LSTM,3,49,35,0.14030435512280975,0.7751390660177737
Vision-only LSTM,3,49,36,0.12944325056006784,0.8513937061125377
Vision-only LSTM,3,49,37,0.126856585525956,0.8683375371639583
Vision-only LSTM,3,49,38,0.13120434750377027,0.8749865339424625
Vision-only LSTM,3,49,39,0.11886075898002411,0.9316714186400987
Vision-only LSTM,3,49,40,0.11642135978770365,0.8564106183481917
Vision-only LSTM,3,49,41,0.1316444783764877,0.8593341941541096
Vision-only LSTM,3,49,42,0.13811022225149341,0.9168950179181758
Vision-only LSTM,3,49,43,0.11938293077370625,1.0320502374969438
Vision-only LSTM,3,49,44,0.12789415493171408,1.0945716407501473
Vision-only LSTM,3,49,45,0.12597703581009437,1.2653887557096202
Vision-only LSTM,3,49,46,0.14403967664147008,1.2462132758689377
Vision-only LSTM,3,49,47,0.1292755386880414,1.2426975977214627
Vision-only LSTM,3,49,48,0.13035404245833374,1.2189787706082973
Vision-only LSTM,3,49,49,0.12667710643364202,1.2794837982587095
Vision-only LSTM,3,49,50,0.10371371491923245,1.3847647543910664
Vision-only LSTM,3,49,51,0.10588884660774779,1.2140309094476749
Vision-only LSTM,3,49,52,0.13243129195756526,1.8270793440956739
Vision-only LSTM,3,49,53,0.1256431373069775,1.3174630318860088
Vision-only LSTM,3,49,54,0.13651269236152325,1.2402391202232372
Vision-only LSTM,3,49,55,0.10992300416305889,0.9808115860607389
Vision-only LSTM,3,49,56,0.11325399860147307,1.0869865318451788
Vision-only LSTM,3,49,57,0.1112752121243774,1.4006467139352292
Vision-only LSTM,3,49,58,0.11097879196297868,0.9061620839689888
Vision-only LSTM,3,49,59,0.10235648702044006,0.8321070160630863
Vision-only LSTM,3,49,60,0.16460503791700992,0.675912783018448
Vision-only LSTM,3,50,1,1.0072791949871482,0.7623254882964449
Vision-only LSTM,3,50,2,0.38014412402013026,0.6070683083694186
Vision-only LSTM,3,50,3,0.32488533087097543,1.065230884329578
Vision-only LSTM,3,50,4,0.3211953564703647,1.178944621196083
Vision-only LSTM,3,50,5,0.27999849244724356,2.389746805094573
Vision-only LSTM,3,50,6,0.2763509790683649,2.2543831271445476
Vision-only LSTM,3,50,7,0.27187878870453674,2.2595422812102974
Vision-only LSTM,3,50,8,0.257867581691217,2.19002742000096
Vision-only LSTM,3,50,9,0.27192215904912453,2.326200652297438
Vision-only LSTM,3,50,10,0.26880483121614024,2.7045828992465757
Vision-only LSTM,3,50,11,0.243414098953982,1.8473365936014388
Vision-only LSTM,3,50,12,0.24361370014943842,2.6601612737843574
Vision-only LSTM,3,50,13,0.2348936973954195,2.4666634154519693
Vision-only LSTM,3,50,14,0.22954899834508835,2.5666604345699526
Vision-only LSTM,3,50,15,0.21127468533472182,2.9303513915283874
Vision-only LSTM,3,50,16,0.20506835701997855,3.6796242471635967
Vision-only LSTM,3,50,17,0.2052083968656246,3.824210348072417
Vision-only LSTM,3,50,18,0.20599480933005657,3.646372414984793
Vision-only LSTM,3,50,19,0.20353355737636578,3.710087247520873
Vision-only LSTM,3,50,20,0.19765969315253268,3.3256608183091543
Vision-only LSTM,3,50,21,0.2020494090307743,3.4007762154130816
Vision-only LSTM,3,50,22,0.17935691999003792,2.7666150229969366
Vision-only LSTM,3,50,23,0.18052797919631985,2.409016572579398
Vision-only LSTM,3,50,24,0.18173786799112956,3.305181210864515
Vision-only LSTM,3,50,25,0.18889522312112175,3.0849529775621005
Vision-only LSTM,3,50,26,0.2161927996152038,2.220863608662937
Vision-only LSTM,3,50,27,0.2199278458013037,2.743822507607112
Vision-only LSTM,3,50,28,0.20772468352901097,1.6467310702525844
Vision-only LSTM,3,50,29,0.1891961415791001,2.541707677177038
Vision-only LSTM,3,50,30,0.18620243382836701,2.5811976422272638
Vision-only LSTM,3,50,31,0.1770159886198671,2.3757779335200913
Vision-only LSTM,3,50,32,0.18556711376510812,2.450614144748362
Vision-only LSTM,3,50,33,0.1768253887647518,1.5635574024553318
Vision-only LSTM,3,50,34,0.19018140395117827,1.6813769907196612
Vision-only LSTM,3,50,35,0.18296141747188746,2.059116156814733
Vision-only LSTM,3,50,36,0.17560387375055733,3.173169985038679
Vision-only LSTM,3,50,37,0.16950920617908513,1.1470153756923895
Vision-only LSTM,3,50,38,0.16129542745034628,1.211167152135377
Vision-only LSTM,3,50,39,0.17632716724631983,2.1327577695969016
Vision-only LSTM,3,50,40,0.17263241630355153,5.6849263384782045
Vision-only LSTM,3,50,41,0.1639736464583181,5.38818355495075
Vision-only LSTM,3,50,42,0.15333651962465056,5.1320207779699905
Vision-only LSTM,3,50,43,0.1549025721141687,5.338861769006687
Vision-only LSTM,3,50,44,0.16994748442727126,5.458800852704848
Vision-only LSTM,3,50,45,0.18356308179710984,4.126119426523864
Vision-only LSTM,3,50,46,0.1603790854551012,1.3882618772033875
Vision-only LSTM,3,50,47,0.14667530803505432,3.7013651221615715
Vision-only LSTM,3,50,48,0.15736904410411823,4.329759816859753
Vision-only LSTM,3,50,49,0.13408525338074598,5.39618298333271
Vision-only LSTM,3,50,50,0.14106840304916424,2.364586466450861
Vision-only LSTM,3,50,51,0.1236017806632074,3.0385124504847347
Vision-only LSTM,3,50,52,0.12415852098233018,3.191265290950579
Vision-only LSTM,3,50,53,0.16135156184708307,1.6699700188711755
Vision-only LSTM,3,50,54,0.14830917588432266,2.525205116976732
Vision-only LSTM,3,50,55,0.13559641504506453,2.3383342214475387
Vision-only LSTM,3,50,56,0.13613646788699182,4.884249312666477
Vision-only LSTM,3,50,57,0.11461751967987518,3.8289516297338895
Vision-only LSTM,3,50,58,0.11847379640120706,2.1540610239190876
Vision-only LSTM,3,50,59,0.11135717647702686,2.527823531590168
Vision-only LSTM,3,50,60,0.10660773589694446,4.225159848448615
Vision-only LSTM,3,51,1,1.0572609281503462,0.8666326604799155
Vision-only LSTM,3,51,2,0.3681322554929541,0.7297783017283466
Vision-only LSTM,3,51,3,0.3231265758656945,0.9484214444705276
Vision-only LSTM,3,51,4,0.2842425923372992,0.6140448152394165
Vision-only LSTM,3,51,5,0.2736839538685043,0.6636289267544976
Vision-only LSTM,3,51,6,0.2539081727783979,1.9260624791466214
Vision-only LSTM,3,51,7,0.24486635639602802,2.433071247124322
Vision-only LSTM,3,51,8,0.22988292421769657,2.3483113466568715
Vision-only LSTM,3,51,9,0.22606230659085677,1.970674074983197
Vision-only LSTM,3,51,10,0.2264452637335576,2.2811777826625095
Vision-only LSTM,3,51,11,0.22025183306648097,0.7360473178342704
Vision-only LSTM,3,51,12,0.22389320739365498,2.749230841295774
Vision-only LSTM,3,51,13,0.21890772500898495,2.9103710161564984
Vision-only LSTM,3,51,14,0.205158757814847,3.5777923047417617
Vision-only LSTM,3,51,15,0.2092141753378743,3.276442148431792
Vision-only LSTM,3,51,16,0.2093356071911547,3.1444300996994823
Vision-only LSTM,3,51,17,0.19766741457540507,3.3416646170103825
Vision-only LSTM,3,51,18,0.19233141318874986,2.991590045689287
Vision-only LSTM,3,51,19,0.19103220872558221,3.465758841211441
Vision-only LSTM,3,51,20,0.21946529497019376,3.9095342254863596
Vision-only LSTM,3,51,21,0.20000077646499106,4.035889346394649
Vision-only LSTM,3,51,22,0.18677570943803234,4.433756458215743
Vision-only LSTM,3,51,23,0.18550202745135405,4.613882911686377
Vision-only LSTM,3,51,24,0.17660268116799335,4.947214492118333
Vision-only LSTM,3,51,25,0.16858404761789772,3.7171705204298413
Vision-only LSTM,3,51,26,0.24663834633812629,3.235288661840202
Vision-only LSTM,3,51,27,0.20724866815404083,1.2547247710499123
Vision-only LSTM,3,51,28,0.19422253640055293,1.6136221316812922
Vision-only LSTM,3,51,29,0.18914692782446604,2.922528884445846
Vision-only LSTM,3,51,30,0.19822427806322,4.573956117033958
Vision-only LSTM,3,51,31,0.18866986732599567,4.693585960854399
Vision-only LSTM,3,51,32,0.18326618119117316,4.578858882844823
Vision-only LSTM,3,51,33,0.19222969224374592,4.570642380407022
Vision-only LSTM,3,51,34,0.1866936063240154,4.574133744498469
Vision-only LSTM,3,51,35,0.17616395112810604,4.799913337380007
Vision-only LSTM,3,51,36,0.18725786881709316,4.737155051257625
Vision-only LSTM,3,51,37,0.16949466068400154,4.667861103746001
Vision-only LSTM,3,51,38,0.1979522419871267,4.1823852818998155
Vision-only LSTM,3,51,39,0.18321868898574867,4.299982553633004
Vision-only LSTM,3,51,40,0.18253782750634243,4.796893396061422
Vision-only LSTM,3,51,41,0.17753343264136565,4.72883180019678
Vision-only LSTM,3,51,42,0.17906287885075206,4.708728983607807
Vision-only LSTM,3,51,43,0.16550566694650812,4.812271398443346
Vision-only LSTM,3,51,44,0.17829644445569143,4.503914558881234
Vision-only LSTM,3,51,45,0.15032225985319242,3.839008540430534
Vision-only LSTM,3,51,46,0.15734406766176953,3.863248026002378
Vision-only LSTM,3,51,47,0.2286315374418136,4.946574622823757
Vision-only LSTM,3,51,48,0.18143455997701813,4.610976650170685
Vision-only LSTM,3,51,49,0.18453213491958398,4.868657223208645
Vision-only LSTM,3,51,50,0.17795372840461382,5.150958519671073
Vision-only LSTM,3,51,51,0.18163506320310296,4.291935871388428
Vision-only LSTM,3,51,52,0.16785625572763496,4.69883206766294
Vision-only LSTM,3,51,53,0.16506963742039643,4.6678962212844715
Vision-only LSTM,3,51,54,0.17872251299543118,5.090991401291244
Vision-only LSTM,3,51,55,0.16536218857945195,4.452141995684281
Vision-only LSTM,3,51,56,0.15209380051047067,1.3746905610184
Vision-only LSTM,3,51,57,0.1411675741673883,2.560677476008608
Vision-only LSTM,3,51,58,0.13784632688952148,2.3780996105018652
Vision-only LSTM,3,51,59,0.1558367080325745,2.882328997867912
Vision-only LSTM,3,51,60,0.13670025240880543,0.7431503485739855
Vision-only LSTM,4,42,1,1.1098096127146637,0.8192447283982731
Vision-only LSTM,4,42,2,0.4530886777413085,1.1829032295654904
Vision-only LSTM,4,42,3,0.34087668566444684,0.8054518654036572
Vision-only LSTM,4,42,4,0.30324902351296273,0.9607430405961642
Vision-only LSTM,4,42,5,0.2912301726339565,0.914178488389501
Vision-only LSTM,4,42,6,0.2937533682765638,0.8686057880864453
Vision-only LSTM,4,42,7,0.29482576198450006,0.7649159462696851
Vision-only LSTM,4,42,8,0.2741570547380831,0.8574774095347343
Vision-only LSTM,4,42,9,0.2705026516610666,0.9054908080170989
Vision-only LSTM,4,42,10,0.25307742731307875,0.8846653507440595
Vision-only LSTM,4,42,11,0.2423118804657047,0.9695343590444989
Vision-only LSTM,4,42,12,0.24302018466934655,0.8628579691146154
Vision-only LSTM,4,42,13,0.23923147582805906,1.0488454591896799
Vision-only LSTM,4,42,14,0.2371724026255315,0.9361076931189941
Vision-only LSTM,4,42,15,0.2400543728742115,0.8147862476279151
Vision-only LSTM,4,42,16,0.22905588547528927,1.0150507637446031
Vision-only LSTM,4,42,17,0.22908753001814,1.0888915295933277
Vision-only LSTM,4,42,18,0.22527285074800696,0.8799301197037757
Vision-only LSTM,4,42,19,0.21600790201681722,0.9976553816652898
Vision-only LSTM,4,42,20,0.21277338125458384,0.864186537481329
Vision-only LSTM,4,42,21,0.19964428478950502,0.8948195872191863
Vision-only LSTM,4,42,22,0.20490203370342142,1.0125580400509655
Vision-only LSTM,4,42,23,0.20869975331474042,1.0614051777455542
Vision-only LSTM,4,42,24,0.20097812042744462,0.7695402031377802
Vision-only LSTM,4,42,25,0.195828117572176,0.9777437515041363
Vision-only LSTM,4,42,26,0.205486173318908,0.6528957855479647
Vision-only LSTM,4,42,27,0.19369967655661918,1.0946699944119784
Vision-only LSTM,4,42,28,0.19159767390264956,1.3818949890289791
Vision-only LSTM,4,42,29,0.18749697981290545,1.035237806491882
Vision-only LSTM,4,42,30,0.18536689445565685,1.5083477354415182
Vision-only LSTM,4,42,31,0.1712981193374393,1.226377239095465
Vision-only LSTM,4,42,32,0.17403034746499657,1.3389875966688498
Vision-only LSTM,4,42,33,0.1597777619884312,1.064774501319014
Vision-only LSTM,4,42,34,0.17248770812277905,1.4158041182928864
Vision-only LSTM,4,42,35,0.15147401263113164,0.9810446304907589
Vision-only LSTM,4,42,36,0.16108429445586073,1.2631060660385236
Vision-only LSTM,4,42,37,0.14888823134910076,1.2532738695698213
Vision-only LSTM,4,42,38,0.16167948828272696,1.1421040488051668
Vision-only LSTM,4,42,39,0.15808966247944573,1.1786275655890286
Vision-only LSTM,4,42,40,0.1423052244293244,1.1735564502780043
Vision-only LSTM,4,42,41,0.14044961475766538,1.4424134126280588
Vision-only LSTM,4,42,42,0.13983018106360964,1.2676760462157632
Vision-only LSTM,4,42,43,0.12430092805947901,1.783487527992428
Vision-only LSTM,4,42,44,0.1416469712386101,1.620520782514438
Vision-only LSTM,4,42,45,0.1320609814403927,0.9955553993723303
Vision-only LSTM,4,42,46,0.13357728543174083,1.2363527803535357
Vision-only LSTM,4,42,47,0.12311243585027602,1.3342816069784653
Vision-only LSTM,4,42,48,0.1149118218252839,1.2391739365502223
Vision-only LSTM,4,42,49,0.16272462412830635,1.1848714128292832
Vision-only LSTM,4,42,50,0.111774360641427,1.7894711704217914
Vision-only LSTM,4,42,51,0.10373797825548796,1.7461429731666542
Vision-only LSTM,4,42,52,0.1367570354840498,1.392179873309233
Vision-only LSTM,4,42,53,0.1263305390899082,1.6697217849253108
Vision-only LSTM,4,42,54,0.13234837394241894,1.9438452105227257
Vision-only LSTM,4,42,55,0.1190851197151458,1.4282446011932142
Vision-only LSTM,4,42,56,0.10378512608685288,1.5936322732197914
Vision-only LSTM,4,42,57,0.09673145465452905,1.9235405962781462
Vision-only LSTM,4,42,58,0.10582830608101403,1.3246242834149666
Vision-only LSTM,4,42,59,0.10829163554611557,1.7946298338972673
Vision-only LSTM,4,42,60,0.09696585716562701,1.9433359261172622
Vision-only LSTM,4,43,1,1.130622287745533,0.7025917166184079
Vision-only LSTM,4,43,2,0.46597746979963134,1.1640618479726699
Vision-only LSTM,4,43,3,0.35788423228869576,0.9532915222569831
Vision-only LSTM,4,43,4,0.31686019550433187,0.9269688581770571
Vision-only LSTM,4,43,5,0.29504023834106025,0.8635197000058692
Vision-only LSTM,4,43,6,0.28263603448447155,0.8178795111879112
Vision-only LSTM,4,43,7,0.2836496487112641,1.0097150724513975
Vision-only LSTM,4,43,8,0.2738561584083817,0.9123599752315186
Vision-only LSTM,4,43,9,0.26497353301051646,0.9126745563008251
Vision-only LSTM,4,43,10,0.2526135983270243,0.8729596689687085
Vision-only LSTM,4,43,11,0.24877672662975592,0.9245672098651871
Vision-only LSTM,4,43,12,0.2418375467446461,0.9283889605033073
Vision-only LSTM,4,43,13,0.24180371202291867,0.9949843238109812
Vision-only LSTM,4,43,14,0.2540657028461226,1.0455914465730045
Vision-only LSTM,4,43,15,0.23921510593501633,0.9676016211134832
Vision-only LSTM,4,43,16,0.22717859072843402,0.9706189113842866
Vision-only LSTM,4,43,17,0.2100205850211053,1.079638385688359
Vision-only LSTM,4,43,18,0.21725975477577686,1.0277565401555107
Vision-only LSTM,4,43,19,0.22380952470809032,0.9188650694345778
Vision-only LSTM,4,43,20,0.233811186677819,0.9523762353857983
Vision-only LSTM,4,43,21,0.23366859084127986,0.9874027550095532
Vision-only LSTM,4,43,22,0.22254293088603372,1.0059191682522401
Vision-only LSTM,4,43,23,0.21887882117999635,0.9706143951375404
Vision-only LSTM,4,43,24,0.21425342059253216,1.0902294200655673
Vision-only LSTM,4,43,25,0.21327520972124353,1.1150430015032522
Vision-only LSTM,4,43,26,0.20024940995637514,1.1365239738840103
Vision-only LSTM,4,43,27,0.20162047920045334,1.0066343716870938
Vision-only LSTM,4,43,28,0.18729917668778878,1.3542401159428201
Vision-only LSTM,4,43,29,0.18620822010279206,1.4999047031536292
Vision-only LSTM,4,43,30,0.20405059162692948,1.2762500945658304
Vision-only LSTM,4,43,31,0.18344416748535153,1.3637170415113933
Vision-only LSTM,4,43,32,0.1718500587424091,1.3502757659248337
Vision-only LSTM,4,43,33,0.17918172487088635,1.2097586270898144
Vision-only LSTM,4,43,34,0.1792180491433904,1.1780008047475505
Vision-only LSTM,4,43,35,0.17138787753874765,1.8449164456072844
Vision-only LSTM,4,43,36,0.16153837230395665,1.4247853748141095
Vision-only LSTM,4,43,37,0.15844719884844843,2.425937596146228
Vision-only LSTM,4,43,38,0.15780918186579107,1.1832960797337115
Vision-only LSTM,4,43,39,0.1660414374707531,1.564970650427059
Vision-only LSTM,4,43,40,0.1838599057130689,1.5762381951560889
Vision-only LSTM,4,43,41,0.1582570596635552,1.8324848626832042
Vision-only LSTM,4,43,42,0.15228550858538,1.58684726985683
Vision-only LSTM,4,43,43,0.16266402413959477,2.3611024248353214
Vision-only LSTM,4,43,44,0.15358996117880586,2.188247280730329
Vision-only LSTM,4,43,45,0.1607989722057052,1.8937381695042241
Vision-only LSTM,4,43,46,0.1411304566365106,2.167093254266545
Vision-only LSTM,4,43,47,0.15043896669620516,2.1441387042278266
Vision-only LSTM,4,43,48,0.1668493218967085,1.5285688172049616
Vision-only LSTM,4,43,49,0.1700239699588919,1.409841236890737
Vision-only LSTM,4,43,50,0.1433546241049457,1.6577516275319413
Vision-only LSTM,4,43,51,0.12771308556693325,1.9478013968755115
Vision-only LSTM,4,43,52,0.12124971631091501,2.530801134453442
Vision-only LSTM,4,43,53,0.15449051909153952,1.1567879978262778
Vision-only LSTM,4,43,54,0.12529309341866698,2.464274115930751
Vision-only LSTM,4,43,55,0.12317595249679447,2.4834351852864214
Vision-only LSTM,4,43,56,0.11889543459502928,2.8022979356239177
Vision-only LSTM,4,43,57,0.1317750706942719,2.6674398094946734
Vision-only LSTM,4,43,58,0.11449811136548525,2.565007925580258
Vision-only LSTM,4,43,59,0.1046205040385543,2.7124608726098165
Vision-only LSTM,4,43,60,0.1444567932314177,2.5809192420071305
Vision-only LSTM,4,44,1,1.093090108312514,0.6277472253115672
Vision-only LSTM,4,44,2,0.44295463744148705,0.8071111316950816
Vision-only LSTM,4,44,3,0.3189387776393998,0.7324294636584427
Vision-only LSTM,4,44,4,0.29396792474395383,0.8443074452552156
Vision-only LSTM,4,44,5,0.27350572133850864,1.05495579237708
Vision-only LSTM,4,44,6,0.27884688151076215,0.7830481249331428
Vision-only LSTM,4,44,7,0.2699479763051028,0.8157157549318278
Vision-only LSTM,4,44,8,0.2808881557652373,1.3049854379405015
Vision-only LSTM,4,44,9,0.2854693814528476,1.0488149400027293
Vision-only LSTM,4,44,10,0.2605321364623186,0.9067149383466948
Vision-only LSTM,4,44,11,0.25471295524669857,0.9930209305051487
Vision-only LSTM,4,44,12,0.25794060590322704,0.8668546045601243
Vision-only LSTM,4,44,13,0.24599160999585476,0.8678550322225759
Vision-only LSTM,4,44,14,0.22818245400655582,0.97627203813139
Vision-only LSTM,4,44,15,0.2377239045126386,0.8316299968108192
Vision-only LSTM,4,44,16,0.22321103180409654,1.2012274966924696
Vision-only LSTM,4,44,17,0.22595641767802,1.1522657210846867
Vision-only LSTM,4,44,18,0.2163864913946655,1.0538997815558746
Vision-only LSTM,4,44,19,0.21726435320892212,1.3670505571727734
Vision-only LSTM,4,44,20,0.22346242432579155,1.2855916431396262
Vision-only LSTM,4,44,21,0.2100324717178762,1.04683527523804
Vision-only LSTM,4,44,22,0.2142930801434675,1.540950312804376
Vision-only LSTM,4,44,23,0.21941976296539953,1.3342650886039313
Vision-only LSTM,4,44,24,0.21164907318399923,1.7855407785101007
Vision-only LSTM,4,44,25,0.20425559163629883,1.1218754163390685
Vision-only LSTM,4,44,26,0.20869855385013425,1.3478957082162488
Vision-only LSTM,4,44,27,0.20691708806605094,1.5457246355649936
Vision-only LSTM,4,44,28,0.20713796673228224,0.7822834603113573
Vision-only LSTM,4,44,29,0.206566450929423,1.2036482652403273
Vision-only LSTM,4,44,30,0.19951220991940422,1.4681750944419227
Vision-only LSTM,4,44,31,0.2097251102717392,1.3680666420819625
Vision-only LSTM,4,44,32,0.19721629415377817,0.6304874529503677
Vision-only LSTM,4,44,33,0.19293279806382024,1.2305169090300612
Vision-only LSTM,4,44,34,0.17449716279308142,1.3302025299214717
Vision-only LSTM,4,44,35,0.18319360034812396,1.8347127185255852
Vision-only LSTM,4,44,36,0.1898948452425575,1.3291148417853835
Vision-only LSTM,4,44,37,0.19268321469373575,1.1108224767434023
Vision-only LSTM,4,44,38,0.20151091731648338,1.3077066466524665
Vision-only LSTM,4,44,39,0.19215740220346497,1.1759164409723672
Vision-only LSTM,4,44,40,0.1906500955387666,1.2946512282628808
Vision-only LSTM,4,44,41,0.18723448931161332,1.700388779305312
Vision-only LSTM,4,44,42,0.17754250001385755,1.745504008937994
Vision-only LSTM,4,44,43,0.20826040600586207,1.672001679199484
Vision-only LSTM,4,44,44,0.17748307355205695,1.9575813628764398
Vision-only LSTM,4,44,45,0.17762527666886085,1.6984985075125654
Vision-only LSTM,4,44,46,0.170556868458707,2.1734757408015506
Vision-only LSTM,4,44,47,0.1687318658063171,1.8363246554645478
Vision-only LSTM,4,44,48,0.15061676735682814,2.371510505613791
Vision-only LSTM,4,44,49,0.17497187017889704,3.593289449670405
Vision-only LSTM,4,44,50,0.1609261371379346,1.4768379215830527
Vision-only LSTM,4,44,51,0.18652027627701648,1.228304780730724
Vision-only LSTM,4,44,52,0.1722928483982951,1.675427423333222
Vision-only LSTM,4,44,53,0.15286775898443367,1.7484877985009857
Vision-only LSTM,4,44,54,0.15373420573366134,2.2499149065987996
Vision-only LSTM,4,44,55,0.15000232596189603,2.6040208318682714
Vision-only LSTM,4,44,56,0.15651544966539743,1.7801262883770141
Vision-only LSTM,4,44,57,0.17422498730008,1.9234872360868025
Vision-only LSTM,4,44,58,0.17136606870609516,2.844030959941681
Vision-only LSTM,4,44,59,0.16364703519334234,1.8033128829450353
Vision-only LSTM,4,44,60,0.16597772458530094,2.467601734754362
Vision-only LSTM,4,45,1,1.0738140362917579,0.7991360295993477
Vision-only LSTM,4,45,2,0.42791846996053645,1.0142293348752227
Vision-only LSTM,4,45,3,0.3254894416519009,0.9115492227317402
Vision-only LSTM,4,45,4,0.31877166739465823,0.8761487444491757
Vision-only LSTM,4,45,5,0.29869938334193796,0.9754555860155534
Vision-only LSTM,4,45,6,0.2848431454864958,0.8569377358354613
Vision-only LSTM,4,45,7,0.28874389065893585,0.9952427416227648
Vision-only LSTM,4,45,8,0.27705897009111913,0.8227802011451881
Vision-only LSTM,4,45,9,0.27514417939566355,0.7703280620105112
Vision-only LSTM,4,45,10,0.2536260486490388,0.9053628925757338
Vision-only LSTM,4,45,11,0.23167022382321287,0.9015961529011497
Vision-only LSTM,4,45,12,0.2491634668875683,0.6705789524960318
Vision-only LSTM,4,45,13,0.24506983524825932,1.0842567238667726
Vision-only LSTM,4,45,14,0.2348886018457258,0.9719715586998178
Vision-only LSTM,4,45,15,0.2190445960514463,0.9246054687058901
Vision-only LSTM,4,45,16,0.22533122040252493,1.0016190161151457
Vision-only LSTM,4,45,17,0.21784449370292686,0.9429925404004831
Vision-only LSTM,4,45,18,0.21798286252065535,0.9467045602386728
Vision-only LSTM,4,45,19,0.21474667781031964,1.0211703931557432
Vision-only LSTM,4,45,20,0.22668898894320766,0.886302932565817
Vision-only LSTM,4,45,21,0.2174785870141182,0.6840848535674173
Vision-only LSTM,4,45,22,0.21243113688414755,0.9149813075672906
Vision-only LSTM,4,45,23,0.21775751803320062,1.2193041963178657
Vision-only LSTM,4,45,24,0.19733400716483804,0.7865149500453747
Vision-only LSTM,4,45,25,0.2024332522168156,0.9136584441273218
Vision-only LSTM,4,45,26,0.19924636865028128,0.9414024791471364
Vision-only LSTM,4,45,27,0.19758113087191073,1.0929821136971816
Vision-only LSTM,4,45,28,0.1850462441681638,1.2330378825059727
Vision-only LSTM,4,45,29,0.177279127931292,1.4484894140047535
Vision-only LSTM,4,45,30,0.183302332007641,1.2048484500833403
Vision-only LSTM,4,45,31,0.1800305080102545,1.19234104752072
Vision-only LSTM,4,45,32,0.17347644675383705,1.2653147526772641
Vision-only LSTM,4,45,33,0.16269712531827416,1.3816583754350305
Vision-only LSTM,4,45,34,0.17943474770265308,1.6439412718470867
Vision-only LSTM,4,45,35,0.19527412177146997,1.1748110415488169
Vision-only LSTM,4,45,36,0.1832141833893834,1.7565592913195271
Vision-only LSTM,4,45,37,0.17363959608695503,1.3365994488636903
Vision-only LSTM,4,45,38,0.16540338277774708,1.6174570599910598
Vision-only LSTM,4,45,39,0.15155139255246058,1.6649560076291956
Vision-only LSTM,4,45,40,0.17518637120597533,1.6576173676166144
Vision-only LSTM,4,45,41,0.1674814291808415,1.5020701908809084
Vision-only LSTM,4,45,42,0.15159722867677475,1.7026846181734052
Vision-only LSTM,4,45,43,0.14143072958344208,1.4443413479179457
Vision-only LSTM,4,45,44,0.17461622972238544,1.4509730895969477
Vision-only LSTM,4,45,45,0.1794193976032288,1.5231748610984854
Vision-only LSTM,4,45,46,0.17100863433170252,1.9014563475514858
Vision-only LSTM,4,45,47,0.16380750421032403,2.2130954807362593
Vision-only LSTM,4,45,48,0.16758239170669162,1.7811797818547774
Vision-only LSTM,4,45,49,0.14816596928455497,2.022328084252728
Vision-only LSTM,4,45,50,0.13756830533394615,1.7711940214693922
Vision-only LSTM,4,45,51,0.15841779058132696,1.775380288248792
Vision-only LSTM,4,45,52,0.1408311223786064,1.6686635274963308
Vision-only LSTM,4,45,53,0.12703142050672098,1.8734871129304234
Vision-only LSTM,4,45,54,0.11398385210658096,2.0955603700248324
Vision-only LSTM,4,45,55,0.11987237152745375,1.8661820877702668
Vision-only LSTM,4,45,56,0.11928216312488116,1.9563823738789472
Vision-only LSTM,4,45,57,0.11757964150153295,2.0122519351651333
Vision-only LSTM,4,45,58,0.10938684971465472,2.4109209313192084
Vision-only LSTM,4,45,59,0.11546681952007488,2.0116810941877357
Vision-only LSTM,4,45,60,0.12076809925560221,2.3732183562431572
Vision-only LSTM,4,46,1,1.1135999597793074,0.6540865685704869
Vision-only LSTM,4,46,2,0.40541271055636474,0.9235047056365063
Vision-only LSTM,4,46,3,0.3188379152021361,0.7603814466944281
Vision-only LSTM,4,46,4,0.3021751932994362,1.0872095533386967
Vision-only LSTM,4,46,5,0.328232868506863,1.5163560545919326
Vision-only LSTM,4,46,6,0.3084088093854208,1.046692259156729
Vision-only LSTM,4,46,7,0.2922959978953162,0.9226743200914915
Vision-only LSTM,4,46,8,0.28558551245115976,0.7938987540873842
Vision-only LSTM,4,46,9,0.2710818346108697,0.8245944697839409
Vision-only LSTM,4,46,10,0.25241682926112696,0.8837511145218864
Vision-only LSTM,4,46,11,0.24958201196510016,0.9162189138104331
Vision-only LSTM,4,46,12,0.22845309543710574,0.7964705498713367
Vision-only LSTM,4,46,13,0.2327606730694155,0.9014030516038276
Vision-only LSTM,4,46,14,0.22839321277578195,1.1319045962324557
Vision-only LSTM,4,46,15,0.2263388261829957,0.8251497497317426
Vision-only LSTM,4,46,16,0.23937522230870975,1.123470650841355
Vision-only LSTM,4,46,17,0.22120721857986908,0.9036612899142241
Vision-only LSTM,4,46,18,0.21903127541235828,0.9180292715113493
Vision-only LSTM,4,46,19,0.21428872981413033,0.8883049337806441
Vision-only LSTM,4,46,20,0.20325985107499903,0.9728120612117229
Vision-only LSTM,4,46,21,0.20927905743506567,0.9441671074061524
Vision-only LSTM,4,46,22,0.19520770114285893,1.185362549276097
Vision-only LSTM,4,46,23,0.19560070387393383,0.9769363568107787
Vision-only LSTM,4,46,24,0.18273981898791705,0.9860074099082992
Vision-only LSTM,4,46,25,0.1872905760204279,0.9984224351900054
Vision-only LSTM,4,46,26,0.18691671633897067,1.122720295856209
Vision-only LSTM,4,46,27,0.18025791019348503,1.0376553859413296
Vision-only LSTM,4,46,28,0.19991435154736167,0.8204240294591186
Vision-only LSTM,4,46,29,0.1681838392969497,0.8147899229665222
Vision-only LSTM,4,46,30,0.1483160904835418,0.9299603862613752
Vision-only LSTM,4,46,31,0.17140372955597197,0.9438982241605438
Vision-only LSTM,4,46,32,0.16191907737064967,1.0728306417007867
Vision-only LSTM,4,46,33,0.1487644010406821,1.1075892416170683
Vision-only LSTM,4,46,34,0.16414265040684184,1.1517537372807662
Vision-only LSTM,4,46,35,0.14650506589984968,1.3604454255391467
Vision-only LSTM,4,46,36,0.13264153070153697,1.1719718180612448
Vision-only LSTM,4,46,37,0.14242532172344818,1.2534097545317509
Vision-only LSTM,4,46,38,0.16282335836532338,1.3382812111523292
Vision-only LSTM,4,46,39,0.1426550903809096,1.3365045970294085
Vision-only LSTM,4,46,40,0.15929662251691207,1.2092489868527438
Vision-only LSTM,4,46,41,0.13725410523806647,1.4649954257568099
Vision-only LSTM,4,46,42,0.11906540345455781,1.4222138074677695
Vision-only LSTM,4,46,43,0.12677052072344655,1.5325292039670408
Vision-only LSTM,4,46,44,0.12479461321506016,1.158302158086055
Vision-only LSTM,4,46,45,0.11605739356238781,1.3168117858516346
Vision-only LSTM,4,46,46,0.10693254154083505,1.725366592149502
Vision-only LSTM,4,46,47,0.11630762789606122,1.798459732916745
Vision-only LSTM,4,46,48,0.1223832465203488,1.0314926355061915
Vision-only LSTM,4,46,49,0.10657457713939475,2.21219981946754
Vision-only LSTM,4,46,50,0.11180961911284595,1.4499198975553054
Vision-only LSTM,4,46,51,0.10718275466243735,1.8433230895728685
Vision-only LSTM,4,46,52,0.10318868725587553,2.076072974181275
Vision-only LSTM,4,46,53,0.1227787276473614,1.6772447599574487
Vision-only LSTM,4,46,54,0.1296942539450015,2.1380502400183716
Vision-only LSTM,4,46,55,0.11060176966429261,1.2116481619467276
Vision-only LSTM,4,46,56,0.12775424495996643,2.1602365031088673
Vision-only LSTM,4,46,57,0.1680033907725429,1.9268986869767402
Vision-only LSTM,4,46,58,0.127288956245067,1.9717549132192957
Vision-only LSTM,4,46,59,0.16010600727527347,1.8125200720784105
Vision-only LSTM,4,46,60,0.13587654669602825,1.9522197910333619
Vision-only LSTM,4,47,1,1.079425729153942,0.784957215970917
Vision-only LSTM,4,47,2,0.4668120405753061,1.0938839451946802
Vision-only LSTM,4,47,3,0.33177280989682584,0.8034425242267065
Vision-only LSTM,4,47,4,0.3013511551261453,0.9657303539087188
Vision-only LSTM,4,47,5,0.29060309473359425,0.8538696248576326
Vision-only LSTM,4,47,6,0.2742366031937475,1.0009481206505053
Vision-only LSTM,4,47,7,0.2725687059524535,0.9144785404830109
Vision-only LSTM,4,47,8,0.2625412399195077,0.7097308123386631
Vision-only LSTM,4,47,9,0.2508170570108196,0.8989863827106088
Vision-only LSTM,4,47,10,0.23396185185594634,0.9571519877050908
Vision-only LSTM,4,47,11,0.24090488077566585,1.122135630584238
Vision-only LSTM,4,47,12,0.25939595312321784,0.8526913474784458
Vision-only LSTM,4,47,13,0.2355434583709033,0.8497745447032606
Vision-only LSTM,4,47,14,0.21941024815859556,0.8457657212949898
Vision-only LSTM,4,47,15,0.2213114413604319,0.8426331202860773
Vision-only LSTM,4,47,16,0.20679485211089704,0.7780711687788898
Vision-only LSTM,4,47,17,0.21053862212069369,0.8325253545113329
Vision-only LSTM,4,47,18,0.20426311574734343,1.1359095725873232
Vision-only LSTM,4,47,19,0.21858935156441442,0.9898403528101539
Vision-only LSTM,4,47,20,0.21038692855212415,0.9300501460143106
Vision-only LSTM,4,47,21,0.20430306257941644,0.7973414584135234
Vision-only LSTM,4,47,22,0.1980887983328201,0.9038146345542287
Vision-only LSTM,4,47,23,0.2037010120521066,0.86847071434748
Vision-only LSTM,4,47,24,0.1962728221876443,0.8781035974137563
Vision-only LSTM,4,47,25,0.20138521365237724,1.1732749213978055
Vision-only LSTM,4,47,26,0.19784480969545787,1.0879244739404514
Vision-only LSTM,4,47,27,0.18960564592478557,0.9143560452999808
Vision-only LSTM,4,47,28,0.19169378406831558,0.8270365593396518
Vision-only LSTM,4,47,29,0.18622280282922085,1.0320756005853478
Vision-only LSTM,4,47,30,0.19903410570505395,0.948617765512044
Vision-only LSTM,4,47,31,0.19346353255512014,1.0135316329400994
Vision-only LSTM,4,47,32,0.19961072293937668,0.9692649177628992
Vision-only LSTM,4,47,33,0.18290440811813088,1.0517663855214976
Vision-only LSTM,4,47,34,0.18238595120698192,1.0351629907605033
Vision-only LSTM,4,47,35,0.18783479106619733,0.9722691840751866
Vision-only LSTM,4,47,36,0.19042060298657199,0.9491232851719331
Vision-only LSTM,4,47,37,0.18061701882953954,1.7341570062582348
Vision-only LSTM,4,47,38,0.18885363279805692,2.0628914304811747
Vision-only LSTM,4,47,39,0.17261359010393887,2.3891075074797654
Vision-only LSTM,4,47,40,0.17635858033691063,1.296822667699815
Vision-only LSTM,4,47,41,0.17525145512182022,1.1804644095026098
Vision-only LSTM,4,47,42,0.17467311167683328,1.18249311295789
Vision-only LSTM,4,47,43,0.1758090131032105,1.3149492709547967
Vision-only LSTM,4,47,44,0.1528156500049435,1.4350947824539129
Vision-only LSTM,4,47,45,0.16248115010680492,1.9474426218283127
Vision-only LSTM,4,47,46,0.1680726527578829,1.5192322727269347
Vision-only LSTM,4,47,47,0.1617389532908976,1.295656280869333
Vision-only LSTM,4,47,48,0.1636715050347691,1.7783664008543927
Vision-only LSTM,4,47,49,0.16175689638165747,2.1824986985113384
Vision-only LSTM,4,47,50,0.17512521759758723,1.6848219482255495
Vision-only LSTM,4,47,51,0.1641515515897168,1.548066324470428
Vision-only LSTM,4,47,52,0.15159741169973504,2.0073717380297884
Vision-only LSTM,4,47,53,0.1554594117472436,2.060361965381749
Vision-only LSTM,4,47,54,0.14960291066805745,2.340601548099543
Vision-only LSTM,4,47,55,0.14295169454522763,2.216517411478926
Vision-only LSTM,4,47,56,0.14163661334366554,2.1197024669998035
Vision-only LSTM,4,47,57,0.14326899757920308,2.1713449614341185
Vision-only LSTM,4,47,58,0.142463929861805,2.14442664415886
Vision-only LSTM,4,47,59,0.14251023526227888,1.8543626722905089
Vision-only LSTM,4,47,60,0.1442262678339436,2.3823424532240263
Vision-only LSTM,4,48,1,1.1221621160618251,0.6427718445939837
Vision-only LSTM,4,48,2,0.4264601442749936,1.05809245525666
Vision-only LSTM,4,48,3,0.34131648032364076,0.8291702364225807
Vision-only LSTM,4,48,4,0.3130407279111503,0.8304330734711773
Vision-only LSTM,4,48,5,0.32388151024291445,0.8943514683336582
Vision-only LSTM,4,48,6,0.2978787933257405,0.9240534972844634
Vision-only LSTM,4,48,7,0.2921849850962174,0.804188412252962
Vision-only LSTM,4,48,8,0.29088215879049617,1.8887042895552997
Vision-only LSTM,4,48,9,0.2953367626574482,0.7956934601255933
Vision-only LSTM,4,48,10,0.27736193583141183,0.766026490014554
Vision-only LSTM,4,48,11,0.26259971216016026,0.8016359622373521
Vision-only LSTM,4,48,12,0.24668058240884783,0.8759333561301481
Vision-only LSTM,4,48,13,0.26476423628496804,0.9538185945097005
Vision-only LSTM,4,48,14,0.2516942726383768,0.7822991874639094
Vision-only LSTM,4,48,15,0.2508199049045523,0.8482519054094201
Vision-only LSTM,4,48,16,0.2406465484693005,0.8276205583313476
Vision-only LSTM,4,48,17,0.23499544833483793,0.8685730482516049
Vision-only LSTM,4,48,18,0.23044989300640686,0.885685804239484
Vision-only LSTM,4,48,19,0.24141225607864605,0.8021135306926893
Vision-only LSTM,4,48,20,0.22988294373117205,0.9757728525349554
Vision-only LSTM,4,48,21,0.22876445094127426,1.0268997737290475
Vision-only LSTM,4,48,22,0.2615996001678701,0.8917069469639091
Vision-only LSTM,4,48,23,0.23891355207711773,0.9130629986618299
Vision-only LSTM,4,48,24,0.22975134650796084,0.9008475544567628
Vision-only LSTM,4,48,25,0.2192295591176692,0.8870687879684461
Vision-only LSTM,4,48,26,0.2195602270104806,0.9886151336570831
Vision-only LSTM,4,48,27,0.2151673881622293,1.0241492374153882
Vision-only LSTM,4,48,28,0.21560158409656735,0.9597961622713996
Vision-only LSTM,4,48,29,0.21767651612016628,1.253585788298328
Vision-only LSTM,4,48,30,0.22426058239472443,0.9367882560087325
Vision-only LSTM,4,48,31,0.20226420708205722,1.0250778711660602
Vision-only LSTM,4,48,32,0.2017248645161943,1.0779705430640676
Vision-only LSTM,4,48,33,0.20354665356281365,1.0152707239554364
Vision-only LSTM,4,48,34,0.21929170419485028,0.9368018625495443
Vision-only LSTM,4,48,35,0.209279262418047,1.1186745913632885
Vision-only LSTM,4,48,36,0.212753884010569,0.9575961847444
Vision-only LSTM,4,48,37,0.20044406951946026,0.9651431653656425
Vision-only LSTM,4,48,38,0.2060058720530804,0.8118660288786738
Vision-only LSTM,4,48,39,0.19762692569466486,0.8870727885084957
Vision-only LSTM,4,48,40,0.19600575378896826,0.8534863504934548
Vision-only LSTM,4,48,41,0.19221457304799733,1.1005224108196154
Vision-only LSTM,4,48,42,0.1987434535345816,0.9189171591769725
Vision-only LSTM,4,48,43,0.18932192384060959,1.071007662075933
Vision-only LSTM,4,48,44,0.18926369064949564,0.9614725084487247
Vision-only LSTM,4,48,45,0.17451686672366834,0.9717683124607839
Vision-only LSTM,4,48,46,0.17071699803785784,1.0834342812264115
Vision-only LSTM,4,48,47,0.1646542965408859,1.2355931204913546
Vision-only LSTM,4,48,48,0.16725225726651236,0.9771522412221074
Vision-only LSTM,4,48,49,0.17147117129664396,0.9813904655663848
Vision-only LSTM,4,48,50,0.18125896504439346,1.1543339634122838
Vision-only LSTM,4,48,51,0.16465753728054575,1.1833773713394906
Vision-only LSTM,4,48,52,0.16921380298421176,1.0532015746760044
Vision-only LSTM,4,48,53,0.15887682498205946,1.5224100989631262
Vision-only LSTM,4,48,54,0.1431497635902152,0.8695353833056471
Vision-only LSTM,4,48,55,0.1547222647529382,1.3460697104346078
Vision-only LSTM,4,48,56,0.14547203413895005,1.4281259312975831
Vision-only LSTM,4,48,57,0.1401118408197152,1.5808235030519762
Vision-only LSTM,4,48,58,0.16067339927904523,1.0615372478305918
Vision-only LSTM,4,48,59,0.17862302516294604,1.5436736966953837
Vision-only LSTM,4,48,60,0.15589822143652782,1.0579277864917018
Vision-only LSTM,4,49,1,1.0795177297854641,0.8454212807509385
Vision-only LSTM,4,49,2,0.4146411524179879,0.9680321487115864
Vision-only LSTM,4,49,3,0.3303218446698253,1.0598897814000927
Vision-only LSTM,4,49,4,0.30654668528258,0.9445207482613858
Vision-only LSTM,4,49,5,0.30209331495204944,0.9319033570259622
Vision-only LSTM,4,49,6,0.2752590047257335,0.9276379678609237
Vision-only LSTM,4,49,7,0.2836433186674926,0.8413601290254973
Vision-only LSTM,4,49,8,0.2802635332229025,0.8045866451298416
Vision-only LSTM,4,49,9,0.2612784579448828,1.2580587354096227
Vision-only LSTM,4,49,10,0.2573305625644635,1.1358609958639685
Vision-only LSTM,4,49,11,0.2587721897584919,0.9310130103172995
Vision-only LSTM,4,49,12,0.2455894651762936,0.9036215464555243
Vision-only LSTM,4,49,13,0.2402779010499794,0.9475236367317116
Vision-only LSTM,4,49,14,0.235194622639543,0.9209618561703954
Vision-only LSTM,4,49,15,0.22617331039930785,0.8461891276609598
Vision-only LSTM,4,49,16,0.2298216805671754,1.2638028989422996
Vision-only LSTM,4,49,17,0.21922623905062086,0.7945044098550793
Vision-only LSTM,4,49,18,0.21485110225606824,1.143726166126863
Vision-only LSTM,4,49,19,0.2102110605626436,1.038489900318519
Vision-only LSTM,4,49,20,0.22009102235125586,1.255442470437076
Vision-only LSTM,4,49,21,0.21186225203535636,0.7954403721733289
Vision-only LSTM,4,49,22,0.21119658627935758,0.8660333746540472
Vision-only LSTM,4,49,23,0.2030902895695236,0.856512080194659
Vision-only LSTM,4,49,24,0.21494345103003396,0.7940737351333914
Vision-only LSTM,4,49,25,0.20311311779092883,0.8828985150581308
Vision-only LSTM,4,49,26,0.20960996847339475,0.9392848224252213
Vision-only LSTM,4,49,27,0.2019250338230658,0.9544924400625769
Vision-only LSTM,4,49,28,0.20564086705803786,0.8416421241761504
Vision-only LSTM,4,49,29,0.19566353337396258,1.0361907901291187
Vision-only LSTM,4,49,30,0.2026279208920081,0.8711425439772866
Vision-only LSTM,4,49,31,0.18601637899129006,1.0044099236252781
Vision-only LSTM,4,49,32,0.19297777792476986,1.1998479666829742
Vision-only LSTM,4,49,33,0.19284732609293204,1.0044649845141473
Vision-only LSTM,4,49,34,0.1939576236464099,1.1633165058346984
Vision-only LSTM,4,49,35,0.18505778010663804,1.1498453527170602
Vision-only LSTM,4,49,36,0.1844709406836233,1.212689351851308
Vision-only LSTM,4,49,37,0.18318410453846024,1.523120698505872
Vision-only LSTM,4,49,38,0.18060703782776164,0.9525317386028491
Vision-only LSTM,4,49,39,0.17733265079910182,1.2773717417390489
Vision-only LSTM,4,49,40,0.17151488884284452,1.8009464054525122
Vision-only LSTM,4,49,41,0.17687248835312538,1.5695561741632986
Vision-only LSTM,4,49,42,0.16984360940339033,1.250291672301678
Vision-only LSTM,4,49,43,0.1589426661124512,1.8645545728263042
Vision-only LSTM,4,49,44,0.15644217463934515,2.028485364352882
Vision-only LSTM,4,49,45,0.15778392848828854,1.9157572943322845
Vision-only LSTM,4,49,46,0.1538162914669337,1.818365715209793
Vision-only LSTM,4,49,47,0.14313771586731108,2.168342945528113
Vision-only LSTM,4,49,48,0.1465953786501854,1.9412563238190428
Vision-only LSTM,4,49,49,0.13828242848309819,2.1345155210858033
Vision-only LSTM,4,49,50,0.13883331951198227,2.1764746528925216
Vision-only LSTM,4,49,51,0.12662800854162676,2.347563561500173
Vision-only LSTM,4,49,52,0.15210445024383346,2.3760750113217166
Vision-only LSTM,4,49,53,0.1382536280929159,1.8206073658246025
Vision-only LSTM,4,49,54,0.12378715749780056,1.8167190133990325
Vision-only LSTM,4,49,55,0.12012903916274231,1.9199930859453376
Vision-only LSTM,4,49,56,0.11599680928588334,2.3572143907707566
Vision-only LSTM,4,49,57,0.12114457710368076,2.161820987985319
Vision-only LSTM,4,49,58,0.10848723354321511,1.6793622588567958
Vision-only LSTM,4,49,59,0.11862600099981546,2.074331809104707
Vision-only LSTM,4,49,60,0.10621280753137195,2.259798873741125
Vision-only LSTM,4,50,1,1.0325150193256143,0.6193090252406442
Vision-only LSTM,4,50,2,0.3816240069810656,0.8488868491829566
Vision-only LSTM,4,50,3,0.3154971133878135,0.9015583793947032
Vision-only LSTM,4,50,4,0.29582829666162935,0.8803151086191461
Vision-only LSTM,4,50,5,0.29071905878789844,0.8809627810614165
Vision-only LSTM,4,50,6,0.28986539757411584,0.7935413282122502
Vision-only LSTM,4,50,7,0.2821940361570117,0.8009944989871179
Vision-only LSTM,4,50,8,0.33432588292497434,0.6458982344193529
Vision-only LSTM,4,50,9,0.3147967248608213,0.5639497022333885
Vision-only LSTM,4,50,10,0.26563134319402,0.7104280336722888
Vision-only LSTM,4,50,11,0.2476981177284588,0.7556348191242298
Vision-only LSTM,4,50,12,0.24862553925899528,0.8795554742560696
Vision-only LSTM,4,50,13,0.24664930518698172,0.7055743114409707
Vision-only LSTM,4,50,14,0.22854854750145298,0.8172293579678366
Vision-only LSTM,4,50,15,0.22018738789253867,0.8006301972257516
Vision-only LSTM,4,50,16,0.23870889096926365,1.0880946525737674
Vision-only LSTM,4,50,17,0.2208007151969487,1.011110426182517
Vision-only LSTM,4,50,18,0.22258542874011678,1.1543437986941207
Vision-only LSTM,4,50,19,0.21193263070341056,1.103819326440993
Vision-only LSTM,4,50,20,0.20372535566481892,0.8392286781744887
Vision-only LSTM,4,50,21,0.19869673648558625,1.003726674474198
Vision-only LSTM,4,50,22,0.19013979595651403,0.9328710035317473
Vision-only LSTM,4,50,23,0.20370980173917244,0.917885225086592
Vision-only LSTM,4,50,24,0.1910546341609938,1.024647743158058
Vision-only LSTM,4,50,25,0.1817887405652603,0.9260257950025285
Vision-only LSTM,4,50,26,0.17830259787232924,0.9092079917246191
Vision-only LSTM,4,50,27,0.1715196765901425,0.8204821262594539
Vision-only LSTM,4,50,28,0.19984909781664295,1.0107266408014473
Vision-only LSTM,4,50,29,0.19837710910181638,0.9432514386107087
Vision-only LSTM,4,50,30,0.18332735831332023,0.942798983758663
Vision-only LSTM,4,50,31,0.16739244109720264,1.531204207903809
Vision-only LSTM,4,50,32,0.18222727020315158,1.0012622863694682
Vision-only LSTM,4,50,33,0.16439486323903796,1.2370029857823435
Vision-only LSTM,4,50,34,0.1958671878279307,0.874514365244649
Vision-only LSTM,4,50,35,0.190533343289802,0.9508107224600371
Vision-only LSTM,4,50,36,0.17065362847852472,0.9309421214089578
Vision-only LSTM,4,50,37,0.16413453456879334,1.1591582593295247
Vision-only LSTM,4,50,38,0.18428133185177348,1.11400520740237
Vision-only LSTM,4,50,39,0.15076889855893633,1.239195316467645
Vision-only LSTM,4,50,40,0.18069125902257338,1.619459455789885
Vision-only LSTM,4,50,41,0.14119107607980808,1.5316355748480845
Vision-only LSTM,4,50,42,0.12959442069739546,1.6315557812838435
Vision-only LSTM,4,50,43,0.1362561652293572,1.723791276134035
Vision-only LSTM,4,50,44,0.1318978171167276,1.579898539282366
Vision-only LSTM,4,50,45,0.13612200329231391,1.6236508371585694
Vision-only LSTM,4,50,46,0.12359777896355473,1.7547606937977753
Vision-only LSTM,4,50,47,0.15359942863998316,1.4998953067297331
Vision-only LSTM,4,50,48,0.10757557958385519,2.135975508249718
Vision-only LSTM,4,50,49,0.15480645145003696,1.6987518586952481
Vision-only LSTM,4,50,50,0.1571987443560854,2.0762729113160066
Vision-only LSTM,4,50,51,0.1356167278621259,2.1672993761251056
Vision-only LSTM,4,50,52,0.12891204840251907,2.032337387262275
Vision-only LSTM,4,50,53,0.11365748263616837,1.763938832801593
Vision-only LSTM,4,50,54,0.11338395049602278,2.068348928317584
Vision-only LSTM,4,50,55,0.11262212737332622,1.934977543468058
Vision-only LSTM,4,50,56,0.12517423005531436,1.6588484969622683
Vision-only LSTM,4,50,57,0.1112277959128375,2.0183557192687593
Vision-only LSTM,4,50,58,0.12085484977793172,1.3810483093063037
Vision-only LSTM,4,50,59,0.11747482097224611,1.7457164274665296
Vision-only LSTM,4,50,60,0.11404749504359532,1.655106899857646
Vision-only LSTM,4,51,1,1.1360475392348344,1.2915176800461936
Vision-only LSTM,4,51,2,0.4494768984421257,0.9846926531451803
Vision-only LSTM,4,51,3,0.33298771715366093,0.7908513273583019
Vision-only LSTM,4,51,4,0.3191293985724197,0.9431185221272195
Vision-only LSTM,4,51,5,0.29757340046285996,0.7995243861615283
Vision-only LSTM,4,51,6,0.2922563927436094,0.906125532693583
Vision-only LSTM,4,51,7,0.2853834093374186,0.9767383302032823
Vision-only LSTM,4,51,8,0.2741985966306214,0.8861521464973625
Vision-only LSTM,4,51,9,0.2682925864223367,0.8014164521384289
Vision-only LSTM,4,51,10,0.26318785836348335,0.8924438401713062
Vision-only LSTM,4,51,11,0.251331873533849,0.8868545015153145
Vision-only LSTM,4,51,12,0.2386441419430829,0.8908855835253088
Vision-only LSTM,4,51,13,0.2440230103765648,0.9416750113575464
Vision-only LSTM,4,51,14,0.2375322676243375,1.004123187930454
Vision-only LSTM,4,51,15,0.23687651222893782,0.9228358131050439
Vision-only LSTM,4,51,16,0.22514847138648145,0.8673580884152489
Vision-only LSTM,4,51,17,0.22207659001323482,1.0018071897749632
Vision-only LSTM,4,51,18,0.2153800995672094,0.9108356857590331
Vision-only LSTM,4,51,19,0.21023974474585216,0.9188050675660809
Vision-only LSTM,4,51,20,0.21014851733421724,1.043485833085933
Vision-only LSTM,4,51,21,0.20346556747977634,1.1038088342038215
Vision-only LSTM,4,51,22,0.20071338233850167,0.808536621743903
Vision-only LSTM,4,51,23,0.19799054053335352,0.9024148623320417
Vision-only LSTM,4,51,24,0.18858586122388982,0.8029674141193336
Vision-only LSTM,4,51,25,0.21380655605269724,0.9521587727361005
Vision-only LSTM,4,51,26,0.20592252688249738,1.0700777209358021
Vision-only LSTM,4,51,27,0.1906950075544769,1.523019840897879
Vision-only LSTM,4,51,28,0.18551831495282342,1.0857338393321827
Vision-only LSTM,4,51,29,0.16900244409884882,0.9317914637457775
Vision-only LSTM,4,51,30,0.16756087862580868,1.4620755708286348
Vision-only LSTM,4,51,31,0.15828547470571294,1.3484328192828585
Vision-only LSTM,4,51,32,0.15939426351661992,1.2408658477362535
Vision-only LSTM,4,51,33,0.15003580638932443,1.369779341696006
Vision-only LSTM,4,51,34,0.1361533998181135,1.3879963560400832
Vision-only LSTM,4,51,35,0.1497669905192766,0.8662567426190874
Vision-only LSTM,4,51,36,0.13384263508742178,1.3733499868415624
Vision-only LSTM,4,51,37,0.14360238850411178,1.1529571445467461
Vision-only LSTM,4,51,38,0.1475371618070965,1.2995306784033276
Vision-only LSTM,4,51,39,0.15812501859185388,1.3552149014012493
Vision-only LSTM,4,51,40,0.17057687634090848,1.2295324893305137
Vision-only LSTM,4,51,41,0.1324627270032149,1.3438893910692673
Vision-only LSTM,4,51,42,0.13536370452559154,1.227021390255892
Vision-only LSTM,4,51,43,0.12068705269692225,1.245333154121535
Vision-only LSTM,4,51,44,0.12435353266031875,1.7700936054963174
Vision-only LSTM,4,51,45,0.12516911920546517,1.5949542275795896
Vision-only LSTM,4,51,46,0.13272319684671363,1.390867526488734
Vision-only LSTM,4,51,47,0.12780863557197547,1.089853949524634
Vision-only LSTM,4,51,48,0.11607975188587531,1.298332746162136
Vision-only LSTM,4,51,49,0.12804772028004147,1.6492697575912505
Vision-only LSTM,4,51,50,0.12165857549959198,1.738606915936124
Vision-only LSTM,4,51,51,0.11921554972104145,1.5423329373786472
Vision-only LSTM,4,51,52,0.11516893963443198,1.4717056094522372
Vision-only LSTM,4,51,53,0.10575030941250632,1.6988895429928925
Vision-only LSTM,4,51,54,0.11363083497149871,1.3511994342345048
Vision-only LSTM,4,51,55,0.10977504247813975,1.7204968895884212
Vision-only LSTM,4,51,56,0.10748940361985751,2.225971355583261
Vision-only LSTM,4,51,57,0.10303281312026268,1.713571112354987
Vision-only LSTM,4,51,58,0.10443206334416935,1.628406374504403
Vision-only LSTM,4,51,59,0.09786664234801612,1.6283254625170298
Vision-only LSTM,4,51,60,0.09377287729954165,2.1608260969281883
Vision-only LSTM,5,42,1,1.0780100904158891,0.7107204108868005
Vision-only LSTM,5,42,2,0.39221775097683564,1.0601533480160392
Vision-only LSTM,5,42,3,0.3120037802065309,0.5377774169859896
Vision-only LSTM,5,42,4,0.2627910400399963,0.8624226989486182
Vision-only LSTM,5,42,5,0.23626060679901478,0.8018944199730016
Vision-only LSTM,5,42,6,0.21849543987026704,0.7326361828130247
Vision-only LSTM,5,42,7,0.20711068089508805,0.765687543891011
Vision-only LSTM,5,42,8,0.19662766429884052,0.8061521886779577
Vision-only LSTM,5,42,9,0.17261321743724542,0.8398681089000882
Vision-only LSTM,5,42,10,0.17863117667277556,0.892956080520428
Vision-only LSTM,5,42,11,0.16391344496129923,1.1518113993311327
Vision-only LSTM,5,42,12,0.18023514765858503,0.9392906139356785
Vision-only LSTM,5,42,13,0.1682727426618812,0.779090798063598
Vision-only LSTM,5,42,14,0.14912041000374382,0.9575762742782788
Vision-only LSTM,5,42,15,0.16260458974936018,0.8577572010473136
Vision-only LSTM,5,42,16,0.14437469216394197,1.015441740615063
Vision-only LSTM,5,42,17,0.14014326625092086,1.0789757719579733
Vision-only LSTM,5,42,18,0.13940956881509198,1.0701970151572857
Vision-only LSTM,5,42,19,0.14199817588500396,0.9879579607170833
Vision-only LSTM,5,42,20,0.13780312544712967,0.9182628492514292
Vision-only LSTM,5,42,21,0.13586766409118872,0.9660601704625463
Vision-only LSTM,5,42,22,0.13294356863551307,1.2515474451038073
Vision-only LSTM,5,42,23,0.14423313186557524,0.9770620362813618
Vision-only LSTM,5,42,24,0.13278477716931078,1.0137480483614925
Vision-only LSTM,5,42,25,0.13328375625954153,1.1814409373503811
Vision-only LSTM,5,42,26,0.11360689508529195,1.0551688435879893
Vision-only LSTM,5,42,27,0.11471838636934811,1.3178417750437055
Vision-only LSTM,5,42,28,0.11631875962812357,1.6508422605771438
Vision-only LSTM,5,42,29,0.11817558804091471,0.8950436449838135
Vision-only LSTM,5,42,30,0.12718173867431234,1.0181832812742118
Vision-only LSTM,5,42,31,0.10957087996111432,0.8956479412392251
Vision-only LSTM,5,42,32,0.10532659767799746,1.4931311714511748
Vision-only LSTM,5,42,33,0.10474765422495226,1.419829990503923
Vision-only LSTM,5,42,34,0.10694601730132336,1.3952241644294507
Vision-only LSTM,5,42,35,0.10033281314251728,1.678372247976327
Vision-only LSTM,5,42,36,0.09274656739943139,1.0198917645703323
Vision-only LSTM,5,42,37,0.12155684093731561,1.4476225661031854
Vision-only LSTM,5,42,38,0.20333846854080184,1.424829736945514
Vision-only LSTM,5,42,39,0.11512865556171449,0.9295116903521979
Vision-only LSTM,5,42,40,0.11432608366331753,1.0960092520188984
Vision-only LSTM,5,42,41,0.09152445866472135,1.1845220749733083
Vision-only LSTM,5,42,42,0.0993599898210069,1.5367479939755653
Vision-only LSTM,5,42,43,0.09722612564528368,1.4240525065602996
Vision-only LSTM,5,42,44,0.09012970392167058,1.6849124259168997
Vision-only LSTM,5,42,45,0.10100123625946307,2.114410011835818
Vision-only LSTM,5,42,46,0.1124972800987532,1.1805100227301975
Vision-only LSTM,5,42,47,0.10144169163528825,1.2913227647980303
Vision-only LSTM,5,42,48,0.10077209768969579,1.3725916519917283
Vision-only LSTM,5,42,49,0.09549870904571534,1.424743844778033
Vision-only LSTM,5,42,50,0.08171256081482699,1.2949821880278598
Vision-only LSTM,5,42,51,0.08443964104027905,1.852494230497808
Vision-only LSTM,5,42,52,0.0955161019564678,1.6041197846770536
Vision-only LSTM,5,42,53,0.08107260354957571,1.7907459196054711
Vision-only LSTM,5,42,54,0.08087501541689732,2.6892747534458494
Vision-only LSTM,5,42,55,0.07793102547414646,1.8088067703776889
Vision-only LSTM,5,42,56,0.08937150568244215,1.4333696377852179
Vision-only LSTM,5,42,57,0.08787189014347195,2.1052177484992667
Vision-only LSTM,5,42,58,0.0842788223624047,2.20585321814634
Vision-only LSTM,5,42,59,0.07700714064736917,1.9867577410344057
Vision-only LSTM,5,42,60,0.11033392131711599,1.7739090813905687
Vision-only LSTM,5,43,1,1.0568872127713889,0.8441751807990564
Vision-only LSTM,5,43,2,0.3782957996785495,0.7818507849545349
Vision-only LSTM,5,43,3,0.29793575847455306,0.5966638234176476
Vision-only LSTM,5,43,4,0.27058282867301997,0.9072584133103209
Vision-only LSTM,5,43,5,0.23898605631625638,0.9057212223921682
Vision-only LSTM,5,43,6,0.21430310381706372,1.1338806595317472
Vision-only LSTM,5,43,7,0.20325779380456907,0.9947891259093454
Vision-only LSTM,5,43,8,0.19711812037514065,1.0133813742071827
Vision-only LSTM,5,43,9,0.1877262082356718,0.9242945274092117
Vision-only LSTM,5,43,10,0.18839759570221568,0.9234607985059671
Vision-only LSTM,5,43,11,0.18712170264310907,1.1425131936118287
Vision-only LSTM,5,43,12,0.1675362883174434,0.9647462725389429
Vision-only LSTM,5,43,13,0.16616603902300575,1.0038046391692552
Vision-only LSTM,5,43,14,0.1632302253161679,0.8149211619135219
Vision-only LSTM,5,43,15,0.1725922235124716,0.870708722550914
Vision-only LSTM,5,43,16,0.15917845438103417,0.9864914043644439
Vision-only LSTM,5,43,17,0.16281201808076157,0.9264051674297021
Vision-only LSTM,5,43,18,0.17548265943766517,1.1078391335045517
Vision-only LSTM,5,43,19,0.1707155428110933,1.21569431271693
Vision-only LSTM,5,43,20,0.1542584888974485,0.9357014218153944
Vision-only LSTM,5,43,21,0.13915784906532108,0.921952664539749
Vision-only LSTM,5,43,22,0.1405321374949355,1.1275935667553287
Vision-only LSTM,5,43,23,0.13700420820043677,0.9662341196831917
Vision-only LSTM,5,43,24,0.12534338290571728,1.090518936108743
Vision-only LSTM,5,43,25,0.16333075978472883,1.1200110760499846
Vision-only LSTM,5,43,26,0.13190258913097797,1.330753221795494
Vision-only LSTM,5,43,27,0.13016997863204563,1.3837325530482039
Vision-only LSTM,5,43,28,0.1253714230244425,1.095828812702147
Vision-only LSTM,5,43,29,0.13420528191229558,1.5409588655085933
Vision-only LSTM,5,43,30,0.12240006286774008,1.3542608168889891
Vision-only LSTM,5,43,31,0.12140966113656759,1.7398742076860785
Vision-only LSTM,5,43,32,0.11820549289884007,1.6927745457840166
Vision-only LSTM,5,43,33,0.12049653610463096,1.7888099449985433
Vision-only LSTM,5,43,34,0.11449193647085727,1.5498583694174104
Vision-only LSTM,5,43,35,0.11040777945606041,1.9951438170933873
Vision-only LSTM,5,43,36,0.11221639747472624,1.7708742361773484
Vision-only LSTM,5,43,37,0.10646176220897033,1.1942212083054788
Vision-only LSTM,5,43,38,0.10525772207150991,2.0381912727775813
Vision-only LSTM,5,43,39,0.10175358597103694,2.1851948894076125
Vision-only LSTM,5,43,40,0.10686687215925576,1.9238527308470048
Vision-only LSTM,5,43,41,0.11801729008391262,2.004103726545345
Vision-only LSTM,5,43,42,0.10058222052662871,2.4021803832591453
Vision-only LSTM,5,43,43,0.10369567595413148,2.1930422830694125
Vision-only LSTM,5,43,44,0.08878813508437489,2.168736003667304
Vision-only LSTM,5,43,45,0.09459496504282909,2.3676777485781497
Vision-only LSTM,5,43,46,0.10764931597504103,2.2143478091314153
Vision-only LSTM,5,43,47,0.09700453207535142,2.6863701565648026
Vision-only LSTM,5,43,48,0.08648524222145429,2.479705935816595
Vision-only LSTM,5,43,49,0.08833467237642229,2.2852303647207766
Vision-only LSTM,5,43,50,0.08188741391517833,2.7587962245697497
Vision-only LSTM,5,43,51,0.09936336034024305,1.1754265047250554
Vision-only LSTM,5,43,52,0.09221108155262359,1.908106176498926
Vision-only LSTM,5,43,53,0.0808416837471568,2.646565371058272
Vision-only LSTM,5,43,54,0.07771358053298835,2.6986180482670448
Vision-only LSTM,5,43,55,0.07713999518511346,2.5849911836708115
Vision-only LSTM,5,43,56,0.09012589762696935,2.9337192852073497
Vision-only LSTM,5,43,57,0.0996086644134148,2.7563547368788117
Vision-only LSTM,5,43,58,0.07917519573973354,1.7598016929951354
Vision-only LSTM,5,43,59,0.07580259634293571,2.8438437499527662
Vision-only LSTM,5,43,60,0.06680027175822376,3.1241375236641185
Vision-only LSTM,5,44,1,1.0155348021222446,0.7108148173965998
Vision-only LSTM,5,44,2,0.4217168435983296,0.7486171556218865
Vision-only LSTM,5,44,3,0.29460311604200917,0.7082491448340426
Vision-only LSTM,5,44,4,0.24970788039230585,0.6962302569573281
Vision-only LSTM,5,44,5,0.24028622770780012,0.6557606266229657
Vision-only LSTM,5,44,6,0.2378578097394222,0.8549994201530201
Vision-only LSTM,5,44,7,0.23835939282923024,0.7506964157337412
Vision-only LSTM,5,44,8,0.21875558153360244,0.6948547766268628
Vision-only LSTM,5,44,9,0.19670363816556907,0.7846634182258971
Vision-only LSTM,5,44,10,0.18591961220381018,0.8286480964854578
Vision-only LSTM,5,44,11,0.18985916502720185,1.1037363099477076
Vision-only LSTM,5,44,12,0.17778188294777816,1.2485975911782223
Vision-only LSTM,5,44,13,0.16460252430112154,0.9519488671540715
Vision-only LSTM,5,44,14,0.16750615557958914,0.8938981500499154
Vision-only LSTM,5,44,15,0.16072573719803823,1.357273337507398
Vision-only LSTM,5,44,16,0.15546198663469335,1.1435274776828863
Vision-only LSTM,5,44,17,0.15744814343267147,1.2271387013499342
Vision-only LSTM,5,44,18,0.15575796732795283,1.3943036848862715
Vision-only LSTM,5,44,19,0.15027373648195036,1.4604643373369421
Vision-only LSTM,5,44,20,0.1449650954637526,1.2827267466851
Vision-only LSTM,5,44,21,0.1341575695842395,1.911553837530768
Vision-only LSTM,5,44,22,0.14388780690720498,1.256286570985862
Vision-only LSTM,5,44,23,0.13824012653042667,1.019780498474399
Vision-only LSTM,5,44,24,0.12287872299811868,1.8766106926607635
Vision-only LSTM,5,44,25,0.114908489630064,1.77591228878723
Vision-only LSTM,5,44,26,0.121237056806337,1.5848409718281318
Vision-only LSTM,5,44,27,0.11614464119423268,1.7091234692018986
Vision-only LSTM,5,44,28,0.1113570966966441,1.702610807864296
Vision-only LSTM,5,44,29,0.12901215462955662,1.8016727977672462
Vision-only LSTM,5,44,30,0.11435122442610716,1.8179116895582441
Vision-only LSTM,5,44,31,0.11251799847059764,1.3138602730003919
Vision-only LSTM,5,44,32,0.09672533241961256,1.8919940650369387
Vision-only LSTM,5,44,33,0.10754920267631075,1.8002476679313484
Vision-only LSTM,5,44,34,0.09442339096938783,2.045404007896562
Vision-only LSTM,5,44,35,0.10020454732229252,2.4496405250597864
Vision-only LSTM,5,44,36,0.10968561911547381,1.5631851289319791
Vision-only LSTM,5,44,37,0.10550448267220211,1.9705323931727894
Vision-only LSTM,5,44,38,0.09139393983611716,2.3645200445677936
Vision-only LSTM,5,44,39,0.08020275357909469,2.5916145816367253
Vision-only LSTM,5,44,40,0.08153188949712464,2.4052039506597214
Vision-only LSTM,5,44,41,0.09335400477722014,2.073064879770049
Vision-only LSTM,5,44,42,0.10685491727464438,2.4058342372346475
Vision-only LSTM,5,44,43,0.08928218402305899,2.18941226724215
Vision-only LSTM,5,44,44,0.11028921418461944,2.48313068124452
Vision-only LSTM,5,44,45,0.08996388291959471,2.836444277312427
Vision-only LSTM,5,44,46,0.07876951386411121,2.4981834905171296
Vision-only LSTM,5,44,47,0.07194506172592338,3.5759588327235394
Vision-only LSTM,5,44,48,0.07520962267603401,2.1713591027239523
Vision-only LSTM,5,44,49,0.09726710694601515,1.213461097228327
Vision-only LSTM,5,44,50,0.08267482330924586,1.7499631166446414
Vision-only LSTM,5,44,51,0.07351184754707649,3.2060430133422404
Vision-only LSTM,5,44,52,0.07414590943128217,2.8612011783020237
Vision-only LSTM,5,44,53,0.07515532010311268,3.3119406059025094
Vision-only LSTM,5,44,54,0.07537545770430376,3.517776899426332
Vision-only LSTM,5,44,55,0.09704296738909605,3.3401205855962552
Vision-only LSTM,5,44,56,0.07738549451720177,3.354974149372936
Vision-only LSTM,5,44,57,0.07794999247166069,3.2832641951911605
Vision-only LSTM,5,44,58,0.07809639323019449,3.431165784839502
Vision-only LSTM,5,44,59,0.06920605469061884,3.544388439240758
Vision-only LSTM,5,44,60,0.0716343031354896,3.0494122323609374
Vision-only LSTM,5,45,1,1.0359145349286032,0.8045852454203479
Vision-only LSTM,5,45,2,0.3770752998942115,0.8106181299161611
Vision-only LSTM,5,45,3,0.32043104984477216,0.8602484233474331
Vision-only LSTM,5,45,4,0.2642509958261084,0.711257267048274
Vision-only LSTM,5,45,5,0.24430139505759227,0.8911350906769935
Vision-only LSTM,5,45,6,0.2284884740902861,0.7348723737698681
Vision-only LSTM,5,45,7,0.19576172519935753,0.8486811930403519
Vision-only LSTM,5,45,8,0.19193426624505874,0.9676243468525525
Vision-only LSTM,5,45,9,0.21858607194269009,0.8859339332992926
Vision-only LSTM,5,45,10,0.16938539217779072,0.7803087039563641
Vision-only LSTM,5,45,11,0.16111239546515513,0.8005917377192019
Vision-only LSTM,5,45,12,0.16329632154831178,0.8687059655941757
Vision-only LSTM,5,45,13,0.16273183394519833,0.824161738313469
Vision-only LSTM,5,45,14,0.15092603494544288,0.9208474927728281
Vision-only LSTM,5,45,15,0.144353251988604,0.8809610262856793
Vision-only LSTM,5,45,16,0.14827309213487508,0.9085908906702226
Vision-only LSTM,5,45,17,0.1585008565477817,0.9953088340206966
Vision-only LSTM,5,45,18,0.14449014502829408,0.8692151656065847
Vision-only LSTM,5,45,19,0.14377254624412175,0.9471117864114933
Vision-only LSTM,5,45,20,0.14228885360016524,1.0107648515882481
Vision-only LSTM,5,45,21,0.14198561596388917,0.9063092015792988
Vision-only LSTM,5,45,22,0.15045113733888693,1.030264053360971
Vision-only LSTM,5,45,23,0.1272477485590604,0.8293913121352781
Vision-only LSTM,5,45,24,0.146549986021062,0.9600014406211471
Vision-only LSTM,5,45,25,0.12331897957761165,0.8238989883405108
Vision-only LSTM,5,45,26,0.1252079046396322,0.8667795006459115
Vision-only LSTM,5,45,27,0.1251497818054483,0.9807924863958509
Vision-only LSTM,5,45,28,0.1331714226578156,1.0435263695160173
Vision-only LSTM,5,45,29,0.13400161425689078,0.9665305309809854
Vision-only LSTM,5,45,30,0.12981909801647742,1.0463007679697227
Vision-only LSTM,5,45,31,0.1352644530894415,0.8541014784287106
Vision-only LSTM,5,45,32,0.11653537331479562,1.1022176235617456
Vision-only LSTM,5,45,33,0.1064905376883732,1.411269434491481
Vision-only LSTM,5,45,34,0.10895200075998884,1.2575120742372248
Vision-only LSTM,5,45,35,0.10259907325499462,1.128558953825689
Vision-only LSTM,5,45,36,0.09297929125105008,1.6722588651936572
Vision-only LSTM,5,45,37,0.12465916512901079,1.5527512996225175
Vision-only LSTM,5,45,38,0.09890613034755137,1.39419847232069
Vision-only LSTM,5,45,39,0.09264341817210221,1.7078268306497757
Vision-only LSTM,5,45,40,0.0875617508580418,1.8229625687526394
Vision-only LSTM,5,45,41,0.13110630870329368,1.979719203516091
Vision-only LSTM,5,45,42,0.09100219214148705,1.9700706822981187
Vision-only LSTM,5,45,43,0.0926002180306389,1.3793010866538908
Vision-only LSTM,5,45,44,0.11197568500965077,1.6564721338708632
Vision-only LSTM,5,45,45,0.08911726650419431,1.9685301843452692
Vision-only LSTM,5,45,46,0.09706263970429786,2.405653061496535
Vision-only LSTM,5,45,47,0.07829450183711043,2.236059905804959
Vision-only LSTM,5,45,48,0.0921053752813812,1.3960770112042564
Vision-only LSTM,5,45,49,0.08460165761813586,2.0421417795738646
Vision-only LSTM,5,45,50,0.07876303480115047,2.0363384733460768
Vision-only LSTM,5,45,51,0.07477284903375739,2.350913888411655
Vision-only LSTM,5,45,52,0.07196131977851125,2.421144957250019
Vision-only LSTM,5,45,53,0.06443792607092654,2.4656625361976445
Vision-only LSTM,5,45,54,0.09366010565880967,1.8538112375041786
Vision-only LSTM,5,45,55,0.12208735682024659,2.116858059130375
Vision-only LSTM,5,45,56,0.11863154285978367,1.3236374611374717
Vision-only LSTM,5,45,57,0.11671274475014633,2.4537038995222478
Vision-only LSTM,5,45,58,0.0921602201542043,2.0058268093088136
Vision-only LSTM,5,45,59,0.09495273245227234,2.419225558482376
Vision-only LSTM,5,45,60,0.10563977231183791,1.305953534269233
Vision-only LSTM,5,46,1,1.0517870561291567,0.7489986644600922
Vision-only LSTM,5,46,2,0.3695921618468613,0.6624206322044197
Vision-only LSTM,5,46,3,0.31126896779861124,0.645421150782823
Vision-only LSTM,5,46,4,0.2613826879964756,0.7608457811223636
Vision-only LSTM,5,46,5,0.2334115411105909,0.8352663408285417
Vision-only LSTM,5,46,6,0.22030377803846848,0.8970548056331571
Vision-only LSTM,5,46,7,0.2107098887388388,1.086170974298843
Vision-only LSTM,5,46,8,0.17602941331840058,0.8425095306252534
Vision-only LSTM,5,46,9,0.22167941514799325,1.0168986837506544
Vision-only LSTM,5,46,10,0.19138635707747834,0.9835583408611126
Vision-only LSTM,5,46,11,0.18999269292798154,1.0442845017592612
Vision-only LSTM,5,46,12,0.17052476208160017,0.9985357394570824
Vision-only LSTM,5,46,13,0.1404459759720682,1.0678158863535467
Vision-only LSTM,5,46,14,0.15747617834647765,0.9950897496513851
Vision-only LSTM,5,46,15,0.1545799570158124,1.0333054189412099
Vision-only LSTM,5,46,16,0.14708796612270897,0.9495497196600372
Vision-only LSTM,5,46,17,0.14844041219040424,1.0519964163283382
Vision-only LSTM,5,46,18,0.15018884838539354,1.0568650286777463
Vision-only LSTM,5,46,19,0.13630025736267154,0.9222852670171726
Vision-only LSTM,5,46,20,0.14662501575440087,1.1223742480485444
Vision-only LSTM,5,46,21,0.14713797817688384,1.0484499548341244
Vision-only LSTM,5,46,22,0.13855726645308725,1.0454703490689117
Vision-only LSTM,5,46,23,0.13605908693852886,1.1452068104184148
Vision-only LSTM,5,46,24,0.14215572223960987,1.0331738854854111
Vision-only LSTM,5,46,25,0.13874662513964361,1.0348548563021533
Vision-only LSTM,5,46,26,0.14209862091695957,1.2106286453500983
Vision-only LSTM,5,46,27,0.13155825685987857,1.147404554754933
Vision-only LSTM,5,46,28,0.15371757944090567,1.126490362425895
Vision-only LSTM,5,46,29,0.1335605566402398,1.0237761044902123
Vision-only LSTM,5,46,30,0.1372691375731218,1.0455204858844884
Vision-only LSTM,5,46,31,0.13098479576427102,1.213524444829243
Vision-only LSTM,5,46,32,0.1371731812834302,1.2150566910922653
Vision-only LSTM,5,46,33,0.15330881712048552,0.9677986211496828
Vision-only LSTM,5,46,34,0.13643814940256324,0.8519651416837545
Vision-only LSTM,5,46,35,0.1273470087115957,0.8933612008889517
Vision-only LSTM,5,46,36,0.14161169636527798,1.182913804204209
Vision-only LSTM,5,46,37,0.12173739138128854,1.016265454407258
Vision-only LSTM,5,46,38,0.123630234574377,1.0557830827291157
Vision-only LSTM,5,46,39,0.12896655169811505,1.1348458086169741
Vision-only LSTM,5,46,40,0.11564136711445111,1.07766184738722
Vision-only LSTM,5,46,41,0.11695252297528207,1.0597755630936012
Vision-only LSTM,5,46,42,0.11391918086577914,1.096963394206775
Vision-only LSTM,5,46,43,0.11410997352691657,1.0907692723679092
Vision-only LSTM,5,46,44,0.11398841382769213,1.090026725200737
Vision-only LSTM,5,46,45,0.10863044358233635,1.0449020510824472
Vision-only LSTM,5,46,46,0.13347620890285442,1.1431286891676344
Vision-only LSTM,5,46,47,0.11075758494435602,1.0839167214164693
Vision-only LSTM,5,46,48,0.10122443235626347,1.0509294601981245
Vision-only LSTM,5,46,49,0.10646356022694448,1.6776852551496253
Vision-only LSTM,5,46,50,0.10325010361253142,1.2301420304510329
Vision-only LSTM,5,46,51,0.10165901978423528,1.310793805328555
Vision-only LSTM,5,46,52,0.1025217968715193,1.0932420752708267
Vision-only LSTM,5,46,53,0.09210517001537791,1.658351370654766
Vision-only LSTM,5,46,54,0.08949270017454777,1.6153298391486115
Vision-only LSTM,5,46,55,0.10942189865534717,0.9357035721982175
Vision-only LSTM,5,46,56,0.11847005941137909,1.0582100537994124
Vision-only LSTM,5,46,57,0.11218999521385062,1.028585501639973
Vision-only LSTM,5,46,58,0.10631091485878355,1.0054879237895742
Vision-only LSTM,5,46,59,0.09871138063244604,0.9961838954337238
Vision-only LSTM,5,46,60,0.13086314242210062,1.0007357180227898
Vision-only LSTM,5,47,1,1.0087767139423724,0.7054378135399249
Vision-only LSTM,5,47,2,0.35544806135182283,0.8421679280339047
Vision-only LSTM,5,47,3,0.2827300007661378,0.6890611393021837
Vision-only LSTM,5,47,4,0.2287114653200586,0.7286197619055802
Vision-only LSTM,5,47,5,0.21090625186372125,0.8049917369456161
Vision-only LSTM,5,47,6,0.1885060863421188,0.7551373314869979
Vision-only LSTM,5,47,7,0.1881395538076485,0.8549292266556302
Vision-only LSTM,5,47,8,0.18635507382115069,0.9029957454659404
Vision-only LSTM,5,47,9,0.18097489290201588,0.7443401175287535
Vision-only LSTM,5,47,10,0.17121452937014356,1.022732985844402
Vision-only LSTM,5,47,11,0.16345659343382135,0.7457761023529421
Vision-only LSTM,5,47,12,0.16777183589807085,0.9414788675133288
Vision-only LSTM,5,47,13,0.1560296834505766,0.9447227990571058
Vision-only LSTM,5,47,14,0.16776494789843516,0.8281949827256193
Vision-only LSTM,5,47,15,0.14510913768776373,0.7950197560107433
Vision-only LSTM,5,47,16,0.14416273592799136,0.891264822060707
Vision-only LSTM,5,47,17,0.13902943841659895,0.8833350731329348
Vision-only LSTM,5,47,18,0.1339276066851304,1.028348270014897
Vision-only LSTM,5,47,19,0.13230705359720396,0.8701432898359479
Vision-only LSTM,5,47,20,0.1521886314639897,0.9060324940916378
Vision-only LSTM,5,47,21,0.13549940558914164,1.0546641150485545
Vision-only LSTM,5,47,22,0.13143851778115462,0.9283888673007613
Vision-only LSTM,5,47,23,0.13204247032997804,1.1665242552538588
Vision-only LSTM,5,47,24,0.1415977845814266,1.0403679214902144
Vision-only LSTM,5,47,25,0.1229851261611157,1.09032048260016
Vision-only LSTM,5,47,26,0.12613312981941827,1.002127746553541
Vision-only LSTM,5,47,27,0.11732130851072226,0.9826165396150053
Vision-only LSTM,5,47,28,0.12944820782140062,0.978632710389871
Vision-only LSTM,5,47,29,0.12625973559505646,0.9945038548149403
Vision-only LSTM,5,47,30,0.13470283851045728,0.9584534529682476
Vision-only LSTM,5,47,31,0.1325737763437895,0.9000282235740366
Vision-only LSTM,5,47,32,0.1522155361685496,0.9546216194297282
Vision-only LSTM,5,47,33,0.12981264050616775,0.8592540891977726
Vision-only LSTM,5,47,34,0.12309528528308014,0.8992512263123345
Vision-only LSTM,5,47,35,0.11524296921280051,0.9074130839428062
Vision-only LSTM,5,47,36,0.12042788096510941,0.9251146095978638
Vision-only LSTM,5,47,37,0.11675741181496846,0.9988800981384653
Vision-only LSTM,5,47,38,0.10763873249099155,0.8715256196241709
Vision-only LSTM,5,47,39,0.11367789668138903,0.992414636619436
Vision-only LSTM,5,47,40,0.11245359729341661,0.8627073186326701
Vision-only LSTM,5,47,41,0.11357339693180935,1.0114280755633578
Vision-only LSTM,5,47,42,0.1095450952867983,1.2375249422821109
Vision-only LSTM,5,47,43,0.10429728957506297,1.142998674763386
Vision-only LSTM,5,47,44,0.10753188282935316,1.0497048726184313
Vision-only LSTM,5,47,45,0.092230397356981,1.404463157299867
Vision-only LSTM,5,47,46,0.08891177158962338,1.5320186649978287
Vision-only LSTM,5,47,47,0.09063810520196126,1.6217970835587763
Vision-only LSTM,5,47,48,0.08719909505281971,1.70602503859397
Vision-only LSTM,5,47,49,0.10561091750543884,1.035708327974882
Vision-only LSTM,5,47,50,0.09986591509872798,2.090163994947569
Vision-only LSTM,5,47,51,0.08235298602806457,1.4434364972444762
Vision-only LSTM,5,47,52,0.07863354802105577,2.0476741310310564
Vision-only LSTM,5,47,53,0.09045128325955666,1.6724476549516685
Vision-only LSTM,5,47,54,0.08562780254813794,1.3677401710301638
Vision-only LSTM,5,47,55,0.07421221731354334,2.0786342027653752
Vision-only LSTM,5,47,56,0.08131269315734159,1.8020261261354453
Vision-only LSTM,5,47,57,0.0842705775927775,2.7947224096182257
Vision-only LSTM,5,47,58,0.07482601954023761,1.5037438674894332
Vision-only LSTM,5,47,59,0.08271910167096731,2.8756691710613436
Vision-only LSTM,5,47,60,0.07872312206928413,1.8598441599948288
Vision-only LSTM,5,48,1,1.0656243510899959,0.7578296876303555
Vision-only LSTM,5,48,2,0.3551839954986931,0.9442766037627086
Vision-only LSTM,5,48,3,0.30747597300729085,0.8958259417325946
Vision-only LSTM,5,48,4,0.2673390511665015,0.7984905140454914
Vision-only LSTM,5,48,5,0.22609876558148145,0.7096206898209434
Vision-only LSTM,5,48,6,0.2232387523865612,0.7388559935977624
Vision-only LSTM,5,48,7,0.22454435934598763,1.029799928205318
Vision-only LSTM,5,48,8,0.1967758679901554,0.8068347418333249
Vision-only LSTM,5,48,9,0.1744889163912583,0.875503955303498
Vision-only LSTM,5,48,10,0.19504720089339275,0.8337794188058602
Vision-only LSTM,5,48,11,0.18211648497397634,0.8009426228905124
Vision-only LSTM,5,48,12,0.18215588700924537,0.9049672471589763
Vision-only LSTM,5,48,13,0.1753080687149356,0.8946180502636127
Vision-only LSTM,5,48,14,0.1579495797360104,0.9987352499484516
Vision-only LSTM,5,48,15,0.16151028181764787,0.9397271204919435
Vision-only LSTM,5,48,16,0.16101139862286418,0.8389879993672641
Vision-only LSTM,5,48,17,0.16673545847160143,0.8500819666080754
Vision-only LSTM,5,48,18,0.15764991320427985,0.8942170151249668
Vision-only LSTM,5,48,19,0.14483316365351293,0.9349408990682047
Vision-only LSTM,5,48,20,0.1423140386019171,0.9152416104853028
Vision-only LSTM,5,48,21,0.1414043713618079,1.0028260161541793
Vision-only LSTM,5,48,22,0.14561504466662062,0.9602568542557443
Vision-only LSTM,5,48,23,0.14441991783450545,0.8954939633545386
Vision-only LSTM,5,48,24,0.142154855630845,0.9170178246510604
Vision-only LSTM,5,48,25,0.1293032654860904,0.9934112732640352
Vision-only LSTM,5,48,26,0.13300909846280148,0.9424677210346458
Vision-only LSTM,5,48,27,0.14066986941403026,1.0945126447725095
Vision-only LSTM,5,48,28,0.12649802522146175,1.0288257180582303
Vision-only LSTM,5,48,29,0.12817285893852007,0.9925882551717559
Vision-only LSTM,5,48,30,0.12662063950086822,0.9180255222995326
Vision-only LSTM,5,48,31,0.13824719197893084,0.9800109907953495
Vision-only LSTM,5,48,32,0.1583864435808895,0.8926627335121047
Vision-only LSTM,5,48,33,0.12211704857857165,0.9338666119415555
Vision-only LSTM,5,48,34,0.11072048651581148,1.2429813314034004
Vision-only LSTM,5,48,35,0.11639839569574069,1.2855909375524621
Vision-only LSTM,5,48,36,0.12089449413476405,1.2107328105272737
Vision-only LSTM,5,48,37,0.10622491859865114,1.0074888572752851
Vision-only LSTM,5,48,38,0.1012555829305179,2.0576141573785485
Vision-only LSTM,5,48,39,0.0938979941015582,1.8657604324742683
Vision-only LSTM,5,48,40,0.118098925967841,0.923854779428656
Vision-only LSTM,5,48,41,0.11308182763549039,1.4335611666898307
Vision-only LSTM,5,48,42,0.09442072182396744,1.51652091082412
Vision-only LSTM,5,48,43,0.09275581755514645,1.6903364734267288
Vision-only LSTM,5,48,44,0.09821690565757134,1.5093876580147374
Vision-only LSTM,5,48,45,0.09572536298791984,1.9227793317920756
Vision-only LSTM,5,48,46,0.09063348457837908,1.4785627679629896
Vision-only LSTM,5,48,47,0.0781899642393351,2.0139473008159823
Vision-only LSTM,5,48,48,0.08497183681407532,1.8225103333217543
Vision-only LSTM,5,48,49,0.08029835277312233,2.0966303664214707
Vision-only LSTM,5,48,50,0.08351239880302982,1.3779484950146585
Vision-only LSTM,5,48,51,0.13424338424530433,2.0514385242882014
Vision-only LSTM,5,48,52,0.10548657023164386,2.2055053400418543
Vision-only LSTM,5,48,53,0.08332761962108104,2.0418273573995136
Vision-only LSTM,5,48,54,0.09136232899956752,1.4305191856166601
Vision-only LSTM,5,48,55,0.0939970644430079,2.4110845449523106
Vision-only LSTM,5,48,56,0.08189885327933046,2.4965487183452404
Vision-only LSTM,5,48,57,0.07945760609262886,2.0876662308502496
Vision-only LSTM,5,48,58,0.09111015185385468,2.55521434776688
Vision-only LSTM,5,48,59,0.07111946559433681,2.415237952515764
Vision-only LSTM,5,48,60,0.09064186900635245,1.4037036678794794
Vision-only LSTM,5,49,1,1.0082396505949984,0.8276643980474092
Vision-only LSTM,5,49,2,0.3867178332411674,1.0138546344619128
Vision-only LSTM,5,49,3,0.29568853284912855,0.7122729801781772
Vision-only LSTM,5,49,4,0.2707274031290737,0.7504734972987784
Vision-only LSTM,5,49,5,0.21765141176331146,0.9698969573719697
Vision-only LSTM,5,49,6,0.22930287209543487,0.7220600502608457
Vision-only LSTM,5,49,7,0.22297044859850276,0.9880940742650122
Vision-only LSTM,5,49,8,0.1894778850028973,0.7627165604000071
Vision-only LSTM,5,49,9,0.20573274827718444,0.7774670342729276
Vision-only LSTM,5,49,10,0.18270899264217152,0.7872729392359091
Vision-only LSTM,5,49,11,0.16586797823958474,0.8816423572646747
Vision-only LSTM,5,49,12,0.1569383045888735,0.9575761171444407
Vision-only LSTM,5,49,13,0.14478379670380087,0.8767553291730661
Vision-only LSTM,5,49,14,0.1555346892451277,0.961830236626871
Vision-only LSTM,5,49,15,0.1556500118804897,0.9141617084949022
Vision-only LSTM,5,49,16,0.14020646797382527,1.1223063834120892
Vision-only LSTM,5,49,17,0.14914621911359316,0.9879382143043122
Vision-only LSTM,5,49,18,0.1526806176921656,0.8921373714565981
Vision-only LSTM,5,49,19,0.14099517491255115,0.843845285522113
Vision-only LSTM,5,49,20,0.18007693001305095,0.8763688914555924
Vision-only LSTM,5,49,21,0.14888528207456067,0.8821891097808784
Vision-only LSTM,5,49,22,0.15756846826655774,0.9341382148911868
Vision-only LSTM,5,49,23,0.13603546367354025,0.9492573932406787
Vision-only LSTM,5,49,24,0.13978729737213513,1.0471355811354999
Vision-only LSTM,5,49,25,0.13247091333168665,1.0186370195395291
Vision-only LSTM,5,49,26,0.12510381544617574,0.9734607147564428
Vision-only LSTM,5,49,27,0.12006296899746488,0.9758046251766587
Vision-only LSTM,5,49,28,0.156408278091447,0.8216880249246111
Vision-only LSTM,5,49,29,0.1388841446174475,0.8954316619432198
Vision-only LSTM,5,49,30,0.11734656267998925,0.7945397126974549
Vision-only LSTM,5,49,31,0.11448313992623253,0.8861160844845591
Vision-only LSTM,5,49,32,0.12769836752985106,1.0592079291303702
Vision-only LSTM,5,49,33,0.11921743910435947,1.0079747219130677
Vision-only LSTM,5,49,34,0.1431779343352141,1.0217735095718872
Vision-only LSTM,5,49,35,0.12139949180194914,0.892728569278927
Vision-only LSTM,5,49,36,0.11169475387555867,0.9292551584744854
Vision-only LSTM,5,49,37,0.10926023664607266,1.214575252005639
Vision-only LSTM,5,49,38,0.13971408819603065,0.6925414820480896
Vision-only LSTM,5,49,39,0.09850155181653862,1.1299145186175465
Vision-only LSTM,5,49,40,0.11395806982096472,1.2519850276754212
Vision-only LSTM,5,49,41,0.10489994892280553,1.0045102477011192
Vision-only LSTM,5,49,42,0.10149162069716544,1.5598793559487074
Vision-only LSTM,5,49,43,0.11542380302962066,1.2006927778167296
Vision-only LSTM,5,49,44,0.10467167308686143,1.3392546765967048
Vision-only LSTM,5,49,45,0.0932042755749683,1.7135747768554985
Vision-only LSTM,5,49,46,0.10460443432457663,1.0143498324201417
Vision-only LSTM,5,49,47,0.09327405591228449,0.9155950576059161
Vision-only LSTM,5,49,48,0.09001973544041121,1.473238189640285
Vision-only LSTM,5,49,49,0.09859340944677372,1.1656504888321806
Vision-only LSTM,5,49,50,0.07819885782033406,1.5512842976642418
Vision-only LSTM,5,49,51,0.08448678266024502,1.9863516479043342
Vision-only LSTM,5,49,52,0.07995675587194494,0.868469563689653
Vision-only LSTM,5,49,53,0.08039399531689578,1.1090232270810776
Vision-only LSTM,5,49,54,0.08427050204436333,0.974058089836401
Vision-only LSTM,5,49,55,0.07772877598990717,1.2762784445521653
Vision-only LSTM,5,49,56,0.07098512480246597,1.495767469758039
Vision-only LSTM,5,49,57,0.08073361409483808,1.1433615467669267
Vision-only LSTM,5,49,58,0.09040554291293688,1.4867778902158797
Vision-only LSTM,5,49,59,0.06957494355327788,1.4605417700808503
Vision-only LSTM,5,49,60,0.07561343621959593,2.4349190995909384
Vision-only LSTM,5,50,1,1.028236427826572,0.6431764876567593
Vision-only LSTM,5,50,2,0.3606625866495994,0.8189398483910151
Vision-only LSTM,5,50,3,0.28862870141699676,0.9012906345181495
Vision-only LSTM,5,50,4,0.23149064927381285,1.09947776681972
Vision-only LSTM,5,50,5,0.22896370725795134,0.776653232626945
Vision-only LSTM,5,50,6,0.23232340084951977,0.6429873171967281
Vision-only LSTM,5,50,7,0.18208010760996596,0.8966573648920099
Vision-only LSTM,5,50,8,0.21875812425226832,0.8283395936529092
Vision-only LSTM,5,50,9,0.18818099295658902,0.7366391042993253
Vision-only LSTM,5,50,10,0.16835444911543823,0.9096555668602949
Vision-only LSTM,5,50,11,0.1764784290533937,0.8800328167729408
Vision-only LSTM,5,50,12,0.1654396227662391,0.8472682347587569
Vision-only LSTM,5,50,13,0.17073440956660846,0.7978043979506323
Vision-only LSTM,5,50,14,0.1726226197462187,0.9404882486573805
Vision-only LSTM,5,50,15,0.1533083992313726,0.8277081266451681
Vision-only LSTM,5,50,16,0.1467345588341255,0.9022396593911093
Vision-only LSTM,5,50,17,0.13801644374576547,0.9703097560558179
Vision-only LSTM,5,50,18,0.15164763977434234,1.0633791731963367
Vision-only LSTM,5,50,19,0.21170701600857433,1.2674437750060603
Vision-only LSTM,5,50,20,0.15773635037526068,1.0332785687356625
Vision-only LSTM,5,50,21,0.1541615842021956,1.0348916889111701
Vision-only LSTM,5,50,22,0.1455363527161492,1.028761318863313
Vision-only LSTM,5,50,23,0.1302370409067433,1.0634791731397062
Vision-only LSTM,5,50,24,0.1529514826811403,1.124941075123081
Vision-only LSTM,5,50,25,0.155586741528402,0.9462630472905481
Vision-only LSTM,5,50,26,0.14297712406638274,0.9505014313029543
Vision-only LSTM,5,50,27,0.13328351797091442,0.9827052043981273
Vision-only LSTM,5,50,28,0.12942618228303612,1.049841591553368
Vision-only LSTM,5,50,29,0.1212230338435734,1.0326458309119102
Vision-only LSTM,5,50,30,0.12384988223242424,1.1222922171561722
Vision-only LSTM,5,50,31,0.12477383579069354,1.0106081517737366
Vision-only LSTM,5,50,32,0.12980363197736397,0.9866035920519
Vision-only LSTM,5,50,33,0.1133094909789002,1.0323553570786361
Vision-only LSTM,5,50,34,0.11910251152189848,0.9575240745421976
Vision-only LSTM,5,50,35,0.11689444875055092,0.9944600921819295
Vision-only LSTM,5,50,36,0.11033399550260171,0.9365742393697083
Vision-only LSTM,5,50,37,0.11112453832292206,1.002822542278022
Vision-only LSTM,5,50,38,0.1032631954131477,0.9550937604729235
Vision-only LSTM,5,50,39,0.11990921355178637,1.2225334744595882
Vision-only LSTM,5,50,40,0.11278110007841523,0.9900120861312878
Vision-only LSTM,5,50,41,0.11887517606103143,0.8536203928776007
Vision-only LSTM,5,50,42,0.11222905235198603,0.9099492033010259
Vision-only LSTM,5,50,43,0.12843738972480698,0.9250269371008722
Vision-only LSTM,5,50,44,0.10858554516165464,1.007418118182968
Vision-only LSTM,5,50,45,0.10604888499421472,0.9969012398639815
Vision-only LSTM,5,50,46,0.10491594736723085,1.0021958879704744
Vision-only LSTM,5,50,47,0.09664062057670794,1.1786599868529748
Vision-only LSTM,5,50,48,0.15064064565347224,0.9639751553785376
Vision-only LSTM,5,50,49,0.10254783603628342,0.9477102625763641
Vision-only LSTM,5,50,50,0.09259617057796499,1.6531070336324614
Vision-only LSTM,5,50,51,0.11846515603165166,1.0098560413099684
Vision-only LSTM,5,50,52,0.11312147604718786,0.8448999032721829
Vision-only LSTM,5,50,53,0.09887685007093681,1.1533465325145102
Vision-only LSTM,5,50,54,0.08826763601460684,1.2542735594061185
Vision-only LSTM,5,50,55,0.0922762592524892,0.9299071037153903
Vision-only LSTM,5,50,56,0.0940062598116705,1.150659379781667
Vision-only LSTM,5,50,57,0.08277395729892038,2.070781895105944
Vision-only LSTM,5,50,58,0.09572004841381543,1.1627901674129177
Vision-only LSTM,5,50,59,0.08153680506401872,1.1836486226513951
Vision-only LSTM,5,50,60,0.07790804531247408,1.9495321138209392
Vision-only LSTM,5,51,1,1.0337147294672495,1.140305091749947
Vision-only LSTM,5,51,2,0.37646048759524064,0.859011543996679
Vision-only LSTM,5,51,3,0.2832629367836832,0.9087862624812176
Vision-only LSTM,5,51,4,0.25330445985680256,0.7166144290560197
Vision-only LSTM,5,51,5,0.2458231819079986,0.7381590803464254
Vision-only LSTM,5,51,6,0.23175738957987568,0.7966689332476202
Vision-only LSTM,5,51,7,0.20607645004860045,0.9933999959277907
Vision-only LSTM,5,51,8,0.19790620979655765,0.8910215178375724
Vision-only LSTM,5,51,9,0.19654781846249775,0.7604570419408491
Vision-only LSTM,5,51,10,0.17220528455248224,0.7737507574275855
Vision-only LSTM,5,51,11,0.17750407142548696,0.9369875251059762
Vision-only LSTM,5,51,12,0.16822381363212696,0.8235059404741794
Vision-only LSTM,5,51,13,0.18172341594506725,0.9421615335051619
Vision-only LSTM,5,51,14,0.17394805899302554,1.0969509208727184
Vision-only LSTM,5,51,15,0.20700748262965693,0.8296445829313506
Vision-only LSTM,5,51,16,0.1662269947979704,0.7657841044776844
Vision-only LSTM,5,51,17,0.16664061595935425,0.8557880788854083
Vision-only LSTM,5,51,18,0.15586217091221594,0.8618773027348569
Vision-only LSTM,5,51,19,0.15547140954333646,0.8926615535400698
Vision-only LSTM,5,51,20,0.1419871223308465,0.9392759230776653
Vision-only LSTM,5,51,21,0.13506354451763147,0.9822793444872402
Vision-only LSTM,5,51,22,0.14844528039418062,1.0383979790303193
Vision-only LSTM,5,51,23,0.13288413781576963,0.9649296627229614
Vision-only LSTM,5,51,24,0.13328551839366828,1.0501911936472297
Vision-only LSTM,5,51,25,0.14584172279955854,0.9343110463841656
Vision-only LSTM,5,51,26,0.140101297185135,0.8532302274644
Vision-only LSTM,5,51,27,0.12219896640815525,1.2246418912393242
Vision-only LSTM,5,51,28,0.11385284521875759,1.0708037746339973
Vision-only LSTM,5,51,29,0.1184480027312748,0.9807770198808526
Vision-only LSTM,5,51,30,0.10953853981776876,1.013370736152621
Vision-only LSTM,5,51,31,0.103483859157803,1.0828298904017333
Vision-only LSTM,5,51,32,0.09045607631745653,1.2387520372398995
Vision-only LSTM,5,51,33,0.10426054663746419,1.0293221203317433
Vision-only LSTM,5,51,34,0.0978672187798172,1.438121922361026
Vision-only LSTM,5,51,35,0.10359268145731691,1.310456945469107
Vision-only LSTM,5,51,36,0.09214509621540694,1.767498669275073
Vision-only LSTM,5,51,37,0.09810456003642651,1.4322674430641238
Vision-only LSTM,5,51,38,0.09746402426311607,1.091073101944831
Vision-only LSTM,5,51,39,0.13736915128759247,1.5809671950977553
Vision-only LSTM,5,51,40,0.09894860909757007,1.5365011622149114
Vision-only LSTM,5,51,41,0.09947809477985324,1.192956239250596
Vision-only LSTM,5,51,42,0.08955502811924189,1.6224998030460105
Vision-only LSTM,5,51,43,0.08538394209426102,1.3544766367208096
Vision-only LSTM,5,51,44,0.0911014007364264,1.2444031867833194
Vision-only LSTM,5,51,45,0.07319025003879985,1.5528673672310587
Vision-only LSTM,5,51,46,0.08411227970417119,1.69414253112327
Vision-only LSTM,5,51,47,0.08602986555897621,1.1470644268591885
Vision-only LSTM,5,51,48,0.07967144187033687,1.5008757661176801
Vision-only LSTM,5,51,49,0.07837337879389934,1.8016265546102506
Vision-only LSTM,5,51,50,0.0711532836504089,1.3078434523234077
Vision-only LSTM,5,51,51,0.10646127054018666,1.172317772025957
Vision-only LSTM,5,51,52,0.0996401707209747,1.2028322190444611
Vision-only LSTM,5,51,53,0.08803088357657846,1.3326778004543398
Vision-only LSTM,5,51,54,0.07928557556995727,1.259922387468896
Vision-only LSTM,5,51,55,0.07581009936396853,1.2190747650718976
Vision-only LSTM,5,51,56,0.0801435366006539,1.2797766255617016
Vision-only LSTM,5,51,57,0.07240021301745785,2.0515902206942096
Vision-only LSTM,5,51,58,0.06823705589970167,1.3008824575387832
Vision-only LSTM,5,51,59,0.10424775081872484,1.4898584477478478
Vision-only LSTM,5,51,60,0.08037165348301784,1.7732831350951388
Fusion-LSTM without derivatives,1,42,1,1.0263146108513534,0.4964708752727109
Fusion-LSTM without derivatives,1,42,2,0.3449460260322613,0.6078433065794299
Fusion-LSTM without derivatives,1,42,3,0.3043852766923066,0.8320105301071763
Fusion-LSTM without derivatives,1,42,4,0.2662461285844793,0.4753827190561614
Fusion-LSTM without derivatives,1,42,5,0.2515820466064439,0.48983621781602094
Fusion-LSTM without derivatives,1,42,6,0.2551428924554095,0.6623369886752695
Fusion-LSTM without derivatives,1,42,7,0.25715391647625085,0.5404614088607784
Fusion-LSTM without derivatives,1,42,8,0.2463894061203519,0.7608207044049129
Fusion-LSTM without derivatives,1,42,9,0.23907173596331702,0.6597250895242771
Fusion-LSTM without derivatives,1,42,10,0.2373608713293721,0.7299478605733227
Fusion-LSTM without derivatives,1,42,11,0.23826086522981543,0.6036317324425939
Fusion-LSTM without derivatives,1,42,12,0.226593283746222,0.6445765762084186
Fusion-LSTM without derivatives,1,42,13,0.22652368271336198,0.7901965300367063
Fusion-LSTM without derivatives,1,42,14,0.2313249610813488,0.5948424849588916
Fusion-LSTM without derivatives,1,42,15,0.2221039052672345,1.3430823772146017
Fusion-LSTM without derivatives,1,42,16,0.2313930955686839,1.3041655825806364
Fusion-LSTM without derivatives,1,42,17,0.22589111144838883,0.925730436946611
Fusion-LSTM without derivatives,1,42,18,0.22185026778212918,0.5569203496447899
Fusion-LSTM without derivatives,1,42,19,0.22150995295499376,0.7802461964747941
Fusion-LSTM without derivatives,1,42,20,0.2309173360228685,0.42835723188563213
Fusion-LSTM without derivatives,1,42,21,0.23496361485559855,0.5798486753892099
Fusion-LSTM without derivatives,1,42,22,0.22013884839609835,0.49340307709430997
Fusion-LSTM without derivatives,1,42,23,0.21821804042231993,0.5587512014484506
Fusion-LSTM without derivatives,1,42,24,0.2104665463627631,0.663895857518449
Fusion-LSTM without derivatives,1,42,25,0.2201947864937753,0.4905046482943389
Fusion-LSTM without derivatives,1,42,26,0.21859901894209277,0.6391928144096078
Fusion-LSTM without derivatives,1,42,27,0.2133759165968549,0.6423518148639417
Fusion-LSTM without derivatives,1,42,28,0.20620850675257077,0.7951433496467722
Fusion-LSTM without derivatives,1,42,29,0.20721045872345475,0.5341381623528788
Fusion-LSTM without derivatives,1,42,30,0.20062761234181395,0.7382347328076823
Fusion-LSTM without derivatives,1,42,31,0.2023219847444532,0.7346957709866749
Fusion-LSTM without derivatives,1,42,32,0.19630750529880453,0.7070734100709172
Fusion-LSTM without derivatives,1,42,33,0.1953720340796209,0.7800854836713593
Fusion-LSTM without derivatives,1,42,34,0.19293890394921087,0.877007615969241
Fusion-LSTM without derivatives,1,42,35,0.1935278320957667,0.655060006746831
Fusion-LSTM without derivatives,1,42,36,0.20160321495409822,0.8476432905741332
Fusion-LSTM without derivatives,1,42,37,0.18886073804282907,1.2096338289432556
Fusion-LSTM without derivatives,1,42,38,0.18491047362339894,3.0852560523655304
Fusion-LSTM without derivatives,1,42,39,0.20736852937079003,1.4775445719114826
Fusion-LSTM without derivatives,1,42,40,0.18491141351459944,1.0202448712173748
Fusion-LSTM without derivatives,1,42,41,0.17989840056990053,1.1571303818148386
Fusion-LSTM without derivatives,1,42,42,0.17123390333715546,2.0567592305230833
Fusion-LSTM without derivatives,1,42,43,0.17491725297028435,2.967399034219593
Fusion-LSTM without derivatives,1,42,44,0.18059054238843156,2.127076911859105
Fusion-LSTM without derivatives,1,42,45,0.1818539668126593,2.190657074596397
Fusion-LSTM without derivatives,1,42,46,0.16993450383491915,3.0037427863078796
Fusion-LSTM without derivatives,1,42,47,0.15505284083798657,1.9605177156002391
Fusion-LSTM without derivatives,1,42,48,0.16039756337251757,2.9228747950737954
Fusion-LSTM without derivatives,1,42,49,0.15726384894434375,2.440990486820726
Fusion-LSTM without derivatives,1,42,50,0.15864568622496442,2.9919258920042395
Fusion-LSTM without derivatives,1,42,51,0.17787354130659888,2.7046119568584412
Fusion-LSTM without derivatives,1,42,52,0.25664620149106265,3.57629582941907
Fusion-LSTM without derivatives,1,42,53,0.18247939399724222,3.722231604861763
Fusion-LSTM without derivatives,1,42,54,0.16058840694279394,3.494081436463122
Fusion-LSTM without derivatives,1,42,55,0.16029180415881955,3.5813591976023322
Fusion-LSTM without derivatives,1,42,56,0.21023328249488224,3.872203926034506
Fusion-LSTM without derivatives,1,42,57,0.1783754665583262,3.7151740230776102
Fusion-LSTM without derivatives,1,42,58,0.15939304367312646,4.114456490814623
Fusion-LSTM without derivatives,1,42,59,0.14923658346594626,2.5523205972598784
Fusion-LSTM without derivatives,1,42,60,0.1393486026944856,3.2006248447895675
Fusion-LSTM without derivatives,1,43,1,0.9763122832569836,0.5817462639488764
Fusion-LSTM without derivatives,1,43,2,0.3492955638033877,0.640072023250022
Fusion-LSTM without derivatives,1,43,3,0.335483258134178,0.7536297134695813
Fusion-LSTM without derivatives,1,43,4,0.30503289901902314,1.1357961386379707
Fusion-LSTM without derivatives,1,43,5,0.2971784396585063,0.8710427562583167
Fusion-LSTM without derivatives,1,43,6,0.2797276906458361,0.9688713041054128
Fusion-LSTM without derivatives,1,43,7,0.25207016528165943,0.5962431223387489
Fusion-LSTM without derivatives,1,43,8,0.25195690267347026,0.7923571493328242
Fusion-LSTM without derivatives,1,43,9,0.23825587949922897,1.3126402824523564
Fusion-LSTM without derivatives,1,43,10,0.24018176424180743,1.126190332871563
Fusion-LSTM without derivatives,1,43,11,0.23516270360676858,0.7227378772177286
Fusion-LSTM without derivatives,1,43,12,0.23110169863275642,0.7316725568795104
Fusion-LSTM without derivatives,1,43,13,0.2401566545388502,0.5510248100420214
Fusion-LSTM without derivatives,1,43,14,0.23231872626629557,0.8435085749163818
Fusion-LSTM without derivatives,1,43,15,0.2242436436122927,0.5820081994343603
Fusion-LSTM without derivatives,1,43,16,0.22926532468892552,0.6200039280223146
Fusion-LSTM without derivatives,1,43,17,0.2287636994215835,0.6455700110089604
Fusion-LSTM without derivatives,1,43,18,0.2196999203418307,0.7207652023628323
Fusion-LSTM without derivatives,1,43,19,0.22770724175234416,0.6713409939277097
Fusion-LSTM without derivatives,1,43,20,0.2104959248085157,0.7048464575840993
Fusion-LSTM without derivatives,1,43,21,0.21370943403845197,0.7919540595520967
Fusion-LSTM without derivatives,1,43,22,0.22152441600738562,0.9828500684889607
Fusion-LSTM without derivatives,1,43,23,0.20836574592493556,1.4775238973664537
Fusion-LSTM without derivatives,1,43,24,0.2112651062260988,0.5538646114572289
Fusion-LSTM without derivatives,1,43,25,0.20152808315272994,0.7824404321813984
Fusion-LSTM without derivatives,1,43,26,0.20325316070850485,1.9216680776648052
Fusion-LSTM without derivatives,1,43,27,0.20747297558690642,0.6407312433424736
Fusion-LSTM without derivatives,1,43,28,0.21721681747196053,0.44956714989504226
Fusion-LSTM without derivatives,1,43,29,0.20247733506842586,0.5636774412116164
Fusion-LSTM without derivatives,1,43,30,0.195372724573404,0.7060246644717343
Fusion-LSTM without derivatives,1,43,31,0.19219507533612434,0.7720189112662269
Fusion-LSTM without derivatives,1,43,32,0.2114770161434733,0.9388876319306452
Fusion-LSTM without derivatives,1,43,33,0.19454909963728023,1.174162979364645
Fusion-LSTM without derivatives,1,43,34,0.19102957774169038,1.5566361578380536
Fusion-LSTM without derivatives,1,43,35,0.25179087206593004,3.071285502215851
Fusion-LSTM without derivatives,1,43,36,0.2442603601924021,0.5695306463811383
Fusion-LSTM without derivatives,1,43,37,0.1999978322586157,0.9733701747855801
Fusion-LSTM without derivatives,1,43,38,0.19553342551396194,0.8184603154346878
Fusion-LSTM without derivatives,1,43,39,0.1810554023121849,0.9739859213181762
Fusion-LSTM without derivatives,1,43,40,0.18172633068734576,1.2060720439164643
Fusion-LSTM without derivatives,1,43,41,0.20259442071339887,0.4963045065570427
Fusion-LSTM without derivatives,1,43,42,0.1876799838312731,0.48539102930317884
Fusion-LSTM without derivatives,1,43,43,0.18670528618502,0.526877373175801
Fusion-LSTM without derivatives,1,43,44,0.20011231016372255,0.5128451420825982
Fusion-LSTM without derivatives,1,43,45,0.18157168746287825,0.5728470451614391
Fusion-LSTM without derivatives,1,43,46,0.17350183815900397,0.572763659075621
Fusion-LSTM without derivatives,1,43,47,0.1657235126067205,0.7399186907761752
Fusion-LSTM without derivatives,1,43,48,0.17427674757011996,0.5564638073214445
Fusion-LSTM without derivatives,1,43,49,0.18430115456657362,0.5940973306976775
Fusion-LSTM without derivatives,1,43,50,0.16778745283206598,0.9921745731020873
Fusion-LSTM without derivatives,1,43,51,0.1691412987670922,0.894091398367342
Fusion-LSTM without derivatives,1,43,52,0.19101201743803928,0.7787914034955407
Fusion-LSTM without derivatives,1,43,53,0.17603089873934438,1.164801010014626
Fusion-LSTM without derivatives,1,43,54,0.1723809964029258,0.9033408831937758
Fusion-LSTM without derivatives,1,43,55,0.17772675715249403,1.1796312886963851
Fusion-LSTM without derivatives,1,43,56,0.17276287671788004,0.5532340457666844
Fusion-LSTM without derivatives,1,43,57,0.15946838712413666,0.6721486008142276
Fusion-LSTM without derivatives,1,43,58,0.1608523030342651,0.8701997915403898
Fusion-LSTM without derivatives,1,43,59,0.16163514961395756,1.1104584998554654
Fusion-LSTM without derivatives,1,43,60,0.1512764654916151,1.012040297533981
Fusion-LSTM without derivatives,1,44,1,1.039295623369909,0.6377368405367594
Fusion-LSTM without derivatives,1,44,2,0.41011649707439934,0.9172005306312373
Fusion-LSTM without derivatives,1,44,3,0.3208518210079104,0.6607021667547446
Fusion-LSTM without derivatives,1,44,4,0.30316337671813637,0.8828732087364737
Fusion-LSTM without derivatives,1,44,5,0.27035989246685127,0.6801452143762097
Fusion-LSTM without derivatives,1,44,6,0.26079210173453204,0.7444377248829516
Fusion-LSTM without derivatives,1,44,7,0.24513105817166642,1.177547419611638
Fusion-LSTM without derivatives,1,44,8,0.24317599449943647,0.7963002629624972
Fusion-LSTM without derivatives,1,44,9,0.26625719152363464,1.6391587733160276
Fusion-LSTM without derivatives,1,44,10,0.24176990643125326,1.5035501228376005
Fusion-LSTM without derivatives,1,44,11,0.23625249227767794,0.7028349588939479
Fusion-LSTM without derivatives,1,44,12,0.2279487845395104,1.3897155815387923
Fusion-LSTM without derivatives,1,44,13,0.2263750424482579,0.6430200686994588
Fusion-LSTM without derivatives,1,44,14,0.23147199817945743,0.6280362554191293
Fusion-LSTM without derivatives,1,44,15,0.21939819842247066,0.6261490375834441
Fusion-LSTM without derivatives,1,44,16,0.21551017939751146,0.8669769262867654
Fusion-LSTM without derivatives,1,44,17,0.2164219625541645,0.676755663327701
Fusion-LSTM without derivatives,1,44,18,0.213409749637524,0.9701408279329475
Fusion-LSTM without derivatives,1,44,19,0.26729866715668166,0.7822483693966076
Fusion-LSTM without derivatives,1,44,20,0.25443965845442346,0.7972152183453242
Fusion-LSTM without derivatives,1,44,21,0.21338812541331165,1.4157478698457062
Fusion-LSTM without derivatives,1,44,22,0.19803038909389817,2.25931409160671
Fusion-LSTM without derivatives,1,44,23,0.19458691995742136,0.9921469008022884
Fusion-LSTM without derivatives,1,44,24,0.2120526263634657,2.1056516971790566
Fusion-LSTM without derivatives,1,44,25,0.2016987100078611,1.8366957988191701
Fusion-LSTM without derivatives,1,44,26,0.1950938708594511,2.1339636010818763
Fusion-LSTM without derivatives,1,44,27,0.20065300555173468,1.2738785181717802
Fusion-LSTM without derivatives,1,44,28,0.1961989299580913,1.9784960837983985
Fusion-LSTM without derivatives,1,44,29,0.1948410677843868,1.3436509099021647
Fusion-LSTM without derivatives,1,44,30,0.19604144074930036,1.317521428771364
Fusion-LSTM without derivatives,1,44,31,0.1983946116977952,1.0181390162034105
Fusion-LSTM without derivatives,1,44,32,0.1844040527481581,1.5247050613414816
Fusion-LSTM without derivatives,1,44,33,0.1828421707302882,1.4069031528831777
Fusion-LSTM without derivatives,1,44,34,0.18994147208637271,2.4973844868644477
Fusion-LSTM without derivatives,1,44,35,0.19594290368671347,1.0726606182644702
Fusion-LSTM without derivatives,1,44,36,0.19564617880669322,1.1064292746488653
Fusion-LSTM without derivatives,1,44,37,0.19030040375164367,1.7084163810971897
Fusion-LSTM without derivatives,1,44,38,0.18529958027755203,2.4771142378137045
Fusion-LSTM without derivatives,1,44,39,0.17664105460725882,1.5454301555920198
Fusion-LSTM without derivatives,1,44,40,0.17931320779437948,2.738819173578196
Fusion-LSTM without derivatives,1,44,41,0.18176663911650542,1.3588865350939692
Fusion-LSTM without derivatives,1,44,42,0.17759998228863744,2.6961363090252974
Fusion-LSTM without derivatives,1,44,43,0.1806677723026217,2.9477022888697295
Fusion-LSTM without derivatives,1,44,44,0.17697792468182422,2.996620538833881
Fusion-LSTM without derivatives,1,44,45,0.17876998614634387,2.3394731529666193
Fusion-LSTM without derivatives,1,44,46,0.1754085028413477,0.7484592208853558
Fusion-LSTM without derivatives,1,44,47,0.1756205986566649,0.9818856813857015
Fusion-LSTM without derivatives,1,44,48,0.17302218581770912,1.1938716705724504
Fusion-LSTM without derivatives,1,44,49,0.16528957884250092,1.8552842142853097
Fusion-LSTM without derivatives,1,44,50,0.1716595903442208,1.4362839315578622
Fusion-LSTM without derivatives,1,44,51,0.15539870352506052,1.8992205881269597
Fusion-LSTM without derivatives,1,44,52,0.16481950241261303,1.9402008825987265
Fusion-LSTM without derivatives,1,44,53,0.1872062822952775,1.9741928427942894
Fusion-LSTM without derivatives,1,44,54,0.16969985077741842,2.561191580033777
Fusion-LSTM without derivatives,1,44,55,0.15699380841495658,2.5391885575602138
Fusion-LSTM without derivatives,1,44,56,0.16897936010456027,2.628757682599643
Fusion-LSTM without derivatives,1,44,57,0.16130227165761762,2.814900146356044
Fusion-LSTM without derivatives,1,44,58,0.16887980967136912,2.3507169385907285
Fusion-LSTM without derivatives,1,44,59,0.16092332559758007,2.8868177913644777
Fusion-LSTM without derivatives,1,44,60,0.17263099551200867,2.1246129126176707
Fusion-LSTM without derivatives,1,45,1,1.0908537126555213,0.6920756949443737
Fusion-LSTM without derivatives,1,45,2,0.36784111016497545,0.49100541643626533
Fusion-LSTM without derivatives,1,45,3,0.2879155789574134,0.7357252952437731
Fusion-LSTM without derivatives,1,45,4,0.2723025897148937,0.3700600869375705
Fusion-LSTM without derivatives,1,45,5,0.26343110669289715,0.5936058956184727
Fusion-LSTM without derivatives,1,45,6,0.2680089829482715,0.5004233863806075
Fusion-LSTM without derivatives,1,45,7,0.3114622702494465,0.6506397665890258
Fusion-LSTM without derivatives,1,45,8,0.2594721225648202,0.7307304024571393
Fusion-LSTM without derivatives,1,45,9,0.2449697591135276,0.8058859312153213
Fusion-LSTM without derivatives,1,45,10,0.24013025367685203,0.5420310345929373
Fusion-LSTM without derivatives,1,45,11,0.24003512587347886,0.8554438668414481
Fusion-LSTM without derivatives,1,45,12,0.2367584125985372,0.8362455887864471
Fusion-LSTM without derivatives,1,45,13,0.23648080750291783,0.9238733977891614
Fusion-LSTM without derivatives,1,45,14,0.2301647283989125,0.911324444556886
Fusion-LSTM without derivatives,1,45,15,0.2361213428874444,0.8643474513567219
Fusion-LSTM without derivatives,1,45,16,0.22448234107954768,0.8858967274739807
Fusion-LSTM without derivatives,1,45,17,0.22618757987447624,0.733892103442356
Fusion-LSTM without derivatives,1,45,18,0.2277449789888891,0.7280634109016735
Fusion-LSTM without derivatives,1,45,19,0.22339584717817998,0.8021146722247265
Fusion-LSTM without derivatives,1,45,20,0.2221016806503357,0.792273683368035
Fusion-LSTM without derivatives,1,45,21,0.22162072651940518,0.9851626511389854
Fusion-LSTM without derivatives,1,45,22,0.21276584370256496,1.1207786025147517
Fusion-LSTM without derivatives,1,45,23,0.21422982499974827,1.2581633120087958
Fusion-LSTM without derivatives,1,45,24,0.21009655113516404,1.4054091331593896
Fusion-LSTM without derivatives,1,45,25,0.20520230765748873,1.6994342597541194
Fusion-LSTM without derivatives,1,45,26,0.1958328452863963,1.995538883582851
Fusion-LSTM without derivatives,1,45,27,0.20999691931377332,2.3837510933416195
Fusion-LSTM without derivatives,1,45,28,0.19474751153115416,2.4164482693517857
Fusion-LSTM without derivatives,1,45,29,0.1904542437522027,0.9299817638592776
Fusion-LSTM without derivatives,1,45,30,0.19964598827659716,1.0773374701164804
Fusion-LSTM without derivatives,1,45,31,0.19714833515596566,0.9425447552193511
Fusion-LSTM without derivatives,1,45,32,0.20457062576089838,0.6504523761070624
Fusion-LSTM without derivatives,1,45,33,0.284262632458559,0.9497132140604205
Fusion-LSTM without derivatives,1,45,34,0.1985327307075299,1.204694380628363
Fusion-LSTM without derivatives,1,45,35,0.1899833817580236,1.3262661203460873
Fusion-LSTM without derivatives,1,45,36,0.18063559307090177,2.002280014225397
Fusion-LSTM without derivatives,1,45,37,0.19238025191965138,1.737829087196656
Fusion-LSTM without derivatives,1,45,38,0.1845056265409289,1.734027029595004
Fusion-LSTM without derivatives,1,45,39,0.18171439642432577,1.8989496161376342
Fusion-LSTM without derivatives,1,45,40,0.1671737420749547,2.8752398649132975
Fusion-LSTM without derivatives,1,45,41,0.17830586363761922,1.9115142026638898
Fusion-LSTM without derivatives,1,45,42,0.16479964413179535,2.6200912717839144
Fusion-LSTM without derivatives,1,45,43,0.1623705145324435,2.423640322916413
Fusion-LSTM without derivatives,1,45,44,0.16611727918206107,3.1075532520599896
Fusion-LSTM without derivatives,1,45,45,0.1762733877548286,1.4718079193645552
Fusion-LSTM without derivatives,1,45,46,0.15340826368053315,1.8485131161736492
Fusion-LSTM without derivatives,1,45,47,0.17010520134684784,2.2854148385894
Fusion-LSTM without derivatives,1,45,48,0.1560162145273272,1.8057782226661903
Fusion-LSTM without derivatives,1,45,49,0.14377744779962162,2.9900622017939322
Fusion-LSTM without derivatives,1,45,50,0.16029019750938792,2.390602734170276
Fusion-LSTM without derivatives,1,45,51,0.1509234560642112,2.1038834401943274
Fusion-LSTM without derivatives,1,45,52,0.15140855155179567,2.710090732674429
Fusion-LSTM without derivatives,1,45,53,0.1594620406774284,1.8188392556461837
Fusion-LSTM without derivatives,1,45,54,0.1618095684205474,2.0492301330544382
Fusion-LSTM without derivatives,1,45,55,0.15288991287698897,1.4360452213927917
Fusion-LSTM without derivatives,1,45,56,0.15209322720582782,2.486910733054597
Fusion-LSTM without derivatives,1,45,57,0.143477036953339,2.0636359593426845
Fusion-LSTM without derivatives,1,45,58,0.14233217389307926,2.8368520811395386
Fusion-LSTM without derivatives,1,45,59,0.1341296508999915,2.77033415178044
Fusion-LSTM without derivatives,1,45,60,0.1584823803854751,1.8451330809555244
Fusion-LSTM without derivatives,1,46,1,0.9845681856919039,0.5408378462121671
Fusion-LSTM without derivatives,1,46,2,0.4131257534760244,0.8153152787585428
Fusion-LSTM without derivatives,1,46,3,0.3376870562962794,0.42747472435923245
Fusion-LSTM without derivatives,1,46,4,0.3064682428687261,0.911996787730253
Fusion-LSTM without derivatives,1,46,5,0.29406067025177596,0.9461912939820899
Fusion-LSTM without derivatives,1,46,6,0.2825021193549495,0.7083375876929525
Fusion-LSTM without derivatives,1,46,7,0.2626816969442778,0.8149724581456534
Fusion-LSTM without derivatives,1,46,8,0.2667693468624082,0.45113519999341145
Fusion-LSTM without derivatives,1,46,9,0.23639898561170328,0.47320038823711547
Fusion-LSTM without derivatives,1,46,10,0.22916867328305965,1.2527988834357362
Fusion-LSTM without derivatives,1,46,11,0.2355067691918082,1.2107696876132887
Fusion-LSTM without derivatives,1,46,12,0.224384055146432,0.8846489040403621
Fusion-LSTM without derivatives,1,46,13,0.22227307162528254,0.7487636503433531
Fusion-LSTM without derivatives,1,46,14,0.21777758310201864,1.3989028659038074
Fusion-LSTM without derivatives,1,46,15,0.24591767337049505,0.6488188477369724
Fusion-LSTM without derivatives,1,46,16,0.22618533584757777,0.7236174247393569
Fusion-LSTM without derivatives,1,46,17,0.2860431753254758,0.46643531578641767
Fusion-LSTM without derivatives,1,46,18,0.23498122496725155,0.7566421526470524
Fusion-LSTM without derivatives,1,46,19,0.23428643270318944,0.9132508701748319
Fusion-LSTM without derivatives,1,46,20,0.21192415009125573,0.8624876637472546
Fusion-LSTM without derivatives,1,46,21,0.21375150786114794,1.0947712985662044
Fusion-LSTM without derivatives,1,46,22,0.21539992284657478,1.1108503406965007
Fusion-LSTM without derivatives,1,46,23,0.20783901126622273,0.8324624557102751
Fusion-LSTM without derivatives,1,46,24,0.21536486386006462,1.009558784980444
Fusion-LSTM without derivatives,1,46,25,0.21356262017366778,1.2508225074854038
Fusion-LSTM without derivatives,1,46,26,0.2091531274155204,1.5587812447198033
Fusion-LSTM without derivatives,1,46,27,0.19948690486350182,1.5594565728581677
Fusion-LSTM without derivatives,1,46,28,0.20435370972235703,1.9127196647086233
Fusion-LSTM without derivatives,1,46,29,0.2187522085610351,1.4627111954634044
Fusion-LSTM without derivatives,1,46,30,0.20235317627478935,2.157891519726947
Fusion-LSTM without derivatives,1,46,31,0.20739452725993457,0.8644361933322323
Fusion-LSTM without derivatives,1,46,32,0.2176745687170369,1.147544165702236
Fusion-LSTM without derivatives,1,46,33,0.2094701345721294,1.3112055759103793
Fusion-LSTM without derivatives,1,46,34,0.1981135056174256,1.4858897392729793
Fusion-LSTM without derivatives,1,46,35,0.19995595245343734,1.5383719565264833
Fusion-LSTM without derivatives,1,46,36,0.20453362612266823,1.6717679154604237
Fusion-LSTM without derivatives,1,46,37,0.20583738712880298,1.7458611208812747
Fusion-LSTM without derivatives,1,46,38,0.2050522256637998,1.8000589160549316
Fusion-LSTM without derivatives,1,46,39,0.20023612282152986,1.9115802854674417
Fusion-LSTM without derivatives,1,46,40,0.1965583670623188,2.0422403619817966
Fusion-LSTM without derivatives,1,46,41,0.2101521141011483,2.0419969203837014
Fusion-LSTM without derivatives,1,46,42,0.2550617193054009,1.090356970904883
Fusion-LSTM without derivatives,1,46,43,0.19648766281200072,1.0807730758277625
Fusion-LSTM without derivatives,1,46,44,0.2042770803634531,0.9191321349962452
Fusion-LSTM without derivatives,1,46,45,0.2077147128360591,0.6954135566293819
Fusion-LSTM without derivatives,1,46,46,0.19501662458697516,0.881207924148759
Fusion-LSTM without derivatives,1,46,47,0.20279286800898602,0.9311690843923787
Fusion-LSTM without derivatives,1,46,48,0.18665368952141184,1.1500237519604855
Fusion-LSTM without derivatives,1,46,49,0.20174989327879997,0.8411859754722886
Fusion-LSTM without derivatives,1,46,50,0.19838937961234085,0.9226032911294162
Fusion-LSTM without derivatives,1,46,51,0.19439465980541515,0.8651119501054662
Fusion-LSTM without derivatives,1,46,52,0.1988963411449653,1.0061196849546716
Fusion-LSTM without derivatives,1,46,53,0.1911198134461892,0.9266247550802661
Fusion-LSTM without derivatives,1,46,54,0.19048103246595,0.6638134770891951
Fusion-LSTM without derivatives,1,46,55,0.19474151109197482,0.8216936548613403
Fusion-LSTM without derivatives,1,46,56,0.18570808196603006,0.9554315030934051
Fusion-LSTM without derivatives,1,46,57,0.18346474988690747,0.9370405058487781
Fusion-LSTM without derivatives,1,46,58,0.18648152922132358,0.7598780581036454
Fusion-LSTM without derivatives,1,46,59,0.19738687853458328,0.824505411260283
Fusion-LSTM without derivatives,1,46,60,0.18560733056889542,0.9091913193675145
Fusion-LSTM without derivatives,1,47,1,1.0168264085956165,0.6933069137907129
Fusion-LSTM without derivatives,1,47,2,0.31043710817123543,0.8110614514575815
Fusion-LSTM without derivatives,1,47,3,0.2871877483629506,0.45983428856361835
Fusion-LSTM without derivatives,1,47,4,0.2769052095225523,0.3790388476704901
Fusion-LSTM without derivatives,1,47,5,0.2563864246725596,0.4613585400568864
Fusion-LSTM without derivatives,1,47,6,0.2426399022597375,0.7042030687570822
Fusion-LSTM without derivatives,1,47,7,0.24799900097820593,0.4999877375626714
Fusion-LSTM without derivatives,1,47,8,0.2319971770964572,0.6961982436400039
Fusion-LSTM without derivatives,1,47,9,0.2349385706041132,0.49042691576218456
Fusion-LSTM without derivatives,1,47,10,0.23320320065317704,0.35099963570478326
Fusion-LSTM without derivatives,1,47,11,0.23634644547365102,0.5175179643263607
Fusion-LSTM without derivatives,1,47,12,0.2357779797739355,0.6578979396907538
Fusion-LSTM without derivatives,1,47,13,0.2311611105155241,0.564469200978739
Fusion-LSTM without derivatives,1,47,14,0.22945385207255975,0.5712561046302443
Fusion-LSTM without derivatives,1,47,15,0.22564916594955167,0.6052507944483178
Fusion-LSTM without derivatives,1,47,16,0.22679979690473165,0.8323642666797219
Fusion-LSTM without derivatives,1,47,17,0.225186958377505,0.5785538910007577
Fusion-LSTM without derivatives,1,47,18,0.21859700660717296,1.0420588986866128
Fusion-LSTM without derivatives,1,47,19,0.22669692628937893,0.6303639989385315
Fusion-LSTM without derivatives,1,47,20,0.21651824692958396,0.6365640254015693
Fusion-LSTM without derivatives,1,47,21,0.21847328114773515,0.6990825181643419
Fusion-LSTM without derivatives,1,47,22,0.214256366350554,1.280986236638743
Fusion-LSTM without derivatives,1,47,23,0.2097891903451448,0.8928762500172391
Fusion-LSTM without derivatives,1,47,24,0.2185078707934892,0.8103295874233266
Fusion-LSTM without derivatives,1,47,25,0.21280698031003772,0.9654214507909941
Fusion-LSTM without derivatives,1,47,26,0.19661908118377314,0.9901044200051505
Fusion-LSTM without derivatives,1,47,27,0.21317386766494714,0.6858348368786166
Fusion-LSTM without derivatives,1,47,28,0.2204248001581335,0.6098611125531187
Fusion-LSTM without derivatives,1,47,29,0.20199364858139926,0.9432035069795525
Fusion-LSTM without derivatives,1,47,30,0.20116646908599364,0.7153986013285519
Fusion-LSTM without derivatives,1,47,31,0.1940552259063369,1.1868344079742141
Fusion-LSTM without derivatives,1,47,32,0.18525640761793613,0.8140736324107372
Fusion-LSTM without derivatives,1,47,33,0.19698441492308844,1.731451807188288
Fusion-LSTM without derivatives,1,47,34,0.18243239381949694,1.0962748951132193
Fusion-LSTM without derivatives,1,47,35,0.1896299301184998,1.375514233402861
Fusion-LSTM without derivatives,1,47,36,0.19956495437821486,0.5799821213012721
Fusion-LSTM without derivatives,1,47,37,0.1889729097687157,0.753277093609424
Fusion-LSTM without derivatives,1,47,38,0.18271275513506463,2.0523727899358706
Fusion-LSTM without derivatives,1,47,39,0.1838451133809553,0.6306824314113183
Fusion-LSTM without derivatives,1,47,40,0.17367505004485154,1.0521258209955018
Fusion-LSTM without derivatives,1,47,41,0.1799669323848769,1.0307351081345066
Fusion-LSTM without derivatives,1,47,42,0.17046076268287602,0.9152079395778024
Fusion-LSTM without derivatives,1,47,43,0.16421519888869657,1.4713305365333267
Fusion-LSTM without derivatives,1,47,44,0.16098575870452625,1.7499100231259
Fusion-LSTM without derivatives,1,47,45,0.15743898752467367,1.015952738599395
Fusion-LSTM without derivatives,1,47,46,0.15187541509063188,0.7779588801337238
Fusion-LSTM without derivatives,1,47,47,0.15046566952968435,1.9725856732077256
Fusion-LSTM without derivatives,1,47,48,0.16801216583905185,1.5048388933266983
Fusion-LSTM without derivatives,1,47,49,0.1589760547927678,1.4467530939532776
Fusion-LSTM without derivatives,1,47,50,0.1507610976054513,1.6934053850217685
Fusion-LSTM without derivatives,1,47,51,0.1427964380269854,2.018073290844196
Fusion-LSTM without derivatives,1,47,52,0.12598007470186054,2.3547238867722093
Fusion-LSTM without derivatives,1,47,53,0.14732911253547318,0.6118523134445807
Fusion-LSTM without derivatives,1,47,54,0.19455161276485353,0.5432307400410717
Fusion-LSTM without derivatives,1,47,55,0.15069340908989257,0.6195933535710696
Fusion-LSTM without derivatives,1,47,56,0.1285736563754111,0.5999296384529685
Fusion-LSTM without derivatives,1,47,57,0.13812368129452215,0.5244162586132998
Fusion-LSTM without derivatives,1,47,58,0.15885962407490717,1.257502918785723
Fusion-LSTM without derivatives,1,47,59,0.16008270944286537,1.6554480424849805
Fusion-LSTM without derivatives,1,47,60,0.15891253781421305,0.8211386572350934
Fusion-LSTM without derivatives,1,48,1,1.0482941935569745,0.5513960012787293
Fusion-LSTM without derivatives,1,48,2,0.37471396707887283,0.7374478312408399
Fusion-LSTM without derivatives,1,48,3,0.2812784600998349,0.5003764604060155
Fusion-LSTM without derivatives,1,48,4,0.2697026374375248,1.513766207066472
Fusion-LSTM without derivatives,1,48,5,0.27542784860469904,0.6687216015231934
Fusion-LSTM without derivatives,1,48,6,0.24954266584997248,1.0219022688188393
Fusion-LSTM without derivatives,1,48,7,0.2373823854352862,0.7442102560019843
Fusion-LSTM without derivatives,1,48,8,0.2352299989736095,0.7031864817381155
Fusion-LSTM without derivatives,1,48,9,0.23268179780589404,0.6751905111146923
Fusion-LSTM without derivatives,1,48,10,0.2319914703366208,0.47061179028492056
Fusion-LSTM without derivatives,1,48,11,0.22857997593038049,0.9815216008847115
Fusion-LSTM without derivatives,1,48,12,0.23099500433911843,1.5381024825997822
Fusion-LSTM without derivatives,1,48,13,0.22928241093220306,0.6206165922325362
Fusion-LSTM without derivatives,1,48,14,0.23280532662682282,0.6477661426462218
Fusion-LSTM without derivatives,1,48,15,0.21546840583412996,0.532630087132224
Fusion-LSTM without derivatives,1,48,16,0.21629860518823252,0.6700532336561185
Fusion-LSTM without derivatives,1,48,17,0.21072098755748508,0.5752886051089509
Fusion-LSTM without derivatives,1,48,18,0.2077811206398855,0.5990638325549271
Fusion-LSTM without derivatives,1,48,19,0.2069362560321484,0.857098183948039
Fusion-LSTM without derivatives,1,48,20,0.21289715544763965,0.6809431122971281
Fusion-LSTM without derivatives,1,48,21,0.23724082742816555,0.973946194791194
Fusion-LSTM without derivatives,1,48,22,0.20405729758343574,0.659516422378692
Fusion-LSTM without derivatives,1,48,23,0.23907776189759503,0.844054360997002
Fusion-LSTM without derivatives,1,48,24,0.22493168172801112,0.4955249261306267
Fusion-LSTM without derivatives,1,48,25,0.20129176224656356,1.3285603964353758
Fusion-LSTM without derivatives,1,48,26,0.2054330967779089,0.9717706098715214
Fusion-LSTM without derivatives,1,48,27,0.20224141656692618,0.9000360630843125
Fusion-LSTM without derivatives,1,48,28,0.19124985111448892,1.2642801113473545
Fusion-LSTM without derivatives,1,48,29,0.19568147752227819,0.8037019909615287
Fusion-LSTM without derivatives,1,48,30,0.1999224183890799,1.2945299169177529
Fusion-LSTM without derivatives,1,48,31,0.19604131975297118,1.4295443012310773
Fusion-LSTM without derivatives,1,48,32,0.19186937662361586,2.3785892496318937
Fusion-LSTM without derivatives,1,48,33,0.1907389696233827,1.708142884341176
Fusion-LSTM without derivatives,1,48,34,0.18044604795445376,2.6747289976296433
Fusion-LSTM without derivatives,1,48,35,0.17339736094920544,2.0171731874752843
Fusion-LSTM without derivatives,1,48,36,0.19113952579460167,0.7459899139916621
Fusion-LSTM without derivatives,1,48,37,0.19128040384689088,1.1766699841031238
Fusion-LSTM without derivatives,1,48,38,0.19128143352995938,2.111541765134789
Fusion-LSTM without derivatives,1,48,39,0.17684741752613956,1.247651016937112
Fusion-LSTM without derivatives,1,48,40,0.1850787766305283,1.3682590453129895
Fusion-LSTM without derivatives,1,48,41,0.18372002815848348,1.7142101006594095
Fusion-LSTM without derivatives,1,48,42,0.17035598475554772,1.9778628000360865
Fusion-LSTM without derivatives,1,48,43,0.16976401224494128,1.5742281916506384
Fusion-LSTM without derivatives,1,48,44,0.15863379391613627,2.1041474822494717
Fusion-LSTM without derivatives,1,48,45,0.16511781290081887,1.4186600610551345
Fusion-LSTM without derivatives,1,48,46,0.16966037050824323,1.3373046298072022
Fusion-LSTM without derivatives,1,48,47,0.1783264028171918,1.530550972533176
Fusion-LSTM without derivatives,1,48,48,0.17019862319637194,2.1348293575788193
Fusion-LSTM without derivatives,1,48,49,0.16982705448496385,2.2620836696597264
Fusion-LSTM without derivatives,1,48,50,0.16418183959681462,1.082697483431743
Fusion-LSTM without derivatives,1,48,51,0.16953782271708362,1.129076938427969
Fusion-LSTM without derivatives,1,48,52,0.1629580471843371,1.3154342624376405
Fusion-LSTM without derivatives,1,48,53,0.14885145723636448,1.4091530268859562
Fusion-LSTM without derivatives,1,48,54,0.15605185049852907,1.5726172357047878
Fusion-LSTM without derivatives,1,48,55,0.15688122913406344,1.3340156603003197
Fusion-LSTM without derivatives,1,48,56,0.14513539082083168,1.921161003934075
Fusion-LSTM without derivatives,1,48,57,0.14389925341031354,1.3665488941567623
Fusion-LSTM without derivatives,1,48,58,0.1533938950479837,1.363461923846034
Fusion-LSTM without derivatives,1,48,59,0.16132172669065248,1.5515094908809512
Fusion-LSTM without derivatives,1,48,60,0.1551260037249158,1.518790888867538
Fusion-LSTM without derivatives,1,49,1,1.0054525319134031,0.4735096133854904
Fusion-LSTM without derivatives,1,49,2,0.39941634980075036,0.6224737994575901
Fusion-LSTM without derivatives,1,49,3,0.32262034734383427,0.4115675598757822
Fusion-LSTM without derivatives,1,49,4,0.28110938439509964,0.41533658833123854
Fusion-LSTM without derivatives,1,49,5,0.25117584126388603,0.4949855222454611
Fusion-LSTM without derivatives,1,49,6,0.2456052860137428,0.5738372143115887
Fusion-LSTM without derivatives,1,49,7,0.2408088727832427,1.2443140995702404
Fusion-LSTM without derivatives,1,49,8,0.24402481438488977,0.8841137217213273
Fusion-LSTM without derivatives,1,49,9,0.24012278328302603,0.6309512118873356
Fusion-LSTM without derivatives,1,49,10,0.23476810568226514,0.6183338527034663
Fusion-LSTM without derivatives,1,49,11,0.25233299089973704,0.9265568435691938
Fusion-LSTM without derivatives,1,49,12,0.22333947375764998,2.0834757839046434
Fusion-LSTM without derivatives,1,49,13,0.22678880626278464,0.4392053878844659
Fusion-LSTM without derivatives,1,49,14,0.22498587474025336,0.4770344360663206
Fusion-LSTM without derivatives,1,49,15,0.2186802921113346,0.5734224074229255
Fusion-LSTM without derivatives,1,49,16,0.21778027568502767,0.6641380753938257
Fusion-LSTM without derivatives,1,49,17,0.2260742688970812,0.7005889646912021
Fusion-LSTM without derivatives,1,49,18,0.2209327718721838,0.5829387324192489
Fusion-LSTM without derivatives,1,49,19,0.2086613140404591,1.0364572758155737
Fusion-LSTM without derivatives,1,49,20,0.22037230146107198,0.895667035858961
Fusion-LSTM without derivatives,1,49,21,0.22676839178192074,0.8743531750456529
Fusion-LSTM without derivatives,1,49,22,0.19763619695569024,1.0912611226334512
Fusion-LSTM without derivatives,1,49,23,0.22553528557551009,0.769897221206869
Fusion-LSTM without derivatives,1,49,24,0.2061033083485648,1.1342217193709478
Fusion-LSTM without derivatives,1,49,25,0.2092250017369072,1.212513708195159
Fusion-LSTM without derivatives,1,49,26,0.20983262196971336,0.8136390594831927
Fusion-LSTM without derivatives,1,49,27,0.4146438149728458,0.9923266486051947
Fusion-LSTM without derivatives,1,49,28,0.3288671664462905,0.6794092831684109
Fusion-LSTM without derivatives,1,49,29,0.22833658142649965,0.633108434437206
Fusion-LSTM without derivatives,1,49,30,0.20601912724887458,0.5280863000724301
Fusion-LSTM without derivatives,1,49,31,0.20338777128290866,0.8149767192998272
Fusion-LSTM without derivatives,1,49,32,0.18786280230145905,0.9016113824892469
Fusion-LSTM without derivatives,1,49,33,0.18005244310161725,0.8474518349569924
Fusion-LSTM without derivatives,1,49,34,0.18714008316269368,0.7462290284659253
Fusion-LSTM without derivatives,1,49,35,0.1921521667001579,0.6864828202381449
Fusion-LSTM without derivatives,1,49,36,0.18020824904738023,0.7551623066414764
Fusion-LSTM without derivatives,1,49,37,0.178322172692781,0.8990603338622447
Fusion-LSTM without derivatives,1,49,38,0.17502041560624065,0.7642077401171066
Fusion-LSTM without derivatives,1,49,39,0.17831503731848128,0.8247467531223217
Fusion-LSTM without derivatives,1,49,40,0.17917035349620664,0.9210851901490046
Fusion-LSTM without derivatives,1,49,41,0.16884912210453626,1.5744245489844486
Fusion-LSTM without derivatives,1,49,42,0.17376844792055174,0.826950528567161
Fusion-LSTM without derivatives,1,49,43,0.15712660420938024,0.8894806423339704
Fusion-LSTM without derivatives,1,49,44,0.1638726827036704,0.9121167282193149
Fusion-LSTM without derivatives,1,49,45,0.17593820106242708,0.9175767029442314
Fusion-LSTM without derivatives,1,49,46,0.17628517673610908,0.928553724122591
Fusion-LSTM without derivatives,1,49,47,0.1572285153219181,0.9442412700187767
Fusion-LSTM without derivatives,1,49,48,0.18214138818109754,0.706567314010215
Fusion-LSTM without derivatives,1,49,49,0.16985760617721712,0.9173933776911637
Fusion-LSTM without derivatives,1,49,50,0.15915748219465126,0.9472518764412815
Fusion-LSTM without derivatives,1,49,51,0.15508763246503995,0.9751341344019402
Fusion-LSTM without derivatives,1,49,52,0.14757583612005648,1.00997599748508
Fusion-LSTM without derivatives,1,49,53,0.1610467885752629,1.078934436488264
Fusion-LSTM without derivatives,1,49,54,0.1514804229085296,1.0679674624529838
Fusion-LSTM without derivatives,1,49,55,0.14984781247406723,1.0652545526061419
Fusion-LSTM without derivatives,1,49,56,0.13981880626078755,1.0287254915164639
Fusion-LSTM without derivatives,1,49,57,0.15395629169994468,1.4005370503232915
Fusion-LSTM without derivatives,1,49,58,0.16699556460624693,0.9376744355818948
Fusion-LSTM without derivatives,1,49,59,0.1545988327352763,1.130296348576557
Fusion-LSTM without derivatives,1,49,60,0.14232420103869609,1.1060884328387224
Fusion-LSTM without derivatives,1,50,1,1.0362153323813998,0.5401067491972221
Fusion-LSTM without derivatives,1,50,2,0.35980302137569015,0.7469112849647894
Fusion-LSTM without derivatives,1,50,3,0.2935027755787745,0.43271523236103776
Fusion-LSTM without derivatives,1,50,4,0.2705519119825164,0.5537779431173137
Fusion-LSTM without derivatives,1,50,5,0.25430205788779525,0.8094873293390814
Fusion-LSTM without derivatives,1,50,6,0.24650474565348796,0.7817067561721902
Fusion-LSTM without derivatives,1,50,7,0.23854136723580543,1.1239610020563287
Fusion-LSTM without derivatives,1,50,8,0.23747231757215614,0.7719882557352133
Fusion-LSTM without derivatives,1,50,9,0.23781148013446898,0.7480435635371279
Fusion-LSTM without derivatives,1,50,10,0.24205420960799354,0.5046371518628402
Fusion-LSTM without derivatives,1,50,11,0.28323179543898114,0.5206643960573388
Fusion-LSTM without derivatives,1,50,12,0.24147111774957195,0.9841554161293952
Fusion-LSTM without derivatives,1,50,13,0.23296327170484032,1.8258976550222192
Fusion-LSTM without derivatives,1,50,14,0.22024445851570565,1.4331526238650896
Fusion-LSTM without derivatives,1,50,15,0.21603278713106083,1.795687711151391
Fusion-LSTM without derivatives,1,50,16,0.21020999226402973,0.6467066593233894
Fusion-LSTM without derivatives,1,50,17,0.21784376812157155,0.952919743970755
Fusion-LSTM without derivatives,1,50,18,0.21475777057484066,1.4673666325817567
Fusion-LSTM without derivatives,1,50,19,0.20978012985262337,1.7662705715815976
Fusion-LSTM without derivatives,1,50,20,0.2100938867415596,1.623541057094213
Fusion-LSTM without derivatives,1,50,21,0.21174543635944892,2.4880327989407807
Fusion-LSTM without derivatives,1,50,22,0.22851727420846768,1.0985966922102235
Fusion-LSTM without derivatives,1,50,23,0.21075493155956854,1.4519833784230225
Fusion-LSTM without derivatives,1,50,24,0.20324774790294056,1.9718643882989384
Fusion-LSTM without derivatives,1,50,25,0.22980242879628254,2.0848180889942736
Fusion-LSTM without derivatives,1,50,26,0.21296216340375856,2.371862487902619
Fusion-LSTM without derivatives,1,50,27,0.207006876978927,2.1737220944754734
Fusion-LSTM without derivatives,1,50,28,0.20623122474584193,2.7038941505819998
Fusion-LSTM without derivatives,1,50,29,0.28195277794847334,1.8266896258735057
Fusion-LSTM without derivatives,1,50,30,0.2057347484620295,2.8995298829156146
Fusion-LSTM without derivatives,1,50,31,0.19333307949086104,2.153193504664758
Fusion-LSTM without derivatives,1,50,32,0.19524692372862262,1.9173187836848464
Fusion-LSTM without derivatives,1,50,33,0.1950368389285652,0.7614803150202494
Fusion-LSTM without derivatives,1,50,34,0.20118214030547335,0.8842217099991484
Fusion-LSTM without derivatives,1,50,35,0.19824028601652288,0.9366129245530946
Fusion-LSTM without derivatives,1,50,36,0.19553747985782366,0.8781694272607252
Fusion-LSTM without derivatives,1,50,37,0.1911974045073414,0.9273284423151356
Fusion-LSTM without derivatives,1,50,38,0.19530188562611958,0.9075947662100852
Fusion-LSTM without derivatives,1,50,39,0.1891633653772713,1.0155432385859124
Fusion-LSTM without derivatives,1,50,40,0.19282646096445538,0.9501400246310284
Fusion-LSTM without derivatives,1,50,41,0.18505750819215916,1.0253128931902553
Fusion-LSTM without derivatives,1,50,42,0.18582444835046413,1.1623965765679531
Fusion-LSTM without derivatives,1,50,43,0.18030740055834088,1.1556676949102986
Fusion-LSTM without derivatives,1,50,44,0.18808838168816666,1.3083601334294308
Fusion-LSTM without derivatives,1,50,45,0.1747392366604758,1.5872659587088496
Fusion-LSTM without derivatives,1,50,46,0.16986405668003532,1.9000297544223395
Fusion-LSTM without derivatives,1,50,47,0.1736689794804044,2.246262905025851
Fusion-LSTM without derivatives,1,50,48,0.17888560891151428,1.084003541271048
Fusion-LSTM without derivatives,1,50,49,0.1705024332577892,1.1886376768186595
Fusion-LSTM without derivatives,1,50,50,0.1637592247308107,1.3413233974366694
Fusion-LSTM without derivatives,1,50,51,0.1689818009532539,1.5751502355931628
Fusion-LSTM without derivatives,1,50,52,0.17529524880178446,1.2735217731969286
Fusion-LSTM without derivatives,1,50,53,0.15656585655052577,1.9398257182461973
Fusion-LSTM without derivatives,1,50,54,0.16164530443456046,1.3247619781455717
Fusion-LSTM without derivatives,1,50,55,0.15853691792979305,0.9056991110097
Fusion-LSTM without derivatives,1,50,56,0.14867012014871447,0.8172769105487525
Fusion-LSTM without derivatives,1,50,57,0.17257005918363216,0.8152532256803859
Fusion-LSTM without derivatives,1,50,58,0.1650169143890836,0.8977610336487774
Fusion-LSTM without derivatives,1,50,59,0.15575289823398966,1.3085603669590358
Fusion-LSTM without derivatives,1,50,60,0.14865989165167526,2.1361648620611966
Fusion-LSTM without derivatives,1,51,1,0.9970002213234098,0.5367003625856256
Fusion-LSTM without derivatives,1,51,2,0.3661692059641248,0.3787961266700577
Fusion-LSTM without derivatives,1,51,3,0.2781629371027225,0.5904802596294155
Fusion-LSTM without derivatives,1,51,4,0.2853866216587991,0.4916768186809632
Fusion-LSTM without derivatives,1,51,5,0.3155928811683866,0.6095236691039063
Fusion-LSTM without derivatives,1,51,6,0.2645297951327332,0.6296149744677594
Fusion-LSTM without derivatives,1,51,7,0.25814978750869355,0.5294530289852895
Fusion-LSTM without derivatives,1,51,8,0.2577522398874182,0.7153034565083886
Fusion-LSTM without derivatives,1,51,9,0.23886153743422486,0.6448157164785597
Fusion-LSTM without derivatives,1,51,10,0.24140276911073946,1.266102196597953
Fusion-LSTM without derivatives,1,51,11,0.24058948495731142,0.7057154625654221
Fusion-LSTM without derivatives,1,51,12,0.22967934839399978,0.6321801599154182
Fusion-LSTM without derivatives,1,51,13,0.22650243275939758,0.8162131433529424
Fusion-LSTM without derivatives,1,51,14,0.22640289533035635,0.5461872411848864
Fusion-LSTM without derivatives,1,51,15,0.23316521599870474,0.5251108638520511
Fusion-LSTM without derivatives,1,51,16,0.2190873708488903,0.9613289870556045
Fusion-LSTM without derivatives,1,51,17,0.22148306314978947,0.6262298494702365
Fusion-LSTM without derivatives,1,51,18,0.20916916002939842,0.6051819652818784
Fusion-LSTM without derivatives,1,51,19,0.21872626607928328,1.9618541200643316
Fusion-LSTM without derivatives,1,51,20,0.20916178923324757,1.175956807390199
Fusion-LSTM without derivatives,1,51,21,0.21531492105122715,0.932639573167705
Fusion-LSTM without derivatives,1,51,22,0.2178661830970722,1.3535524617638477
Fusion-LSTM without derivatives,1,51,23,0.20323104098860775,0.4741917987914455
Fusion-LSTM without derivatives,1,51,24,0.19895897659061873,0.668687961042802
Fusion-LSTM without derivatives,1,51,25,0.20686773112705859,0.8487156719844047
Fusion-LSTM without derivatives,1,51,26,0.21596309412522802,1.0898519563849867
Fusion-LSTM without derivatives,1,51,27,0.19199521397899144,0.5476339624987708
Fusion-LSTM without derivatives,1,51,28,0.22425981688910013,0.8069364009913159
Fusion-LSTM without derivatives,1,51,29,0.19255233368163913,0.5523079790534213
Fusion-LSTM without derivatives,1,51,30,0.20737392621213366,0.8440599220978638
Fusion-LSTM without derivatives,1,51,31,0.2021388169217667,0.848655845477896
Fusion-LSTM without derivatives,1,51,32,0.2071171479911382,0.9212504436322478
Fusion-LSTM without derivatives,1,51,33,0.19084177133690242,1.326531964715422
Fusion-LSTM without derivatives,1,51,34,0.17956249262830576,2.168735328960219
Fusion-LSTM without derivatives,1,51,35,0.19188854617019716,1.414491486062044
Fusion-LSTM without derivatives,1,51,36,0.1972462941066512,1.260696064110697
Fusion-LSTM without derivatives,1,51,37,0.19248800029173987,1.5062190955680497
Fusion-LSTM without derivatives,1,51,38,0.18118553778195587,1.7156045639914788
Fusion-LSTM without derivatives,1,51,39,0.18405801058731983,1.6271561042442761
Fusion-LSTM without derivatives,1,51,40,0.18893927599671143,1.6410742451747258
Fusion-LSTM without derivatives,1,51,41,0.17068624610097352,2.7759509911327243
Fusion-LSTM without derivatives,1,51,42,0.21150108343414128,1.6968246516722802
Fusion-LSTM without derivatives,1,51,43,0.18043226857072825,1.7816800304475695
Fusion-LSTM without derivatives,1,51,44,0.17641061943982067,1.7649464035715197
Fusion-LSTM without derivatives,1,51,45,0.1798383683827677,1.4565012744106587
Fusion-LSTM without derivatives,1,51,46,0.1586274345935784,2.0088283743248545
Fusion-LSTM without derivatives,1,51,47,0.1527097428270225,2.475475628358513
Fusion-LSTM without derivatives,1,51,48,0.15840743738713448,2.1107817309395074
Fusion-LSTM without derivatives,1,51,49,0.16498640733158162,1.632819229608062
Fusion-LSTM without derivatives,1,51,50,0.14794610000844372,1.705606312262562
Fusion-LSTM without derivatives,1,51,51,0.15367181282055187,1.298660306857442
Fusion-LSTM without derivatives,1,51,52,0.18081123684275194,1.3850436773721277
Fusion-LSTM without derivatives,1,51,53,0.16538352461538633,1.010599963195169
Fusion-LSTM without derivatives,1,51,54,0.15787275223494457,1.7608417369409677
Fusion-LSTM without derivatives,1,51,55,0.1510688247569226,2.040188196741935
Fusion-LSTM without derivatives,1,51,56,0.15470468790842012,1.1881769047718127
Fusion-LSTM without derivatives,1,51,57,0.135336759409708,2.2106380300982944
Fusion-LSTM without derivatives,1,51,58,0.1449611283389698,1.6938391391820502
Fusion-LSTM without derivatives,1,51,59,0.18130170761952394,0.9684940119014284
Fusion-LSTM without derivatives,1,51,60,0.14794375075698632,1.6735197014216356
Fusion-LSTM without derivatives,2,42,1,1.0316661031125596,0.5890104239303658
Fusion-LSTM without derivatives,2,42,2,0.30438036423478454,1.4738043160469434
Fusion-LSTM without derivatives,2,42,3,0.21697536243907858,1.368439412400223
Fusion-LSTM without derivatives,2,42,4,0.231164636143746,0.7202053760333272
Fusion-LSTM without derivatives,2,42,5,0.1982442158240868,1.8083682973943571
Fusion-LSTM without derivatives,2,42,6,0.18361706233547637,3.1286791098137137
Fusion-LSTM without derivatives,2,42,7,0.1732500024948049,3.276061604141417
Fusion-LSTM without derivatives,2,42,8,0.169706603902631,3.5642713484139086
Fusion-LSTM without derivatives,2,42,9,0.16812950619459516,1.2708204802544083
Fusion-LSTM without derivatives,2,42,10,0.16067797375989354,1.04804012026501
Fusion-LSTM without derivatives,2,42,11,0.14692249618093828,2.242874635846131
Fusion-LSTM without derivatives,2,42,12,0.14707265738885916,3.4659621573051287
Fusion-LSTM without derivatives,2,42,13,0.13932386560094276,1.9174170177711525
Fusion-LSTM without derivatives,2,42,14,0.14306734675753777,0.9574200406219995
Fusion-LSTM without derivatives,2,42,15,0.15614721139054122,0.9570534452574718
Fusion-LSTM without derivatives,2,42,16,0.12759274758720893,1.0697519336630978
Fusion-LSTM without derivatives,2,42,17,0.1327078650267948,1.066773307910008
Fusion-LSTM without derivatives,2,42,18,0.13480546196047524,1.1065420141246483
Fusion-LSTM without derivatives,2,42,19,0.13005725409674398,0.9887841768969116
Fusion-LSTM without derivatives,2,42,20,0.12088757421024539,1.1153447126434637
Fusion-LSTM without derivatives,2,42,21,0.13333890520122485,1.045284802232895
Fusion-LSTM without derivatives,2,42,22,0.11971853418522023,1.0709523279229922
Fusion-LSTM without derivatives,2,42,23,0.10747093799036497,1.19737601281017
Fusion-LSTM without derivatives,2,42,24,0.09860432992583183,1.2098457025722087
Fusion-LSTM without derivatives,2,42,25,0.09860847486520162,1.168116244559124
Fusion-LSTM without derivatives,2,42,26,0.13799102030499252,1.0094750186525985
Fusion-LSTM without derivatives,2,42,27,0.10424524642150261,0.9777069233194975
Fusion-LSTM without derivatives,2,42,28,0.0994084171206213,1.2197650915703717
Fusion-LSTM without derivatives,2,42,29,0.0877002842297538,1.1306140799171918
Fusion-LSTM without derivatives,2,42,30,0.09206774340469179,1.1386000407838561
Fusion-LSTM without derivatives,2,42,31,0.08786087655697851,1.200362774839154
Fusion-LSTM without derivatives,2,42,32,0.0879668804608617,1.2536380022385039
Fusion-LSTM without derivatives,2,42,33,0.09601888829776375,1.2620089187135428
Fusion-LSTM without derivatives,2,42,34,0.08178592357349779,1.373038799703105
Fusion-LSTM without derivatives,2,42,35,0.08047918894082436,1.2350527517543803
Fusion-LSTM without derivatives,2,42,36,0.07956267431157595,1.0950920097368968
Fusion-LSTM without derivatives,2,42,37,0.07836394447357707,1.0828159902301129
Fusion-LSTM without derivatives,2,42,38,0.06951007918093756,1.3130267536442135
Fusion-LSTM without derivatives,2,42,39,0.07034318560892165,1.3046958427148323
Fusion-LSTM without derivatives,2,42,40,0.06522206506265656,1.3716381467465457
Fusion-LSTM without derivatives,2,42,41,0.10989243724246638,1.3541872415457274
Fusion-LSTM without derivatives,2,42,42,0.09434240143394267,1.388373899218761
Fusion-LSTM without derivatives,2,42,43,0.07863567825826764,1.4138450635820008
Fusion-LSTM without derivatives,2,42,44,0.10679071262197332,2.5777941835847065
Fusion-LSTM without derivatives,2,42,45,0.08374863689553076,1.3364585916598208
Fusion-LSTM without derivatives,2,42,46,0.07714285721689108,2.0302022061356975
Fusion-LSTM without derivatives,2,42,47,0.08049882681061905,1.6774686073027472
Fusion-LSTM without derivatives,2,42,48,0.08085314183973234,1.1240959022491848
Fusion-LSTM without derivatives,2,42,49,0.07348285867145318,1.7074203938245773
Fusion-LSTM without derivatives,2,42,50,0.06375200703591426,2.1061652119856804
Fusion-LSTM without derivatives,2,42,51,0.07256300167148248,1.152305512381295
Fusion-LSTM without derivatives,2,42,52,0.05780756367213847,1.5273350449540446
Fusion-LSTM without derivatives,2,42,53,0.06136482951698381,1.5741967905803582
Fusion-LSTM without derivatives,2,42,54,0.07557090628372322,1.5178573681101943
Fusion-LSTM without derivatives,2,42,55,0.06098022251767331,1.3191827680215593
Fusion-LSTM without derivatives,2,42,56,0.053613585368307314,1.3902408211908381
Fusion-LSTM without derivatives,2,42,57,0.05395890464398971,1.8375372618404628
Fusion-LSTM without derivatives,2,42,58,0.06195305437723596,1.3727071416236412
Fusion-LSTM without derivatives,2,42,59,0.06155454580593198,1.6671544184373213
Fusion-LSTM without derivatives,2,42,60,0.04765157043334553,2.443460592722468
Fusion-LSTM without derivatives,2,43,1,0.9839727412557399,0.5035537676342621
Fusion-LSTM without derivatives,2,43,2,0.3366699231644362,0.5432843593136281
Fusion-LSTM without derivatives,2,43,3,0.268925136859863,0.6588084053159661
Fusion-LSTM without derivatives,2,43,4,0.23538461087826618,0.7334985747032238
Fusion-LSTM without derivatives,2,43,5,0.20444235548894626,2.058181939996602
Fusion-LSTM without derivatives,2,43,6,0.20070378296190758,0.7764350968185756
Fusion-LSTM without derivatives,2,43,7,0.1882769091101335,0.7792624306118772
Fusion-LSTM without derivatives,2,43,8,0.17740064695940594,0.8232117599845898
Fusion-LSTM without derivatives,2,43,9,0.1937226925197351,0.8358989298408026
Fusion-LSTM without derivatives,2,43,10,0.1653356120162879,0.8369054217253596
Fusion-LSTM without derivatives,2,43,11,0.1639798610294686,0.8718637282402932
Fusion-LSTM without derivatives,2,43,12,0.16441493658014072,0.9151818665392198
Fusion-LSTM without derivatives,2,43,13,0.14741015332109095,0.9366524134064597
Fusion-LSTM without derivatives,2,43,14,0.15219402255798026,1.0304955987030435
Fusion-LSTM without derivatives,2,43,15,0.14446598307969075,1.125800113328461
Fusion-LSTM without derivatives,2,43,16,0.14324253309906293,1.1507124335024321
Fusion-LSTM without derivatives,2,43,17,0.13202855530683585,1.28340865707037
Fusion-LSTM without derivatives,2,43,18,0.12102228351899903,2.697597038539903
Fusion-LSTM without derivatives,2,43,19,0.12223884212091511,0.8663354011707121
Fusion-LSTM without derivatives,2,43,20,0.13684101321942774,0.8511076943755761
Fusion-LSTM without derivatives,2,43,21,0.1187992454821438,0.8879003463017293
Fusion-LSTM without derivatives,2,43,22,0.10923548544019843,0.9641180832434816
Fusion-LSTM without derivatives,2,43,23,0.12331224671956027,0.9345455006575594
Fusion-LSTM without derivatives,2,43,24,0.111475497270247,1.1327617312288696
Fusion-LSTM without derivatives,2,43,25,0.12653242726285308,1.0848846981064548
Fusion-LSTM without derivatives,2,43,26,0.11328433938029334,1.0666034343304438
Fusion-LSTM without derivatives,2,43,27,0.11682558653673009,1.9584626073649327
Fusion-LSTM without derivatives,2,43,28,0.10368643357378182,1.1278517193303768
Fusion-LSTM without derivatives,2,43,29,0.10379210702330328,1.3634769156349915
Fusion-LSTM without derivatives,2,43,30,0.08694097416538979,1.170060384117437
Fusion-LSTM without derivatives,2,43,31,0.10419503500881462,1.1130995664978902
Fusion-LSTM without derivatives,2,43,32,0.09535214387556898,1.2123974599346485
Fusion-LSTM without derivatives,2,43,33,0.08679958766622561,1.5746332342629814
Fusion-LSTM without derivatives,2,43,34,0.08669102945155592,1.193766539574442
Fusion-LSTM without derivatives,2,43,35,0.08624926703885007,1.6059515094364436
Fusion-LSTM without derivatives,2,43,36,0.10399252359711637,1.0570072860539474
Fusion-LSTM without derivatives,2,43,37,0.10330930144720728,1.728598912707158
Fusion-LSTM without derivatives,2,43,38,0.08933566978324993,1.0840252650012594
Fusion-LSTM without derivatives,2,43,39,0.08492010221620801,1.3442937901995866
Fusion-LSTM without derivatives,2,43,40,0.08309509211982045,1.3774103408047755
Fusion-LSTM without derivatives,2,43,41,0.08582544785122331,1.128662691369012
Fusion-LSTM without derivatives,2,43,42,0.08326559618687498,1.2753263212434673
Fusion-LSTM without derivatives,2,43,43,0.09900048972629033,1.116651046771725
Fusion-LSTM without derivatives,2,43,44,0.08496222934826964,1.6678071936862
Fusion-LSTM without derivatives,2,43,45,0.08313855982631317,1.2890133438692237
Fusion-LSTM without derivatives,2,43,46,0.07983987829276223,1.4482977465116953
Fusion-LSTM without derivatives,2,43,47,0.0670455027786512,1.92733826222739
Fusion-LSTM without derivatives,2,43,48,0.06796809897439113,2.2242847759091573
Fusion-LSTM without derivatives,2,43,49,0.06578862231217965,1.7222025853543508
Fusion-LSTM without derivatives,2,43,50,0.06988746679565624,1.7103258410939388
Fusion-LSTM without derivatives,2,43,51,0.06841949138496387,1.6775839025915056
Fusion-LSTM without derivatives,2,43,52,0.06992452701305123,1.3973283488504573
Fusion-LSTM without derivatives,2,43,53,0.0731552926605564,1.298973295181893
Fusion-LSTM without derivatives,2,43,54,0.0810312948522818,1.4292509448483233
Fusion-LSTM without derivatives,2,43,55,0.07479472211371974,1.6182341450105218
Fusion-LSTM without derivatives,2,43,56,0.06930625408951427,1.8015917391228624
Fusion-LSTM without derivatives,2,43,57,0.05956320907343985,1.2451739970793405
Fusion-LSTM without derivatives,2,43,58,0.07193503537573406,1.077810208630732
Fusion-LSTM without derivatives,2,43,59,0.0705595243154525,1.196933398573769
Fusion-LSTM without derivatives,2,43,60,0.06783875242661115,1.2845789703095964
Fusion-LSTM without derivatives,2,44,1,1.0057484217165158,0.6773935822572873
Fusion-LSTM without derivatives,2,44,2,0.3185816888835356,1.5111183723672161
Fusion-LSTM without derivatives,2,44,3,0.24647859910288503,1.8086669763336944
Fusion-LSTM without derivatives,2,44,4,0.20156542002464634,1.211534726133743
Fusion-LSTM without derivatives,2,44,5,0.19561159488615068,2.504638735727924
Fusion-LSTM without derivatives,2,44,6,0.18258853553522475,2.203916694864341
Fusion-LSTM without derivatives,2,44,7,0.1749067615438423,1.9044697047824737
Fusion-LSTM without derivatives,2,44,8,0.1582524202841219,2.098039882502983
Fusion-LSTM without derivatives,2,44,9,0.16544810386623174,1.5983884433047046
Fusion-LSTM without derivatives,2,44,10,0.158885443873708,0.8681891686232764
Fusion-LSTM without derivatives,2,44,11,0.14424873880774128,1.0542093617429245
Fusion-LSTM without derivatives,2,44,12,0.1323799630678114,1.4003057136938588
Fusion-LSTM without derivatives,2,44,13,0.1330614150078975,1.5304607121398588
Fusion-LSTM without derivatives,2,44,14,0.12854352752898868,1.6467583829750252
Fusion-LSTM without derivatives,2,44,15,0.15542921424366074,1.038392153013393
Fusion-LSTM without derivatives,2,44,16,0.13634692522482056,1.0348246956171698
Fusion-LSTM without derivatives,2,44,17,0.12283169972613263,0.9487867445421464
Fusion-LSTM without derivatives,2,44,18,0.12346495811627141,1.239775717910178
Fusion-LSTM without derivatives,2,44,19,0.11777687725644516,1.266418850351101
Fusion-LSTM without derivatives,2,44,20,0.108056554991904,1.6293770141626023
Fusion-LSTM without derivatives,2,44,21,0.10438667025955112,1.2782659584467277
Fusion-LSTM without derivatives,2,44,22,0.0971704340976306,2.098657909696258
Fusion-LSTM without derivatives,2,44,23,0.0917969082994642,1.8171670598905236
Fusion-LSTM without derivatives,2,44,24,0.08531495814349577,1.2576459367833952
Fusion-LSTM without derivatives,2,44,25,0.33448627413608617,0.8685080517630533
Fusion-LSTM without derivatives,2,44,26,0.10783295594167139,1.0677230455198568
Fusion-LSTM without derivatives,2,44,27,0.10451678285405884,0.9890609565824592
Fusion-LSTM without derivatives,2,44,28,0.0921791842199367,1.1454139526482856
Fusion-LSTM without derivatives,2,44,29,0.09468755870262964,1.0864646327611438
Fusion-LSTM without derivatives,2,44,30,0.08813331807843801,1.2194235852997968
Fusion-LSTM without derivatives,2,44,31,0.08446270563752639,1.199717960360643
Fusion-LSTM without derivatives,2,44,32,0.07257235752580952,1.2259598163481535
Fusion-LSTM without derivatives,2,44,33,0.08736566763534678,1.157332007863738
Fusion-LSTM without derivatives,2,44,34,0.07163552174856574,1.2209634336906428
Fusion-LSTM without derivatives,2,44,35,0.07980633920199356,1.1464255018960323
Fusion-LSTM without derivatives,2,44,36,0.0725576360003386,1.2128701949126004
Fusion-LSTM without derivatives,2,44,37,0.08507736296932701,1.19247005004476
Fusion-LSTM without derivatives,2,44,38,0.10627513240380378,1.280132417512764
Fusion-LSTM without derivatives,2,44,39,0.09767999519559394,1.2557128481969204
Fusion-LSTM without derivatives,2,44,40,0.08414711740088128,1.3403320850776288
Fusion-LSTM without derivatives,2,44,41,0.09917093521707092,1.0928272861448272
Fusion-LSTM without derivatives,2,44,42,0.08033495842655672,1.2882424096936926
Fusion-LSTM without derivatives,2,44,43,0.07660130375461616,1.3757607495939241
Fusion-LSTM without derivatives,2,44,44,0.07715831896333315,1.4171334451253548
Fusion-LSTM without derivatives,2,44,45,0.07222352686322803,1.6367345652170882
Fusion-LSTM without derivatives,2,44,46,0.06305397820864997,1.2414877261186006
Fusion-LSTM without derivatives,2,44,47,0.062413622970800074,1.3095291711341743
Fusion-LSTM without derivatives,2,44,48,0.06816316624373506,1.243382029645708
Fusion-LSTM without derivatives,2,44,49,0.06902934777244499,1.3578858967733691
Fusion-LSTM without derivatives,2,44,50,0.06696137480805517,1.0562192716959615
Fusion-LSTM without derivatives,2,44,51,0.08107737186469824,1.1932406196688536
Fusion-LSTM without derivatives,2,44,52,0.058081061070209446,1.3582068887855012
Fusion-LSTM without derivatives,2,44,53,0.06136301218463638,1.3417549089289251
Fusion-LSTM without derivatives,2,44,54,0.05458937637112912,1.368234285219828
Fusion-LSTM without derivatives,2,44,55,0.06221442386090283,1.3165920493323717
Fusion-LSTM without derivatives,2,44,56,0.0543612234023701,1.4006616306002402
Fusion-LSTM without derivatives,2,44,57,0.05231591803745334,1.3857822247115055
Fusion-LSTM without derivatives,2,44,58,0.05615766380336374,1.440353999831603
Fusion-LSTM without derivatives,2,44,59,0.062207902228036335,1.3857008396782642
Fusion-LSTM without derivatives,2,44,60,0.04592693777880328,1.35530717005917
Fusion-LSTM without derivatives,2,45,1,1.0408479588050656,1.781576204505904
Fusion-LSTM without derivatives,2,45,2,0.3257622136203782,1.002424358871019
Fusion-LSTM without derivatives,2,45,3,0.22392169634501138,0.9754601265454653
Fusion-LSTM without derivatives,2,45,4,0.20111644240794277,2.4522565496566484
Fusion-LSTM without derivatives,2,45,5,0.18632001088027508,1.5796634400380096
Fusion-LSTM without derivatives,2,45,6,0.183040349967301,1.2267027835222866
Fusion-LSTM without derivatives,2,45,7,0.17356475404963706,1.3282653228349615
Fusion-LSTM without derivatives,2,45,8,0.17556494252845908,1.2651394988625404
Fusion-LSTM without derivatives,2,45,9,0.156635726623278,2.1844922631785884
Fusion-LSTM without derivatives,2,45,10,0.14904623879783768,1.5026161240747693
Fusion-LSTM without derivatives,2,45,11,0.14160908160232902,1.802473836210325
Fusion-LSTM without derivatives,2,45,12,0.14907446501823113,1.2348161996392528
Fusion-LSTM without derivatives,2,45,13,0.15141153315594108,1.5334360631460375
Fusion-LSTM without derivatives,2,45,14,0.13940089037057324,1.572340428426894
Fusion-LSTM without derivatives,2,45,15,0.14355175206205018,1.3442952763852432
Fusion-LSTM without derivatives,2,45,16,0.13238611426896835,3.147280783201397
Fusion-LSTM without derivatives,2,45,17,0.1313979370538815,1.7904969734696925
Fusion-LSTM without derivatives,2,45,18,0.13362927657326754,1.7986260360311999
Fusion-LSTM without derivatives,2,45,19,0.1375192516936826,1.7094163296032159
Fusion-LSTM without derivatives,2,45,20,0.11543516850037674,2.729145917446065
Fusion-LSTM without derivatives,2,45,21,0.113649452459873,1.9065516431922531
Fusion-LSTM without derivatives,2,45,22,0.1127186523050088,1.7694525613206122
Fusion-LSTM without derivatives,2,45,23,0.10199163835067222,2.4685922071225055
Fusion-LSTM without derivatives,2,45,24,0.1031010585640132,2.8492916432766497
Fusion-LSTM without derivatives,2,45,25,0.1327458668788492,1.8834050947852579
Fusion-LSTM without derivatives,2,45,26,0.10915195449305917,1.2546697005098504
Fusion-LSTM without derivatives,2,45,27,0.09477231900805311,1.2582925416159063
Fusion-LSTM without derivatives,2,45,28,0.09895865334053726,0.888263051866777
Fusion-LSTM without derivatives,2,45,29,0.10625980593749912,1.0149507519686454
Fusion-LSTM without derivatives,2,45,30,0.09249926776620108,1.1471427814857973
Fusion-LSTM without derivatives,2,45,31,0.10486531606549028,1.0384130799623918
Fusion-LSTM without derivatives,2,45,32,0.09756960075786751,1.0967805382129827
Fusion-LSTM without derivatives,2,45,33,0.0792746928920328,1.1162987958084687
Fusion-LSTM without derivatives,2,45,34,0.10138751573617741,1.2155190641241507
Fusion-LSTM without derivatives,2,45,35,0.08132678789292655,1.265016693951759
Fusion-LSTM without derivatives,2,45,36,0.0729957913201232,1.2755715355566717
Fusion-LSTM without derivatives,2,45,37,0.07963247262032239,1.5946098592285203
Fusion-LSTM without derivatives,2,45,38,0.07262455907495355,1.325541737833368
Fusion-LSTM without derivatives,2,45,39,0.08400639810807671,1.829896321693198
Fusion-LSTM without derivatives,2,45,40,0.09332609839060915,1.0333429907265543
Fusion-LSTM without derivatives,2,45,41,0.06928668513957645,1.1472638197017926
Fusion-LSTM without derivatives,2,45,42,0.08124592213787588,1.0666283817547444
Fusion-LSTM without derivatives,2,45,43,0.06350933469288246,1.0381600138435612
Fusion-LSTM without derivatives,2,45,44,0.06484001710565987,1.2605610310580766
Fusion-LSTM without derivatives,2,45,45,0.07700903449814238,1.3386007512056672
Fusion-LSTM without derivatives,2,45,46,0.06849246008104845,1.2487711703030646
Fusion-LSTM without derivatives,2,45,47,0.0647069773115195,1.046699165565728
Fusion-LSTM without derivatives,2,45,48,0.09094492946725877,1.002161410856453
Fusion-LSTM without derivatives,2,45,49,0.06861734585036307,1.1725771193821024
Fusion-LSTM without derivatives,2,45,50,0.08820182934989682,1.0330371247085524
Fusion-LSTM without derivatives,2,45,51,0.0864515100710212,1.2507534828358864
Fusion-LSTM without derivatives,2,45,52,0.1073565978345749,1.25315222472403
Fusion-LSTM without derivatives,2,45,53,0.09403408997528151,1.2655565204263763
Fusion-LSTM without derivatives,2,45,54,0.07660420425122719,1.2904633252678306
Fusion-LSTM without derivatives,2,45,55,0.07609757003734782,1.2626167358408158
Fusion-LSTM without derivatives,2,45,56,0.06651832896246734,1.2631417662971383
Fusion-LSTM without derivatives,2,45,57,0.0532419713918349,1.3713905716246522
Fusion-LSTM without derivatives,2,45,58,0.05849535450354073,1.4009544742605438
Fusion-LSTM without derivatives,2,45,59,0.05837254782035915,1.3540021305336551
Fusion-LSTM without derivatives,2,45,60,0.05366710249259659,1.2751270709378286
Fusion-LSTM without derivatives,2,46,1,0.9855173116119659,0.631724612759205
Fusion-LSTM without derivatives,2,46,2,0.42208850536311565,0.47042230486097397
Fusion-LSTM without derivatives,2,46,3,0.2686430462281345,0.6773729397881109
Fusion-LSTM without derivatives,2,46,4,0.23523299083213556,0.6870108172176788
Fusion-LSTM without derivatives,2,46,5,0.20365814992784545,0.7844996631837432
Fusion-LSTM without derivatives,2,46,6,0.21110973186168927,0.7182688238441172
Fusion-LSTM without derivatives,2,46,7,0.20205246334320012,0.9129667544725389
Fusion-LSTM without derivatives,2,46,8,0.17825163210050352,0.9967468196514101
Fusion-LSTM without derivatives,2,46,9,0.15431991607145992,1.0626091955603778
Fusion-LSTM without derivatives,2,46,10,0.16536076383246365,0.7723494204239956
Fusion-LSTM without derivatives,2,46,11,0.16993772293203202,0.7980128385742108
Fusion-LSTM without derivatives,2,46,12,0.15347726384290175,0.871601787297212
Fusion-LSTM without derivatives,2,46,13,0.16152971565024218,0.8626520555048023
Fusion-LSTM without derivatives,2,46,14,0.13922526046751768,0.8789565665747963
Fusion-LSTM without derivatives,2,46,15,0.1480067676088746,0.9334559361058132
Fusion-LSTM without derivatives,2,46,16,0.1396291917922074,0.8581941387541673
Fusion-LSTM without derivatives,2,46,17,0.13172155260213406,0.9565818008753525
Fusion-LSTM without derivatives,2,46,18,0.12573475924154232,0.9623339055996131
Fusion-LSTM without derivatives,2,46,19,0.1287382116313118,0.9841822876914789
Fusion-LSTM without derivatives,2,46,20,0.12421952144428407,0.9350276076220797
Fusion-LSTM without derivatives,2,46,21,0.11888677590412566,1.0252436339155193
Fusion-LSTM without derivatives,2,46,22,0.12830900153432365,1.1439734603405063
Fusion-LSTM without derivatives,2,46,23,0.1507643810101648,0.9597988790615218
Fusion-LSTM without derivatives,2,46,24,0.11808995268943831,0.9331418887780453
Fusion-LSTM without derivatives,2,46,25,0.12504619971998285,1.0736474305075507
Fusion-LSTM without derivatives,2,46,26,0.10606357223416141,1.0128117068399138
Fusion-LSTM without derivatives,2,46,27,0.11882279853244006,0.9539682092813908
Fusion-LSTM without derivatives,2,46,28,0.11466481377263392,1.000458884740361
Fusion-LSTM without derivatives,2,46,29,0.09840284744680546,1.0274494189510552
Fusion-LSTM without derivatives,2,46,30,0.11403226496459942,0.9801919567916687
Fusion-LSTM without derivatives,2,46,31,0.10031228210994977,0.9740164751512829
Fusion-LSTM without derivatives,2,46,32,0.09250241425399153,0.9664945486072073
Fusion-LSTM without derivatives,2,46,33,0.08836232634269196,1.0221786826716226
Fusion-LSTM without derivatives,2,46,34,0.08148936811144453,1.0608719144781877
Fusion-LSTM without derivatives,2,46,35,0.08677270002368018,1.057308645425143
Fusion-LSTM without derivatives,2,46,36,0.07920813226322079,1.090607685455097
Fusion-LSTM without derivatives,2,46,37,0.08259256380240704,1.158894408380836
Fusion-LSTM without derivatives,2,46,38,0.08471682151049684,1.0616015002350716
Fusion-LSTM without derivatives,2,46,39,0.07896872836186129,1.0994625622999994
Fusion-LSTM without derivatives,2,46,40,0.07163148403331174,1.1653758859041612
Fusion-LSTM without derivatives,2,46,41,0.07395390760083158,1.1826567011127262
Fusion-LSTM without derivatives,2,46,42,0.07652313842867785,1.1795533481835978
Fusion-LSTM without derivatives,2,46,43,0.07804124109349954,1.2010510130582999
Fusion-LSTM without derivatives,2,46,44,0.06412284995653678,1.1727142941373145
Fusion-LSTM without derivatives,2,46,45,0.06902892345257244,1.2669035205532058
Fusion-LSTM without derivatives,2,46,46,0.06854796381003242,1.2126733919204067
Fusion-LSTM without derivatives,2,46,47,0.07511286101985602,1.2459563916131953
Fusion-LSTM without derivatives,2,46,48,0.08594487118946205,1.1920551097072807
Fusion-LSTM without derivatives,2,46,49,0.08441537156125609,1.2939569580873582
Fusion-LSTM without derivatives,2,46,50,0.06675809710346149,1.3386103705086667
Fusion-LSTM without derivatives,2,46,51,0.05971653768276293,1.2350544646004171
Fusion-LSTM without derivatives,2,46,52,0.07828151638518013,1.3506556931736258
Fusion-LSTM without derivatives,2,46,53,0.06124819791095421,1.3202267790919262
Fusion-LSTM without derivatives,2,46,54,0.06439953488209793,1.2352232600795607
Fusion-LSTM without derivatives,2,46,55,0.06308961936512747,1.4084483674771633
Fusion-LSTM without derivatives,2,46,56,0.07274322572693746,1.4246238458974056
Fusion-LSTM without derivatives,2,46,57,0.06788182302760068,1.3627781526992182
Fusion-LSTM without derivatives,2,46,58,0.057562140772876254,1.3749338287103832
Fusion-LSTM without derivatives,2,46,59,0.05515914726908739,1.3615116231207842
Fusion-LSTM without derivatives,2,46,60,0.0504263661243362,1.4640021040154616
Fusion-LSTM without derivatives,2,47,1,1.0120028124612543,0.8354594048362056
Fusion-LSTM without derivatives,2,47,2,0.29834238370332244,0.594131504276015
Fusion-LSTM without derivatives,2,47,3,0.24461475490052695,0.8827043383685996
Fusion-LSTM without derivatives,2,47,4,0.1972852597724803,0.7350177437662435
Fusion-LSTM without derivatives,2,47,5,0.2004458759522598,0.7204949086648663
Fusion-LSTM without derivatives,2,47,6,0.17796730661014462,0.7996216479841757
Fusion-LSTM without derivatives,2,47,7,0.17432380852214016,0.8291450938286328
Fusion-LSTM without derivatives,2,47,8,0.1687930239674378,0.8341497499455515
Fusion-LSTM without derivatives,2,47,9,0.15731790448419208,0.8534583018943829
Fusion-LSTM without derivatives,2,47,10,0.15240490648754754,0.9430281558812276
Fusion-LSTM without derivatives,2,47,11,0.16590879578654139,0.7600746794762673
Fusion-LSTM without derivatives,2,47,12,0.1902402694871119,0.7128827496397573
Fusion-LSTM without derivatives,2,47,13,0.14754662202134283,0.7993163209223464
Fusion-LSTM without derivatives,2,47,14,0.14762820080058883,0.9733433953162532
Fusion-LSTM without derivatives,2,47,15,0.1350232457457193,1.0796012424704966
Fusion-LSTM without derivatives,2,47,16,0.1428058826836197,1.9305566415415985
Fusion-LSTM without derivatives,2,47,17,0.1316795187986965,2.0516084291153542
Fusion-LSTM without derivatives,2,47,18,0.1279767411264394,2.949625847760596
Fusion-LSTM without derivatives,2,47,19,0.11745212691802574,2.5632867384581277
Fusion-LSTM without derivatives,2,47,20,0.1340067348034915,1.0447096580943218
Fusion-LSTM without derivatives,2,47,21,0.12238023922728156,1.6812190617038416
Fusion-LSTM without derivatives,2,47,22,0.13220167279897269,1.177341455191406
Fusion-LSTM without derivatives,2,47,23,0.12213547956391416,1.1020749055581331
Fusion-LSTM without derivatives,2,47,24,0.12307123980603517,1.089699119647269
Fusion-LSTM without derivatives,2,47,25,0.1124093163347622,1.1769602859058854
Fusion-LSTM without derivatives,2,47,26,0.11526775174864468,1.2631324887181155
Fusion-LSTM without derivatives,2,47,27,0.13078354894751676,0.7571851211573856
Fusion-LSTM without derivatives,2,47,28,0.12454071517700033,1.0107640010902164
Fusion-LSTM without derivatives,2,47,29,0.10474351688647401,1.0720932905644693
Fusion-LSTM without derivatives,2,47,30,0.09916090446772334,1.185387426765523
Fusion-LSTM without derivatives,2,47,31,0.0923201024446053,1.128146056620883
Fusion-LSTM without derivatives,2,47,32,0.0861569200719024,1.2233106923555115
Fusion-LSTM without derivatives,2,47,33,0.09311013284668844,1.176643695235735
Fusion-LSTM without derivatives,2,47,34,0.07834644985001019,1.2128872274839546
Fusion-LSTM without derivatives,2,47,35,0.07674043354893866,1.2064998648903829
Fusion-LSTM without derivatives,2,47,36,0.09535017130370912,1.2580563523081236
Fusion-LSTM without derivatives,2,47,37,0.0855062283679961,1.2483421612538992
Fusion-LSTM without derivatives,2,47,38,0.0869136865203661,1.1684252885904476
Fusion-LSTM without derivatives,2,47,39,0.08348681549056411,1.3072926070195166
Fusion-LSTM without derivatives,2,47,40,0.07105653197376885,1.3214480366525652
Fusion-LSTM without derivatives,2,47,41,0.06213744418841141,1.3195361028630066
Fusion-LSTM without derivatives,2,47,42,0.07015656929696971,1.3753956493058646
Fusion-LSTM without derivatives,2,47,43,0.09924122528612868,1.377949316526907
Fusion-LSTM without derivatives,2,47,44,0.08166733312623156,1.2361167558503074
Fusion-LSTM without derivatives,2,47,45,0.07326993563693156,1.3282575867466677
Fusion-LSTM without derivatives,2,47,46,0.05645215092354558,1.3783468449361684
Fusion-LSTM without derivatives,2,47,47,0.06278011535571311,1.4200288489094852
Fusion-LSTM without derivatives,2,47,48,0.07383432172225773,1.4595567068219846
Fusion-LSTM without derivatives,2,47,49,0.0729903661436529,1.4372623311536745
Fusion-LSTM without derivatives,2,47,50,0.05455024776972335,1.4057406137856308
Fusion-LSTM without derivatives,2,47,51,0.059511069554579035,1.3800826236830932
Fusion-LSTM without derivatives,2,47,52,0.05633940405594293,1.4506137709547695
Fusion-LSTM without derivatives,2,47,53,0.050922860197909064,1.5066792680243268
Fusion-LSTM without derivatives,2,47,54,0.08090886363100162,1.1781198474393502
Fusion-LSTM without derivatives,2,47,55,0.07903171118489585,1.3431102632812464
Fusion-LSTM without derivatives,2,47,56,0.06152294789560679,1.3714786455031187
Fusion-LSTM without derivatives,2,47,57,0.06601625553554742,1.34039714799683
Fusion-LSTM without derivatives,2,47,58,0.06100846683557697,1.345082514171064
Fusion-LSTM without derivatives,2,47,59,0.06823140727287973,1.3620628086471886
Fusion-LSTM without derivatives,2,47,60,0.05462935535006774,1.341377187793829
Fusion-LSTM without derivatives,2,48,1,1.0289402030939594,0.6247487062383161
Fusion-LSTM without derivatives,2,48,2,0.31012386111298545,0.6541621272430049
Fusion-LSTM without derivatives,2,48,3,0.2481857003107222,0.680580395637945
Fusion-LSTM without derivatives,2,48,4,0.21646144294669759,0.7238294884288929
Fusion-LSTM without derivatives,2,48,5,0.18291881062558044,0.7932678225649356
Fusion-LSTM without derivatives,2,48,6,0.17867113699788076,0.7104929763316851
Fusion-LSTM without derivatives,2,48,7,0.1601960601910522,0.8675129007574244
Fusion-LSTM without derivatives,2,48,8,0.17037701419691426,0.7782028786693227
Fusion-LSTM without derivatives,2,48,9,0.16225340740390845,0.8384119909956698
Fusion-LSTM without derivatives,2,48,10,0.16102869009983878,0.8399413037506087
Fusion-LSTM without derivatives,2,48,11,0.14527927172903168,0.8348502629832817
Fusion-LSTM without derivatives,2,48,12,0.1555257144949917,0.8353963135610903
Fusion-LSTM without derivatives,2,48,13,0.1537874107459636,0.868632278316624
Fusion-LSTM without derivatives,2,48,14,0.1547874139961239,0.8139755586584624
Fusion-LSTM without derivatives,2,48,15,0.1404042739164604,0.7866639930585935
Fusion-LSTM without derivatives,2,48,16,0.1270248966971452,0.9023494469384074
Fusion-LSTM without derivatives,2,48,17,0.15399939056070458,0.7856008023281077
Fusion-LSTM without derivatives,2,48,18,0.13239155922228066,0.9433786230590234
Fusion-LSTM without derivatives,2,48,19,0.12680705578170268,0.8829777753443234
Fusion-LSTM without derivatives,2,48,20,0.11719662258668254,0.8877421521881422
Fusion-LSTM without derivatives,2,48,21,0.11719909487411352,1.1001687806092613
Fusion-LSTM without derivatives,2,48,22,0.13038568874329584,0.9884897811925663
Fusion-LSTM without derivatives,2,48,23,0.12102704304840818,0.9708146897806398
Fusion-LSTM without derivatives,2,48,24,0.12866939324715346,0.9810386993087522
Fusion-LSTM without derivatives,2,48,25,0.11359559242896813,0.9427466299304372
Fusion-LSTM without derivatives,2,48,26,0.11685027947818484,1.0438713544424518
Fusion-LSTM without derivatives,2,48,27,0.11836860683961731,0.8905539354450245
Fusion-LSTM without derivatives,2,48,28,0.10393736712602782,0.9896632708834392
Fusion-LSTM without derivatives,2,48,29,0.11688221846341106,1.0767458095275606
Fusion-LSTM without derivatives,2,48,30,0.11066760674418653,0.8488865939670969
Fusion-LSTM without derivatives,2,48,31,0.09294327859591413,0.9356830660977902
Fusion-LSTM without derivatives,2,48,32,0.09335105285493431,0.9521845265353988
Fusion-LSTM without derivatives,2,48,33,0.10272253157842239,0.9982182306939531
Fusion-LSTM without derivatives,2,48,34,0.08888890116607757,0.9890175105492961
Fusion-LSTM without derivatives,2,48,35,0.08566754806694835,0.8702470171335707
Fusion-LSTM without derivatives,2,48,36,0.09640308100126325,0.8286024959552751
Fusion-LSTM without derivatives,2,48,37,0.08435610903337334,0.9300335874020668
Fusion-LSTM without derivatives,2,48,38,0.0882484387049632,1.0111503689378887
Fusion-LSTM without derivatives,2,48,39,0.0792708593981975,0.8919164926199882
Fusion-LSTM without derivatives,2,48,40,0.08112398782798352,1.0465379064826226
Fusion-LSTM without derivatives,2,48,41,0.0888410498706498,0.992282591052112
Fusion-LSTM without derivatives,2,48,42,0.08755955019696757,0.8197713150898273
Fusion-LSTM without derivatives,2,48,43,0.08410951746928481,0.9971690641607502
Fusion-LSTM without derivatives,2,48,44,0.06630406587763187,1.0704831894784843
Fusion-LSTM without derivatives,2,48,45,0.06425416438586642,1.0825139835002162
Fusion-LSTM without derivatives,2,48,46,0.07583559068154809,1.0346330293649344
Fusion-LSTM without derivatives,2,48,47,0.0801772679452541,1.0394165651554939
Fusion-LSTM without derivatives,2,48,48,0.0725157549814761,1.0425495767551545
Fusion-LSTM without derivatives,2,48,49,0.07217809781636464,1.0756468688405358
Fusion-LSTM without derivatives,2,48,50,0.06601453452421571,1.095228116150712
Fusion-LSTM without derivatives,2,48,51,0.06636959504186289,1.0969691966171526
Fusion-LSTM without derivatives,2,48,52,0.06996259530611781,0.9675832711015355
Fusion-LSTM without derivatives,2,48,53,0.059911346141337474,1.0902373590033911
Fusion-LSTM without derivatives,2,48,54,0.06868720477098449,1.0793674893830107
Fusion-LSTM without derivatives,2,48,55,0.0663601196280781,1.0847659032051622
Fusion-LSTM without derivatives,2,48,56,0.06580608508377668,1.1199228426876033
Fusion-LSTM without derivatives,2,48,57,0.05937409917792756,1.164206928209468
Fusion-LSTM without derivatives,2,48,58,0.05364548411824168,1.1167828680436502
Fusion-LSTM without derivatives,2,48,59,0.09487852583129111,1.0040060178764953
Fusion-LSTM without derivatives,2,48,60,0.06768725221292192,1.0773384877466485
Fusion-LSTM without derivatives,2,49,1,0.9934741296941082,0.480332345027903
Fusion-LSTM without derivatives,2,49,2,0.368456580035393,0.5793869356518173
Fusion-LSTM without derivatives,2,49,3,0.2558806949612355,0.7461492691800545
Fusion-LSTM without derivatives,2,49,4,0.2240993295098717,0.785903375627992
Fusion-LSTM without derivatives,2,49,5,0.18275211832277807,1.1960786752097035
Fusion-LSTM without derivatives,2,49,6,0.18028019358659939,1.3166657832992257
Fusion-LSTM without derivatives,2,49,7,0.17405881709546886,0.9274152902962708
Fusion-LSTM without derivatives,2,49,8,0.1693460155121805,0.8728868282414152
Fusion-LSTM without derivatives,2,49,9,0.16317885749082897,1.519922160867352
Fusion-LSTM without derivatives,2,49,10,0.16808051665442372,1.1208030571819123
Fusion-LSTM without derivatives,2,49,11,0.15807039489984367,0.9903434729163352
Fusion-LSTM without derivatives,2,49,12,0.1379725099941358,1.2092459934469932
Fusion-LSTM without derivatives,2,49,13,0.1480677070381037,0.8667925902950069
Fusion-LSTM without derivatives,2,49,14,0.13426621817392884,0.9786193032374859
Fusion-LSTM without derivatives,2,49,15,0.14016298235080216,2.01633200775148
Fusion-LSTM without derivatives,2,49,16,0.16375439737552844,0.8653020748232952
Fusion-LSTM without derivatives,2,49,17,0.1424305932613352,1.2344461711320713
Fusion-LSTM without derivatives,2,49,18,0.13759692315191557,1.2249681575155413
Fusion-LSTM without derivatives,2,49,19,0.13808661954004106,1.3789724905373726
Fusion-LSTM without derivatives,2,49,20,0.11638481080666012,1.670958215004682
Fusion-LSTM without derivatives,2,49,21,0.11023930529680723,1.7955602815225882
Fusion-LSTM without derivatives,2,49,22,0.11126833847206878,1.7082207708520971
Fusion-LSTM without derivatives,2,49,23,0.11006791229512472,1.5730951430988105
Fusion-LSTM without derivatives,2,49,24,0.11025173094470933,1.3648342945759806
Fusion-LSTM without derivatives,2,49,25,0.1075154953726467,1.6016071658605633
Fusion-LSTM without derivatives,2,49,26,0.10736282475832974,1.6114150561054377
Fusion-LSTM without derivatives,2,49,27,0.10543720795569225,1.3749953560997807
Fusion-LSTM without derivatives,2,49,28,0.09279386420427191,1.592504312455268
Fusion-LSTM without derivatives,2,49,29,0.0877412631890653,1.896591601245604
Fusion-LSTM without derivatives,2,49,30,0.14169579745247043,0.9980622257194512
Fusion-LSTM without derivatives,2,49,31,0.10429036068474098,1.18119013247927
Fusion-LSTM without derivatives,2,49,32,0.09727258211379732,1.237109180828496
Fusion-LSTM without derivatives,2,49,33,0.09859774252178465,1.2296522054985943
Fusion-LSTM without derivatives,2,49,34,0.11114725478176234,1.1276645828630587
Fusion-LSTM without derivatives,2,49,35,0.08844269422069646,1.1821976970880217
Fusion-LSTM without derivatives,2,49,36,0.07978307966813718,1.2832171656397526
Fusion-LSTM without derivatives,2,49,37,0.09891756502531202,1.073839104535726
Fusion-LSTM without derivatives,2,49,38,0.09924896584459371,1.083051870053797
Fusion-LSTM without derivatives,2,49,39,0.0844218710994735,1.2014498736498904
Fusion-LSTM without derivatives,2,49,40,0.07740044467591571,1.2527391976786508
Fusion-LSTM without derivatives,2,49,41,0.07327510979501015,1.3235364845259538
Fusion-LSTM without derivatives,2,49,42,0.08057791812062753,1.1915131660181322
Fusion-LSTM without derivatives,2,49,43,0.064092274994313,1.3549786897451108
Fusion-LSTM without derivatives,2,49,44,0.08908330969226426,1.1547400092403857
Fusion-LSTM without derivatives,2,49,45,0.09081200997434252,1.2637244201204678
Fusion-LSTM without derivatives,2,49,46,0.08891215783332194,1.0996858420113975
Fusion-LSTM without derivatives,2,49,47,0.08062739927028825,1.3538747537784583
Fusion-LSTM without derivatives,2,49,48,0.0895740361827483,1.2859461977955313
Fusion-LSTM without derivatives,2,49,49,0.09192793946179728,1.3676403245290734
Fusion-LSTM without derivatives,2,49,50,0.08326335274486699,1.2729734277989957
Fusion-LSTM without derivatives,2,49,51,0.07547281037978908,1.3458319337052365
Fusion-LSTM without derivatives,2,49,52,0.06241494323036734,1.3327182516743923
Fusion-LSTM without derivatives,2,49,53,0.06886648595455687,1.2355638117883727
Fusion-LSTM without derivatives,2,49,54,0.054601084011039906,1.234435154841187
Fusion-LSTM without derivatives,2,49,55,0.052623482058386586,1.3380365923799364
Fusion-LSTM without derivatives,2,49,56,0.06476482065220855,1.1427976883835709
Fusion-LSTM without derivatives,2,49,57,0.06236330964036415,1.2462330480386778
Fusion-LSTM without derivatives,2,49,58,0.05577855802604805,1.2050372697704634
Fusion-LSTM without derivatives,2,49,59,0.09018100073503184,1.048509535818214
Fusion-LSTM without derivatives,2,49,60,0.08177306079677443,1.0654328213723026
Fusion-LSTM without derivatives,2,50,1,1.0434480521244511,0.5433844106501173
Fusion-LSTM without derivatives,2,50,2,0.36174013909681185,0.6712368656891211
Fusion-LSTM without derivatives,2,50,3,0.25230875652167656,0.6756500803078997
Fusion-LSTM without derivatives,2,50,4,0.21051985683744814,1.135439748045049
Fusion-LSTM without derivatives,2,50,5,0.1906665382154245,1.144219623999288
Fusion-LSTM without derivatives,2,50,6,0.18697201777056613,1.1312972654872142
Fusion-LSTM without derivatives,2,50,7,0.1717298063179983,1.083541569539364
Fusion-LSTM without derivatives,2,50,8,0.1693268289629513,1.0036204661288928
Fusion-LSTM without derivatives,2,50,9,0.164710675224907,1.1299295706682502
Fusion-LSTM without derivatives,2,50,10,0.15803440541056218,0.9549503334260849
Fusion-LSTM without derivatives,2,50,11,0.14985621747794056,0.9643728202228992
Fusion-LSTM without derivatives,2,50,12,0.15063320221078608,1.0708266574221605
Fusion-LSTM without derivatives,2,50,13,0.1396288450791442,1.0332377856601327
Fusion-LSTM without derivatives,2,50,14,0.14055891646472948,0.9979666103840228
Fusion-LSTM without derivatives,2,50,15,0.13027210332258018,1.058874763908432
Fusion-LSTM without derivatives,2,50,16,0.12843812199787333,0.9819886723521204
Fusion-LSTM without derivatives,2,50,17,0.12017205259822296,1.2074438289982583
Fusion-LSTM without derivatives,2,50,18,0.135906979834376,1.0067437834208972
Fusion-LSTM without derivatives,2,50,19,0.12330290288672914,1.1425415899948526
Fusion-LSTM without derivatives,2,50,20,0.12522457968863607,1.1638374807379464
Fusion-LSTM without derivatives,2,50,21,0.1145171503661828,1.2881033943551663
Fusion-LSTM without derivatives,2,50,22,0.12491434863396783,1.211113185753551
Fusion-LSTM without derivatives,2,50,23,0.1115872705767316,1.0371901209126217
Fusion-LSTM without derivatives,2,50,24,0.11179793893945864,1.1836823668526022
Fusion-LSTM without derivatives,2,50,25,0.10586521411308931,1.130022010932924
Fusion-LSTM without derivatives,2,50,26,0.10395924919974434,1.267760918792498
Fusion-LSTM without derivatives,2,50,27,0.1175467717909072,1.1496783830989836
Fusion-LSTM without derivatives,2,50,28,0.11336886717516209,1.138850635559284
Fusion-LSTM without derivatives,2,50,29,0.11611010441312533,1.2944278276664232
Fusion-LSTM without derivatives,2,50,30,0.10073457663001392,1.259617665183145
Fusion-LSTM without derivatives,2,50,31,0.09921250236263222,1.1226844454614635
Fusion-LSTM without derivatives,2,50,32,0.10434882486174377,0.8645599091658872
Fusion-LSTM without derivatives,2,50,33,0.0994568673305277,1.2001229761848247
Fusion-LSTM without derivatives,2,50,34,0.08625216207295057,1.1465073944331945
Fusion-LSTM without derivatives,2,50,35,0.08551841784340411,1.1550572955443827
Fusion-LSTM without derivatives,2,50,36,0.08121938065561596,1.0921629429493123
Fusion-LSTM without derivatives,2,50,37,0.08038969816484515,1.1340224109393933
Fusion-LSTM without derivatives,2,50,38,0.09034822547285024,1.1411106771745239
Fusion-LSTM without derivatives,2,50,39,0.0856465179817087,1.1219433216673782
Fusion-LSTM without derivatives,2,50,40,0.07423265430835654,1.3298517386713136
Fusion-LSTM without derivatives,2,50,41,0.0664767961424709,1.3662642510215597
Fusion-LSTM without derivatives,2,50,42,0.11750366893358015,1.7828388598870253
Fusion-LSTM without derivatives,2,50,43,0.09109831340713137,1.2346482884522767
Fusion-LSTM without derivatives,2,50,44,0.08314937647570567,1.2336704669780245
Fusion-LSTM without derivatives,2,50,45,0.0765385241551344,1.3501200194353162
Fusion-LSTM without derivatives,2,50,46,0.07905347283267275,1.291964105513831
Fusion-LSTM without derivatives,2,50,47,0.08047830310265949,1.4336773102889824
Fusion-LSTM without derivatives,2,50,48,0.07613074150513052,1.3057496770291104
Fusion-LSTM without derivatives,2,50,49,0.0705232831112028,1.5065762985824078
Fusion-LSTM without derivatives,2,50,50,0.09709532911810367,1.2608801833158823
Fusion-LSTM without derivatives,2,50,51,0.0874634319297756,1.4526140296705505
Fusion-LSTM without derivatives,2,50,52,0.07266415233367976,1.4871723241616894
Fusion-LSTM without derivatives,2,50,53,0.06995560008337827,1.5218871559613443
Fusion-LSTM without derivatives,2,50,54,0.06735926228964169,1.486018699470638
Fusion-LSTM without derivatives,2,50,55,0.0700019702070156,1.216822594154795
Fusion-LSTM without derivatives,2,50,56,0.07292454593827963,1.4419245692719274
Fusion-LSTM without derivatives,2,50,57,0.06011421483357384,1.5625427887624392
Fusion-LSTM without derivatives,2,50,58,0.11148110257562688,1.1037326565306014
Fusion-LSTM without derivatives,2,50,59,0.07180643681093987,1.188447866377624
Fusion-LSTM without derivatives,2,50,60,0.0704814220888178,1.4046126867425235
Fusion-LSTM without derivatives,2,51,1,0.9845958528796178,0.612286710488101
Fusion-LSTM without derivatives,2,51,2,0.2979512451935076,0.6758789829869571
Fusion-LSTM without derivatives,2,51,3,0.23749825114691897,0.7974678410989581
Fusion-LSTM without derivatives,2,51,4,0.20974957329118346,0.7392686430211973
Fusion-LSTM without derivatives,2,51,5,0.19184591076782315,0.8016480401753736
Fusion-LSTM without derivatives,2,51,6,0.1971449546134559,0.8201850626223417
Fusion-LSTM without derivatives,2,51,7,0.18546909711333326,0.7616996822705729
Fusion-LSTM without derivatives,2,51,8,0.176826466308506,0.8504620381805957
Fusion-LSTM without derivatives,2,51,9,0.16822593401729297,0.9382193190272954
Fusion-LSTM without derivatives,2,51,10,0.16841513673745953,0.8422160990672994
Fusion-LSTM without derivatives,2,51,11,0.15355931939347206,0.8775804659118372
Fusion-LSTM without derivatives,2,51,12,0.15438912559407358,0.9184354170513205
Fusion-LSTM without derivatives,2,51,13,0.14171474579083781,0.8857339462667672
Fusion-LSTM without derivatives,2,51,14,0.1718831618181966,0.853298624241262
Fusion-LSTM without derivatives,2,51,15,0.15133878172674353,0.8817197511950206
Fusion-LSTM without derivatives,2,51,16,0.1312009185010035,0.9984898566636489
Fusion-LSTM without derivatives,2,51,17,0.13202446075082552,0.9034846594766361
Fusion-LSTM without derivatives,2,51,18,0.1408830376683594,1.0304160239054272
Fusion-LSTM without derivatives,2,51,19,0.12332575118519924,1.1146738483323102
Fusion-LSTM without derivatives,2,51,20,0.12162462589549472,1.0759110067675361
Fusion-LSTM without derivatives,2,51,21,0.1244573609348407,0.964442184288457
Fusion-LSTM without derivatives,2,51,22,0.12160392952112437,1.2752496495666426
Fusion-LSTM without derivatives,2,51,23,0.11747138809678323,1.1857192548641584
Fusion-LSTM without derivatives,2,51,24,0.10692402694685331,1.1243488171583416
Fusion-LSTM without derivatives,2,51,25,0.1018865995476843,1.1806942870094668
Fusion-LSTM without derivatives,2,51,26,0.11246198234599512,0.980482039349576
Fusion-LSTM without derivatives,2,51,27,0.12430697240021663,1.084832557704356
Fusion-LSTM without derivatives,2,51,28,0.10870612590215614,1.0652427180759714
Fusion-LSTM without derivatives,2,51,29,0.10253137525875917,1.1385083957519946
Fusion-LSTM without derivatives,2,51,30,0.10441674009682855,1.1415742311408426
Fusion-LSTM without derivatives,2,51,31,0.09466285683046674,1.1280967862637952
Fusion-LSTM without derivatives,2,51,32,0.1061875562227259,0.9561542352585054
Fusion-LSTM without derivatives,2,51,33,0.08644266120322153,0.8892798751520222
Fusion-LSTM without derivatives,2,51,34,0.09037518905365634,1.0090225814538958
Fusion-LSTM without derivatives,2,51,35,0.08483117540286926,1.067744769328968
Fusion-LSTM without derivatives,2,51,36,0.09241463152247911,1.0256681102705159
Fusion-LSTM without derivatives,2,51,37,0.09478934469197506,0.9541025206911303
Fusion-LSTM without derivatives,2,51,38,0.08076070724219755,1.1598465926894923
Fusion-LSTM without derivatives,2,51,39,0.08337429718390825,1.078526660082882
Fusion-LSTM without derivatives,2,51,40,0.07405642339236702,1.1899182562936061
Fusion-LSTM without derivatives,2,51,41,0.08517191142052648,1.1578202895303689
Fusion-LSTM without derivatives,2,51,42,0.0710468087924246,1.0866341749319333
Fusion-LSTM without derivatives,2,51,43,0.07341474382403164,1.0766840276205771
Fusion-LSTM without derivatives,2,51,44,0.10829230981364184,1.125288815990887
Fusion-LSTM without derivatives,2,51,45,0.07718976752720161,1.220602806226087
Fusion-LSTM without derivatives,2,51,46,0.06653920825772863,1.2630428070349309
Fusion-LSTM without derivatives,2,51,47,0.08393556532142984,1.2062193181418028
Fusion-LSTM without derivatives,2,51,48,0.06489011934929455,1.1390993975532355
Fusion-LSTM without derivatives,2,51,49,0.06365190258636698,1.3011573424164786
Fusion-LSTM without derivatives,2,51,50,0.06519856635369882,1.145443347917586
Fusion-LSTM without derivatives,2,51,51,0.08174950104617695,1.1898215092878515
Fusion-LSTM without derivatives,2,51,52,0.09129502771775273,1.3407879059945211
Fusion-LSTM without derivatives,2,51,53,0.083405545155877,1.1032313082551233
Fusion-LSTM without derivatives,2,51,54,0.07811668111972787,1.1067830086906982
Fusion-LSTM without derivatives,2,51,55,0.07699179357413763,1.0875364047752745
Fusion-LSTM without derivatives,2,51,56,0.06762907457907413,1.1175039894717944
Fusion-LSTM without derivatives,2,51,57,0.06548026634100995,1.1481923428695995
Fusion-LSTM without derivatives,2,51,58,0.07461738289492222,1.0647199959142162
Fusion-LSTM without derivatives,2,51,59,0.06351876009589358,1.1299825339139586
Fusion-LSTM without derivatives,2,51,60,0.09537426062781842,1.2060275356975216
Fusion-LSTM without derivatives,3,42,1,1.0232198402422283,0.5295860802352553
Fusion-LSTM without derivatives,3,42,2,0.35831500776681696,0.5503508221178435
Fusion-LSTM without derivatives,3,42,3,0.28964513912341283,0.7113524500429006
Fusion-LSTM without derivatives,3,42,4,0.28377131010414264,1.0011811201427467
Fusion-LSTM without derivatives,3,42,5,0.2655720400609737,0.6406946947614602
Fusion-LSTM without derivatives,3,42,6,0.25727837880452475,1.219257525677951
Fusion-LSTM without derivatives,3,42,7,0.24345804658869355,0.9919108749060761
Fusion-LSTM without derivatives,3,42,8,0.2328701956317239,0.7462665997836075
Fusion-LSTM without derivatives,3,42,9,0.22442873667139526,1.6166294176498548
Fusion-LSTM without derivatives,3,42,10,0.221248211434242,0.6917126686068201
Fusion-LSTM without derivatives,3,42,11,0.21136800330758823,0.8848020096994796
Fusion-LSTM without derivatives,3,42,12,0.21233959573944775,0.8108019760694644
Fusion-LSTM without derivatives,3,42,13,0.21684183910352375,0.987863012579752
Fusion-LSTM without derivatives,3,42,14,0.2167928313261143,0.9340876286822045
Fusion-LSTM without derivatives,3,42,15,0.1992763374467873,1.7305690132596958
Fusion-LSTM without derivatives,3,42,16,0.18833808867938656,2.0516901498883025
Fusion-LSTM without derivatives,3,42,17,0.20681585076945727,0.8239348631984783
Fusion-LSTM without derivatives,3,42,18,0.20258564432479145,0.7378292035944057
Fusion-LSTM without derivatives,3,42,19,0.1810477878192058,0.8113715444502091
Fusion-LSTM without derivatives,3,42,20,0.1761867113075353,0.9662827682101501
Fusion-LSTM without derivatives,3,42,21,0.1827132622583197,0.9656721439126652
Fusion-LSTM without derivatives,3,42,22,0.17980631609256478,1.0581264943821624
Fusion-LSTM without derivatives,3,42,23,0.1705467614963286,1.0244983740197788
Fusion-LSTM without derivatives,3,42,24,0.16577970573296968,0.900866170630515
Fusion-LSTM without derivatives,3,42,25,0.17071031522467187,1.2838191562166255
Fusion-LSTM without derivatives,3,42,26,0.161262949062255,0.9723164545102689
Fusion-LSTM without derivatives,3,42,27,0.15749728242476507,0.9398263113678627
Fusion-LSTM without derivatives,3,42,28,0.1552788831407506,1.0396622129768696
Fusion-LSTM without derivatives,3,42,29,0.15914280979640621,0.9627260199945178
Fusion-LSTM without derivatives,3,42,30,0.18801533819399832,0.9304795972143829
Fusion-LSTM without derivatives,3,42,31,0.17959811674710077,1.1368695710877452
Fusion-LSTM without derivatives,3,42,32,0.1608157895881375,1.0516594019201067
Fusion-LSTM without derivatives,3,42,33,0.1591890453745466,1.2949974185765665
Fusion-LSTM without derivatives,3,42,34,0.1604959600197795,1.0893067933415967
Fusion-LSTM without derivatives,3,42,35,0.14843920341690017,1.1195770946938537
Fusion-LSTM without derivatives,3,42,36,0.16756089765589902,1.0569495014861945
Fusion-LSTM without derivatives,3,42,37,0.1525438078135161,1.087701867336497
Fusion-LSTM without derivatives,3,42,38,0.16010652229827843,1.1464669232723348
Fusion-LSTM without derivatives,3,42,39,0.1491567395080667,1.1787922935603299
Fusion-LSTM without derivatives,3,42,40,0.14243325186431954,1.1197893636718985
Fusion-LSTM without derivatives,3,42,41,0.1367606397780849,1.1277115448091015
Fusion-LSTM without derivatives,3,42,42,0.12868867997822012,1.2131272838363107
Fusion-LSTM without derivatives,3,42,43,0.12777765930697196,1.1181328446922563
Fusion-LSTM without derivatives,3,42,44,0.12827703683930436,1.2181311205685514
Fusion-LSTM without derivatives,3,42,45,0.1595526012639011,1.7014717644615494
Fusion-LSTM without derivatives,3,42,46,0.15262463683723856,1.2736870968085665
Fusion-LSTM without derivatives,3,42,47,0.14549584516326952,1.1905425651080954
Fusion-LSTM without derivatives,3,42,48,0.15722480192096955,1.1484847449906468
Fusion-LSTM without derivatives,3,42,49,0.1282086898154075,1.2897850461538483
Fusion-LSTM without derivatives,3,42,50,0.12705568235583992,1.2278198000644989
Fusion-LSTM without derivatives,3,42,51,0.11638707393034153,1.1738602703659788
Fusion-LSTM without derivatives,3,42,52,0.10890424697565923,1.2426230708758037
Fusion-LSTM without derivatives,3,42,53,0.14297202882992063,1.05946256207845
Fusion-LSTM without derivatives,3,42,54,0.13695228699059298,0.9910094965428926
Fusion-LSTM without derivatives,3,42,55,0.12364984125992574,0.9578287527433731
Fusion-LSTM without derivatives,3,42,56,0.12274065378722977,1.0905446838001784
Fusion-LSTM without derivatives,3,42,57,0.12034238977443187,1.1347102145635106
Fusion-LSTM without derivatives,3,42,58,0.1261509697380211,1.1688123450339216
Fusion-LSTM without derivatives,3,42,59,0.12872781520566992,1.236465884517074
Fusion-LSTM without derivatives,3,42,60,0.1185080236843602,1.2130471896106843
Fusion-LSTM without derivatives,3,43,1,0.9916949401208021,0.6373429423358206
Fusion-LSTM without derivatives,3,43,2,0.42698740226868825,0.6525245921166938
Fusion-LSTM without derivatives,3,43,3,0.3140889624726107,0.5843945774142347
Fusion-LSTM without derivatives,3,43,4,0.3064873351963288,0.5722609842098484
Fusion-LSTM without derivatives,3,43,5,0.28939286138896547,0.9146093312549392
Fusion-LSTM without derivatives,3,43,6,0.28088580482961206,0.6454801360141307
Fusion-LSTM without derivatives,3,43,7,0.2599593494543151,0.6288622862637918
Fusion-LSTM without derivatives,3,43,8,0.25266811196045774,0.858176200457339
Fusion-LSTM without derivatives,3,43,9,0.2340108583917676,0.6555165337316645
Fusion-LSTM without derivatives,3,43,10,0.23627426748930133,0.625809507112583
Fusion-LSTM without derivatives,3,43,11,0.22630446565021342,0.9669952349467847
Fusion-LSTM without derivatives,3,43,12,0.22677452224463407,0.8714413243019856
Fusion-LSTM without derivatives,3,43,13,0.22007640262991646,1.2001765389112558
Fusion-LSTM without derivatives,3,43,14,0.21789900815450453,1.3297100224584903
Fusion-LSTM without derivatives,3,43,15,0.20120933763113227,1.4175242249008495
Fusion-LSTM without derivatives,3,43,16,0.20499273516716213,2.2207677523669958
Fusion-LSTM without derivatives,3,43,17,0.19014225491502007,2.2670571222370275
Fusion-LSTM without derivatives,3,43,18,0.19734882455353342,0.9107713811177628
Fusion-LSTM without derivatives,3,43,19,0.19397146845811733,0.9947089785924748
Fusion-LSTM without derivatives,3,43,20,0.1806605677447917,1.9939665522902768
Fusion-LSTM without derivatives,3,43,21,0.1698186412191628,1.967521190487114
Fusion-LSTM without derivatives,3,43,22,0.16356002139753523,1.9980536507485547
Fusion-LSTM without derivatives,3,43,23,0.16673458161157206,2.2473220350357472
Fusion-LSTM without derivatives,3,43,24,0.18460730814434792,1.0625852097755208
Fusion-LSTM without derivatives,3,43,25,0.16988773227922777,2.4588987502411976
Fusion-LSTM without derivatives,3,43,26,0.17473954628093527,2.284387813767797
Fusion-LSTM without derivatives,3,43,27,0.16256127793153902,2.1498412920681433
Fusion-LSTM without derivatives,3,43,28,0.1478408293804262,1.9137531541116082
Fusion-LSTM without derivatives,3,43,29,0.15726952150589374,2.5961130911511696
Fusion-LSTM without derivatives,3,43,30,0.1478159365846579,1.0957820054057759
Fusion-LSTM without derivatives,3,43,31,0.15035078716934275,2.479458284890377
Fusion-LSTM without derivatives,3,43,32,0.16364299053673714,1.7947774151773572
Fusion-LSTM without derivatives,3,43,33,0.15916741261606188,1.359602585559871
Fusion-LSTM without derivatives,3,43,34,0.15697845619752868,1.1308138539831094
Fusion-LSTM without derivatives,3,43,35,0.18543502834770795,1.4547143338923685
Fusion-LSTM without derivatives,3,43,36,0.16917053734547594,1.8052170209789675
Fusion-LSTM without derivatives,3,43,37,0.16494716258224,0.9357704624877285
Fusion-LSTM without derivatives,3,43,38,0.17572315102727906,1.4640433593990918
Fusion-LSTM without derivatives,3,43,39,0.16644806200154239,1.5876868932002246
Fusion-LSTM without derivatives,3,43,40,0.15161157020735083,1.9579044289621417
Fusion-LSTM without derivatives,3,43,41,0.15098814033769323,1.6641776694191828
Fusion-LSTM without derivatives,3,43,42,0.15077407702159945,1.4749019403065275
Fusion-LSTM without derivatives,3,43,43,0.14933857157689714,1.602862945049064
Fusion-LSTM without derivatives,3,43,44,0.14239553434671748,2.1123102632521085
Fusion-LSTM without derivatives,3,43,45,0.16576319987620783,1.010734468636023
Fusion-LSTM without derivatives,3,43,46,0.1436642744923039,1.213293751736857
Fusion-LSTM without derivatives,3,43,47,0.12467688517103866,1.4805384578507401
Fusion-LSTM without derivatives,3,43,48,0.12741431825387003,1.2203336877892852
Fusion-LSTM without derivatives,3,43,49,0.11661020342932746,1.1369354005442225
Fusion-LSTM without derivatives,3,43,50,0.12754577711816956,1.1732915810756464
Fusion-LSTM without derivatives,3,43,51,0.10961459579362053,1.142548898356016
Fusion-LSTM without derivatives,3,43,52,0.11725288098478627,1.189567721177447
Fusion-LSTM without derivatives,3,43,53,0.10151050583294248,1.344872164088975
Fusion-LSTM without derivatives,3,43,54,0.09438757062049452,1.2989580368220932
Fusion-LSTM without derivatives,3,43,55,0.09571731964564834,1.2625919794136624
Fusion-LSTM without derivatives,3,43,56,0.1446079669383551,1.0932515877097908
Fusion-LSTM without derivatives,3,43,57,0.11048321638267704,1.0373050118142453
Fusion-LSTM without derivatives,3,43,58,0.11024025467990553,1.366685548137319
Fusion-LSTM without derivatives,3,43,59,0.10326643136845452,1.2696915815273921
Fusion-LSTM without derivatives,3,43,60,0.09206210567903582,1.3002990893472914
Fusion-LSTM without derivatives,3,44,1,1.0407015051681332,0.6890004480909752
Fusion-LSTM without derivatives,3,44,2,0.3890145539508318,0.5884851151042514
Fusion-LSTM without derivatives,3,44,3,0.32230975037321036,0.6141984977562223
Fusion-LSTM without derivatives,3,44,4,0.3136726697103693,0.6639965184079776
Fusion-LSTM without derivatives,3,44,5,0.26340365700440804,0.7627061779768962
Fusion-LSTM without derivatives,3,44,6,0.25263562084884816,0.5929210727694649
Fusion-LSTM without derivatives,3,44,7,0.2309892355119781,0.6147363155268023
Fusion-LSTM without derivatives,3,44,8,0.2272520971681,0.6638105217390841
Fusion-LSTM without derivatives,3,44,9,0.2298697607961999,0.7845086350381
Fusion-LSTM without derivatives,3,44,10,0.21705601789535733,0.9097360904861547
Fusion-LSTM without derivatives,3,44,11,0.21710065848760832,0.5888747020587481
Fusion-LSTM without derivatives,3,44,12,0.20256688602564896,0.6289466718832651
Fusion-LSTM without derivatives,3,44,13,0.18887534679315232,0.6505883841519585
Fusion-LSTM without derivatives,3,44,14,0.18096667468912375,0.6446341446110787
Fusion-LSTM without derivatives,3,44,15,0.1738266764157409,0.6602299625143815
Fusion-LSTM without derivatives,3,44,16,0.16509677510742748,0.7363280712371102
Fusion-LSTM without derivatives,3,44,17,0.1614266115317651,0.9602515704664294
Fusion-LSTM without derivatives,3,44,18,0.15810690138728248,0.7560938446464278
Fusion-LSTM without derivatives,3,44,19,0.1441605872517332,0.788929431599641
Fusion-LSTM without derivatives,3,44,20,0.1515241959659149,0.795853984149747
Fusion-LSTM without derivatives,3,44,21,0.14411126885916298,0.8116847345726546
Fusion-LSTM without derivatives,3,44,22,0.12864885584704738,0.8707963734927667
Fusion-LSTM without derivatives,3,44,23,0.12444099277166781,0.9051633961576836
Fusion-LSTM without derivatives,3,44,24,0.13392972962059285,0.8813116932502583
Fusion-LSTM without derivatives,3,44,25,0.11085513968202955,0.8841800075063415
Fusion-LSTM without derivatives,3,44,26,0.15213833572713242,0.774274254401275
Fusion-LSTM without derivatives,3,44,27,0.12490502660495972,0.9582014118850356
Fusion-LSTM without derivatives,3,44,28,0.10230707195829543,1.0309421472267035
Fusion-LSTM without derivatives,3,44,29,0.12025142808541633,1.0670754316592865
Fusion-LSTM without derivatives,3,44,30,0.11228031002053428,1.035276791100357
Fusion-LSTM without derivatives,3,44,31,0.14595127785777737,0.940501639927958
Fusion-LSTM without derivatives,3,44,32,0.15878350353808304,0.9294439342411809
Fusion-LSTM without derivatives,3,44,33,0.12003261171230073,0.9490241665213488
Fusion-LSTM without derivatives,3,44,34,0.1089288938482967,1.0511496861150929
Fusion-LSTM without derivatives,3,44,35,0.13802759711622098,0.9289986540873846
Fusion-LSTM without derivatives,3,44,36,0.09999460308991988,1.0961286492442686
Fusion-LSTM without derivatives,3,44,37,0.09509571903707055,1.1086931080016575
Fusion-LSTM without derivatives,3,44,38,0.11157575215153191,1.0501381550413758
Fusion-LSTM without derivatives,3,44,39,0.09612619529623503,1.1175806779781476
Fusion-LSTM without derivatives,3,44,40,0.08716270571734061,1.1873297260476734
Fusion-LSTM without derivatives,3,44,41,0.09783291265436815,1.1493674117985886
Fusion-LSTM without derivatives,3,44,42,0.09792255212493035,1.035744072451594
Fusion-LSTM without derivatives,3,44,43,0.09920994534872085,1.1520329981425337
Fusion-LSTM without derivatives,3,44,44,0.1665914604389066,0.9974207820476226
Fusion-LSTM without derivatives,3,44,45,0.21150149000688978,0.83604965010654
Fusion-LSTM without derivatives,3,44,46,0.1313625594982678,0.9889313093771225
Fusion-LSTM without derivatives,3,44,47,0.10809081287012187,0.935561291076852
Fusion-LSTM without derivatives,3,44,48,0.09542982271824044,1.011589224952072
Fusion-LSTM without derivatives,3,44,49,0.09112987070100878,1.1052225481023703
Fusion-LSTM without derivatives,3,44,50,0.08587245779106285,1.1216232073756884
Fusion-LSTM without derivatives,3,44,51,0.0783715602204158,1.0820490751626357
Fusion-LSTM without derivatives,3,44,52,0.07741291872951962,1.2295549117981512
Fusion-LSTM without derivatives,3,44,53,0.09933998186585553,1.067192338953728
Fusion-LSTM without derivatives,3,44,54,0.08833265059010983,1.0643482445436578
Fusion-LSTM without derivatives,3,44,55,0.0878065420360239,1.1141455190439769
Fusion-LSTM without derivatives,3,44,56,0.07503125183305644,1.2471237457952846
Fusion-LSTM without derivatives,3,44,57,0.0788876325622577,1.1792875762747705
Fusion-LSTM without derivatives,3,44,58,0.08035510072102969,1.2623129201002528
Fusion-LSTM without derivatives,3,44,59,0.0755558901842376,1.2734665361445874
Fusion-LSTM without derivatives,3,44,60,0.14941041977500788,1.0189064805019077
Fusion-LSTM without derivatives,3,45,1,1.0762316473398004,0.7207011506742401
Fusion-LSTM without derivatives,3,45,2,0.40880619497109627,0.8359747100426216
Fusion-LSTM without derivatives,3,45,3,0.296357211206302,1.0491237911538258
Fusion-LSTM without derivatives,3,45,4,0.26486090521929095,1.2721895107558188
Fusion-LSTM without derivatives,3,45,5,0.27972384261975597,0.5797176870909877
Fusion-LSTM without derivatives,3,45,6,0.26794187384757245,1.5440624358768984
Fusion-LSTM without derivatives,3,45,7,0.2427308878733204,1.5948453434983139
Fusion-LSTM without derivatives,3,45,8,0.24741777239954071,0.5955008915635275
Fusion-LSTM without derivatives,3,45,9,0.24476514518807788,0.8017063009039161
Fusion-LSTM without derivatives,3,45,10,0.2338665184300017,1.019619133549916
Fusion-LSTM without derivatives,3,45,11,0.22309380756400593,0.6720267418982848
Fusion-LSTM without derivatives,3,45,12,0.2103069082668638,0.6497181601494363
Fusion-LSTM without derivatives,3,45,13,0.20674658179146435,1.0076912929239512
Fusion-LSTM without derivatives,3,45,14,0.2072899807757194,0.8331616977600681
Fusion-LSTM without derivatives,3,45,15,0.20954965662883326,1.1881257853542984
Fusion-LSTM without derivatives,3,45,16,0.1976564260159793,0.9317622677710071
Fusion-LSTM without derivatives,3,45,17,0.18997735768237609,1.768748334306341
Fusion-LSTM without derivatives,3,45,18,0.19348456508562606,1.0471861748887807
Fusion-LSTM without derivatives,3,45,19,0.18940456471653708,1.43117983745454
Fusion-LSTM without derivatives,3,45,20,0.18510920401685374,2.61768802400655
Fusion-LSTM without derivatives,3,45,21,0.18876437001465748,1.6453416353751529
Fusion-LSTM without derivatives,3,45,22,0.1842490896747792,1.7909924012747451
Fusion-LSTM without derivatives,3,45,23,0.1974073065017615,0.9505215791098977
Fusion-LSTM without derivatives,3,45,24,0.18346761407598353,1.2327538352280043
Fusion-LSTM without derivatives,3,45,25,0.1716435494499469,2.133951055428767
Fusion-LSTM without derivatives,3,45,26,0.17038273597164622,1.7745236415783063
Fusion-LSTM without derivatives,3,45,27,0.1744468913792379,2.50289757677844
Fusion-LSTM without derivatives,3,45,28,0.16261341231682877,2.4164414229632922
Fusion-LSTM without derivatives,3,45,29,0.16726489103533076,1.982227713681867
Fusion-LSTM without derivatives,3,45,30,0.1571487388639093,2.4284727746773065
Fusion-LSTM without derivatives,3,45,31,0.16418655038062221,2.1159781499041452
Fusion-LSTM without derivatives,3,45,32,0.1699298586502717,2.251733220816908
Fusion-LSTM without derivatives,3,45,33,0.14997035702434156,1.8046906013471276
Fusion-LSTM without derivatives,3,45,34,0.16761070457984914,1.9370780110171757
Fusion-LSTM without derivatives,3,45,35,0.14847365373500626,1.680421297780123
Fusion-LSTM without derivatives,3,45,36,0.14267537659461346,2.060812204357713
Fusion-LSTM without derivatives,3,45,37,0.1328858039304842,2.4196757921945125
Fusion-LSTM without derivatives,3,45,38,0.1393540599568539,1.2713806494226996
Fusion-LSTM without derivatives,3,45,39,0.12386049323683941,1.6831982832097407
Fusion-LSTM without derivatives,3,45,40,0.12662949514118185,1.6950098374229807
Fusion-LSTM without derivatives,3,45,41,0.145777659150074,1.1184995436505951
Fusion-LSTM without derivatives,3,45,42,0.12987340307589448,1.4119967205032113
Fusion-LSTM without derivatives,3,45,43,0.1161205652409122,1.7012026630794976
Fusion-LSTM without derivatives,3,45,44,0.1429117171145087,1.3637208763658375
Fusion-LSTM without derivatives,3,45,45,0.12642505338774362,1.418227456275772
Fusion-LSTM without derivatives,3,45,46,0.1334063571157213,1.7338038939100142
Fusion-LSTM without derivatives,3,45,47,0.11357283863817151,1.5164610863481678
Fusion-LSTM without derivatives,3,45,48,0.13501328629091244,1.1795401654715807
Fusion-LSTM without derivatives,3,45,49,0.13206197477261955,1.6033111474548996
Fusion-LSTM without derivatives,3,45,50,0.10766419298058257,1.6085033639172088
Fusion-LSTM without derivatives,3,45,51,0.10867159490784009,1.582286774237451
Fusion-LSTM without derivatives,3,45,52,0.10403054341992836,1.6698380338508378
Fusion-LSTM without derivatives,3,45,53,0.1096884023819677,1.408002870012879
Fusion-LSTM without derivatives,3,45,54,0.10296952662026845,1.7800165082111299
Fusion-LSTM without derivatives,3,45,55,0.102784545503739,1.4849310452020894
Fusion-LSTM without derivatives,3,45,56,0.09375772215084198,1.7627660398775677
Fusion-LSTM without derivatives,3,45,57,0.09058886456106781,1.5611540650484197
Fusion-LSTM without derivatives,3,45,58,0.0942411346321168,1.5694670029906106
Fusion-LSTM without derivatives,3,45,59,0.09228863880630662,1.729143422136017
Fusion-LSTM without derivatives,3,45,60,0.13300991640725268,1.3618173942251026
Fusion-LSTM without derivatives,3,46,1,0.9738033477684044,0.6572632637163878
Fusion-LSTM without derivatives,3,46,2,0.4639546266480688,0.6248662023174438
Fusion-LSTM without derivatives,3,46,3,0.34767313343942713,1.1569399963010032
Fusion-LSTM without derivatives,3,46,4,0.35073448839719873,0.6018678549075777
Fusion-LSTM without derivatives,3,46,5,0.27531420626999403,0.630659731054206
Fusion-LSTM without derivatives,3,46,6,0.25392760016046895,0.6269264036254563
Fusion-LSTM without derivatives,3,46,7,0.24028653053150995,0.6554889924496224
Fusion-LSTM without derivatives,3,46,8,0.23321014671424115,0.6093417960892683
Fusion-LSTM without derivatives,3,46,9,0.20691526908176847,0.6385928376790613
Fusion-LSTM without derivatives,3,46,10,0.22121243730232987,0.618891080095583
Fusion-LSTM without derivatives,3,46,11,0.2024132068733192,0.6254611300222529
Fusion-LSTM without derivatives,3,46,12,0.20155613318979967,0.6290621735015005
Fusion-LSTM without derivatives,3,46,13,0.17278739150915443,0.6459058302628419
Fusion-LSTM without derivatives,3,46,14,0.19471021306327907,0.6746166992612355
Fusion-LSTM without derivatives,3,46,15,0.17883785161038787,0.6872482414765428
Fusion-LSTM without derivatives,3,46,16,0.17069399976584526,0.6791267697103869
Fusion-LSTM without derivatives,3,46,17,0.23082241233700276,0.7288353815518586
Fusion-LSTM without derivatives,3,46,18,0.20166229648965578,0.7332919388072295
Fusion-LSTM without derivatives,3,46,19,0.18021931323800977,0.7915293793008512
Fusion-LSTM without derivatives,3,46,20,0.18874302623673864,0.9280703845638899
Fusion-LSTM without derivatives,3,46,21,0.22176464147159447,0.656950702738462
Fusion-LSTM without derivatives,3,46,22,0.19227251993771358,0.6779944578056816
Fusion-LSTM without derivatives,3,46,23,0.1644184089171777,0.6692417391441153
Fusion-LSTM without derivatives,3,46,24,0.15565695125803305,0.7366564832393478
Fusion-LSTM without derivatives,3,46,25,0.17634625724012698,0.7626764692787854
Fusion-LSTM without derivatives,3,46,26,0.1700290500052524,0.8603815134278883
Fusion-LSTM without derivatives,3,46,27,0.15326000726368813,0.8879298459996218
Fusion-LSTM without derivatives,3,46,28,0.14662371575148828,0.8638365752604522
Fusion-LSTM without derivatives,3,46,29,0.13039333560598007,0.9463926885175505
Fusion-LSTM without derivatives,3,46,30,0.17557400357923741,0.9821499015050364
Fusion-LSTM without derivatives,3,46,31,0.18349942370212496,1.0078015894447483
Fusion-LSTM without derivatives,3,46,32,0.16388890383599913,0.9855572955538392
Fusion-LSTM without derivatives,3,46,33,0.16209776633923206,1.0195099187222167
Fusion-LSTM without derivatives,3,46,34,0.16617319294072072,0.9961555679826617
Fusion-LSTM without derivatives,3,46,35,0.1588543223480577,1.01076399147573
Fusion-LSTM without derivatives,3,46,36,0.1641035542436035,1.0023051606534161
Fusion-LSTM without derivatives,3,46,37,0.1531382820292715,1.0183656815462891
Fusion-LSTM without derivatives,3,46,38,0.15915180818841362,1.0429067297739052
Fusion-LSTM without derivatives,3,46,39,0.1583442550915826,1.013443967956167
Fusion-LSTM without derivatives,3,46,40,0.15248749559055957,1.0510888819737005
Fusion-LSTM without derivatives,3,46,41,0.15413722318884795,1.0559358769242868
Fusion-LSTM without derivatives,3,46,42,0.1470661582191694,1.0513285767732177
Fusion-LSTM without derivatives,3,46,43,0.1521189048219848,1.0822824707696024
Fusion-LSTM without derivatives,3,46,44,0.16371107728474002,1.0670578098022212
Fusion-LSTM without derivatives,3,46,45,0.16813381261588145,1.0140417674927342
Fusion-LSTM without derivatives,3,46,46,0.1506428949739955,1.0672061020035915
Fusion-LSTM without derivatives,3,46,47,0.14582582940019964,1.112905321615422
Fusion-LSTM without derivatives,3,46,48,0.14828885110374254,1.128394843085007
Fusion-LSTM without derivatives,3,46,49,0.14069679645303101,1.1136406751767394
Fusion-LSTM without derivatives,3,46,50,0.134633368768641,1.1509784793079025
Fusion-LSTM without derivatives,3,46,51,0.12868721384743076,1.2139984982349838
Fusion-LSTM without derivatives,3,46,52,0.14493239534896335,1.0157564804114136
Fusion-LSTM without derivatives,3,46,53,0.10939486073244602,1.098079483370361
Fusion-LSTM without derivatives,3,46,54,0.10114380441440857,1.0753818699305162
Fusion-LSTM without derivatives,3,46,55,0.16745705002582767,0.8676243016117524
Fusion-LSTM without derivatives,3,46,56,0.1297434859866396,1.0031102332803938
Fusion-LSTM without derivatives,3,46,57,0.12003959764438804,1.0474845204400816
Fusion-LSTM without derivatives,3,46,58,0.10652745009061029,1.1023398819740713
Fusion-LSTM without derivatives,3,46,59,0.09357554282913332,1.1556920973697298
Fusion-LSTM without derivatives,3,46,60,0.10634867602657379,1.2147817904172578
Fusion-LSTM without derivatives,3,47,1,1.0326122973672476,0.5682079679561112
Fusion-LSTM without derivatives,3,47,2,0.35123811443236624,0.5517955294320168
Fusion-LSTM without derivatives,3,47,3,0.300651051217992,0.5752455258519394
Fusion-LSTM without derivatives,3,47,4,0.2661391921375596,0.5622851341275549
Fusion-LSTM without derivatives,3,47,5,0.25160011425842205,0.6082578117117692
Fusion-LSTM without derivatives,3,47,6,0.24096713792020028,1.3251680341906518
Fusion-LSTM without derivatives,3,47,7,0.22699819427519033,0.6222034792105356
Fusion-LSTM without derivatives,3,47,8,0.22820304977288897,0.6572944028322552
Fusion-LSTM without derivatives,3,47,9,0.23201193051236121,0.6670363306749292
Fusion-LSTM without derivatives,3,47,10,0.2103006250905699,1.6434405041190814
Fusion-LSTM without derivatives,3,47,11,0.2191636408323177,0.6324825689852612
Fusion-LSTM without derivatives,3,47,12,0.20413502284955085,0.6312020933977963
Fusion-LSTM without derivatives,3,47,13,0.1970596384667202,0.6941724923171837
Fusion-LSTM without derivatives,3,47,14,0.2003034466814922,0.7750830746546731
Fusion-LSTM without derivatives,3,47,15,0.18465875325559294,0.8037350314280772
Fusion-LSTM without derivatives,3,47,16,0.1709436944500751,0.7310585201536335
Fusion-LSTM without derivatives,3,47,17,0.17450945605196355,0.6972230938683016
Fusion-LSTM without derivatives,3,47,18,0.16477626373774917,0.6580808297643121
Fusion-LSTM without derivatives,3,47,19,0.1636824105424801,0.7727935894605249
Fusion-LSTM without derivatives,3,47,20,0.1658365469262152,0.6890259818710871
Fusion-LSTM without derivatives,3,47,21,0.17087060363239834,0.8684106784984
Fusion-LSTM without derivatives,3,47,22,0.15916636872364476,1.3335835484463714
Fusion-LSTM without derivatives,3,47,23,0.24114661047218042,0.7667511637543233
Fusion-LSTM without derivatives,3,47,24,0.19816540003005154,0.8062567143570202
Fusion-LSTM without derivatives,3,47,25,0.17787138142534717,0.7168115815401577
Fusion-LSTM without derivatives,3,47,26,0.16571383567395925,0.8474922526619969
Fusion-LSTM without derivatives,3,47,27,0.1844706690958516,0.8266266604077142
Fusion-LSTM without derivatives,3,47,28,0.16860800840854873,0.9031990645629056
Fusion-LSTM without derivatives,3,47,29,0.16292380227134862,0.8191107389374599
Fusion-LSTM without derivatives,3,47,30,0.15378713922671952,0.845628017305828
Fusion-LSTM without derivatives,3,47,31,0.14663658750895694,0.81013818769335
Fusion-LSTM without derivatives,3,47,32,0.1380559418276408,0.814419575457303
Fusion-LSTM without derivatives,3,47,33,0.13432516871242348,0.9117700826821837
Fusion-LSTM without derivatives,3,47,34,0.12161606978568097,0.9247188014554277
Fusion-LSTM without derivatives,3,47,35,0.1249623558663447,0.8600089077992009
Fusion-LSTM without derivatives,3,47,36,0.11325022642947848,0.8823095400440868
Fusion-LSTM without derivatives,3,47,37,0.1231676154909513,0.8805362668739675
Fusion-LSTM without derivatives,3,47,38,0.11193403953897114,0.9128345421337731
Fusion-LSTM without derivatives,3,47,39,0.11649328654728808,0.8793585515684552
Fusion-LSTM without derivatives,3,47,40,0.11337913001349213,0.8975699682499377
Fusion-LSTM without derivatives,3,47,41,0.1098908858014903,0.9429093365649257
Fusion-LSTM without derivatives,3,47,42,0.1153040188487152,0.9718539489265258
Fusion-LSTM without derivatives,3,47,43,0.10669096804904646,0.9279772051662769
Fusion-LSTM without derivatives,3,47,44,0.11555587966507729,0.9805175069040097
Fusion-LSTM without derivatives,3,47,45,0.09972124141000142,0.9845234598316237
Fusion-LSTM without derivatives,3,47,46,0.11723671684138454,1.0533595077178013
Fusion-LSTM without derivatives,3,47,47,0.13068435468927414,1.0754930060864494
Fusion-LSTM without derivatives,3,47,48,0.10636708476218973,0.9928223865587007
Fusion-LSTM without derivatives,3,47,49,0.10042258388952378,0.9784571647534706
Fusion-LSTM without derivatives,3,47,50,0.10583348197674533,1.0547213713937211
Fusion-LSTM without derivatives,3,47,51,0.09462415439956778,1.0548916137630835
Fusion-LSTM without derivatives,3,47,52,0.09195575712032229,1.0438989901161544
Fusion-LSTM without derivatives,3,47,53,0.10329545325277778,1.0875617585904442
Fusion-LSTM without derivatives,3,47,54,0.19024443620949733,0.9818238804206658
Fusion-LSTM without derivatives,3,47,55,0.1485894308314411,1.0351075488035284
Fusion-LSTM without derivatives,3,47,56,0.13060632900816221,0.9325410251347523
Fusion-LSTM without derivatives,3,47,57,0.13351444928288825,0.9616917931246307
Fusion-LSTM without derivatives,3,47,58,0.10538959266213467,1.1439590364835173
Fusion-LSTM without derivatives,3,47,59,0.1430017845619709,0.9058444443582488
Fusion-LSTM without derivatives,3,47,60,0.11319281734691346,0.8503181618214654
Fusion-LSTM without derivatives,3,48,1,1.049195317573139,0.654151076540757
Fusion-LSTM without derivatives,3,48,2,0.3582759587726462,0.5834873045015635
Fusion-LSTM without derivatives,3,48,3,0.3018528556405632,1.0465970752249223
Fusion-LSTM without derivatives,3,48,4,0.27330179323729936,1.2253021848401684
Fusion-LSTM without derivatives,3,48,5,0.2609668852274366,1.4353348657769978
Fusion-LSTM without derivatives,3,48,6,0.26253859506469984,0.6311814653798469
Fusion-LSTM without derivatives,3,48,7,0.2642788944464029,0.5675946495318063
Fusion-LSTM without derivatives,3,48,8,0.2387315467956963,0.6520925677797329
Fusion-LSTM without derivatives,3,48,9,0.24723995598631168,1.3421809377160463
Fusion-LSTM without derivatives,3,48,10,0.20471198642654886,2.095443775756304
Fusion-LSTM without derivatives,3,48,11,0.21761589305623455,0.7351016679025046
Fusion-LSTM without derivatives,3,48,12,0.2160639884457311,2.2161783355149582
Fusion-LSTM without derivatives,3,48,13,0.19676967919875357,2.5657413988930626
Fusion-LSTM without derivatives,3,48,14,0.20289934390090655,2.8711172284820043
Fusion-LSTM without derivatives,3,48,15,0.20689960273398536,2.0319555566745735
Fusion-LSTM without derivatives,3,48,16,0.20401055408180307,2.4464090194717145
Fusion-LSTM without derivatives,3,48,17,0.18947979507096316,2.682867144669877
Fusion-LSTM without derivatives,3,48,18,0.19817959710055627,1.2085942506665204
Fusion-LSTM without derivatives,3,48,19,0.18929271732630715,2.4007678480205796
Fusion-LSTM without derivatives,3,48,20,0.19698264790237496,2.5561206589454875
Fusion-LSTM without derivatives,3,48,21,0.18659918853266888,2.134546508922767
Fusion-LSTM without derivatives,3,48,22,0.20417013694432531,0.8822602732751355
Fusion-LSTM without derivatives,3,48,23,0.188792088073009,0.9496356041895019
Fusion-LSTM without derivatives,3,48,24,0.17213753251820255,1.218642107345773
Fusion-LSTM without derivatives,3,48,25,0.17899814756638413,1.3444818748118244
Fusion-LSTM without derivatives,3,48,26,0.19135636984390586,2.5780950974930756
Fusion-LSTM without derivatives,3,48,27,0.16767247594203744,2.540408485028229
Fusion-LSTM without derivatives,3,48,28,0.1693872266970233,2.4844072438635916
Fusion-LSTM without derivatives,3,48,29,0.1659904271956613,1.9128122685371705
Fusion-LSTM without derivatives,3,48,30,0.1638076317784254,1.859320609387112
Fusion-LSTM without derivatives,3,48,31,0.17229763242082857,1.7270773805412356
Fusion-LSTM without derivatives,3,48,32,0.16406626619102394,1.9686350729980309
Fusion-LSTM without derivatives,3,48,33,0.1605854813977848,1.779303803212113
Fusion-LSTM without derivatives,3,48,34,0.15108056407370563,1.081319889588676
Fusion-LSTM without derivatives,3,48,35,0.14280843246807928,1.401895566587678
Fusion-LSTM without derivatives,3,48,36,0.13286806155503114,1.144581305905708
Fusion-LSTM without derivatives,3,48,37,0.15377871113906214,1.4587662199695655
Fusion-LSTM without derivatives,3,48,38,0.14444864262863766,1.1636804175529964
Fusion-LSTM without derivatives,3,48,39,0.1203312618287696,1.4967636851129167
Fusion-LSTM without derivatives,3,48,40,0.12213271994155117,1.2179805955515717
Fusion-LSTM without derivatives,3,48,41,0.1268885890335209,1.223495179275734
Fusion-LSTM without derivatives,3,48,42,0.12029553963674591,1.6922456863447555
Fusion-LSTM without derivatives,3,48,43,0.12682811354460702,1.1191195626616228
Fusion-LSTM without derivatives,3,48,44,0.10888077839069775,1.2294932373680283
Fusion-LSTM without derivatives,3,48,45,0.1070784189103211,1.2370388326967288
Fusion-LSTM without derivatives,3,48,46,0.12324356518526325,1.2103214861680627
Fusion-LSTM without derivatives,3,48,47,0.1402209358680025,1.115497483530197
Fusion-LSTM without derivatives,3,48,48,0.12192399447800917,1.2253165133844133
Fusion-LSTM without derivatives,3,48,49,0.17550100764709692,0.9299209362805765
Fusion-LSTM without derivatives,3,48,50,0.1320505068617494,0.9731141289606284
Fusion-LSTM without derivatives,3,48,51,0.11839262704829193,1.0252309497797265
Fusion-LSTM without derivatives,3,48,52,0.10648491943215194,1.1641513111628201
Fusion-LSTM without derivatives,3,48,53,0.11092018859648924,1.1168810949198105
Fusion-LSTM without derivatives,3,48,54,0.11601142904490507,1.1441278654449392
Fusion-LSTM without derivatives,3,48,55,0.10465914316201975,1.2216364414561969
Fusion-LSTM without derivatives,3,48,56,0.15158181970637144,1.1828190781004273
Fusion-LSTM without derivatives,3,48,57,0.12305981376028936,1.271623620907903
Fusion-LSTM without derivatives,3,48,58,0.1016248962528639,1.338472007830438
Fusion-LSTM without derivatives,3,48,59,0.09519169115744794,1.2435153155612995
Fusion-LSTM without derivatives,3,48,60,0.14435745537272493,1.0691833845739969
Fusion-LSTM without derivatives,3,49,1,1.0195090608494726,0.6012579110183556
Fusion-LSTM without derivatives,3,49,2,0.40067183377181353,0.6502637345835848
Fusion-LSTM without derivatives,3,49,3,0.30369145721652824,0.6225908627300143
Fusion-LSTM without derivatives,3,49,4,0.2738243887548418,0.5968941896841461
Fusion-LSTM without derivatives,3,49,5,0.2681523087101245,0.5824844937154582
Fusion-LSTM without derivatives,3,49,6,0.25791608776657954,0.602275982530362
Fusion-LSTM without derivatives,3,49,7,0.2564739130961421,0.6100532110132262
Fusion-LSTM without derivatives,3,49,8,0.24975489104559662,1.1912270177710231
Fusion-LSTM without derivatives,3,49,9,0.25638089673963893,1.528126408531481
Fusion-LSTM without derivatives,3,49,10,0.24128416555645998,1.1882654997662678
Fusion-LSTM without derivatives,3,49,11,0.21967569993358868,1.6182534014903773
Fusion-LSTM without derivatives,3,49,12,0.21039895822923482,0.6972966500298282
Fusion-LSTM without derivatives,3,49,13,0.24565479457378386,1.3387903027564474
Fusion-LSTM without derivatives,3,49,14,0.21400557370451978,1.6089982202342972
Fusion-LSTM without derivatives,3,49,15,0.20458685454972295,2.134622317565062
Fusion-LSTM without derivatives,3,49,16,0.20873649588356005,2.1345803219067476
Fusion-LSTM without derivatives,3,49,17,0.20088421122202313,1.3634253900880833
Fusion-LSTM without derivatives,3,49,18,0.18648459119351996,1.09146008020427
Fusion-LSTM without derivatives,3,49,19,0.18961101786805948,2.5010050965367623
Fusion-LSTM without derivatives,3,49,20,0.1727613067146197,2.7112833111541077
Fusion-LSTM without derivatives,3,49,21,0.175160946904337,2.1093694623286368
Fusion-LSTM without derivatives,3,49,22,0.17038664712089283,3.3009402218667216
Fusion-LSTM without derivatives,3,49,23,0.21989451966587376,1.3430309852339186
Fusion-LSTM without derivatives,3,49,24,0.17473668435913162,1.8855528410375744
Fusion-LSTM without derivatives,3,49,25,0.1645007888726685,1.9420665797135115
Fusion-LSTM without derivatives,3,49,26,0.16893588637930287,2.1409984298472136
Fusion-LSTM without derivatives,3,49,27,0.16214351495471568,2.6560654767654226
Fusion-LSTM without derivatives,3,49,28,0.16647798762591243,2.043519125575789
Fusion-LSTM without derivatives,3,49,29,0.15761980442899856,2.47146131819899
Fusion-LSTM without derivatives,3,49,30,0.15099498851549462,2.256048101674086
Fusion-LSTM without derivatives,3,49,31,0.14957766099982475,2.5612240707037084
Fusion-LSTM without derivatives,3,49,32,0.1518833114329828,1.9227119971621212
Fusion-LSTM without derivatives,3,49,33,0.14241744954315574,3.185252362171059
Fusion-LSTM without derivatives,3,49,34,0.143275158473544,3.0494036028470135
Fusion-LSTM without derivatives,3,49,35,0.14751899084047804,3.2626355757128516
Fusion-LSTM without derivatives,3,49,36,0.14770746311679803,1.2169905738823068
Fusion-LSTM without derivatives,3,49,37,0.160672771903353,1.8327802917617422
Fusion-LSTM without derivatives,3,49,38,0.13889029009242054,2.419966785381675
Fusion-LSTM without derivatives,3,49,39,0.14039595167035812,2.240292339642343
Fusion-LSTM without derivatives,3,49,40,0.1302994395187552,1.882230238969471
Fusion-LSTM without derivatives,3,49,41,0.14828160782472802,2.4259080438868805
Fusion-LSTM without derivatives,3,49,42,0.19332844848496789,1.4744822828712203
Fusion-LSTM without derivatives,3,49,43,0.1352847664194062,2.393476297458013
Fusion-LSTM without derivatives,3,49,44,0.1292955615164695,2.5822802461855567
Fusion-LSTM without derivatives,3,49,45,0.13853652898666508,0.9081149311810419
Fusion-LSTM without derivatives,3,49,46,0.14592698879927304,1.3718971781260811
Fusion-LSTM without derivatives,3,49,47,0.14843839137196904,1.2187628499241996
Fusion-LSTM without derivatives,3,49,48,0.14802919703418965,1.183901799893479
Fusion-LSTM without derivatives,3,49,49,0.1251160478008632,1.7021527003879566
Fusion-LSTM without derivatives,3,49,50,0.13495465587448635,1.3704056676078893
Fusion-LSTM without derivatives,3,49,51,0.13407264557818024,1.4915301242464494
Fusion-LSTM without derivatives,3,49,52,0.12643988268102438,1.6309217670990985
Fusion-LSTM without derivatives,3,49,53,0.12551080415236113,1.9798452695460689
Fusion-LSTM without derivatives,3,49,54,0.12549250378338933,1.7744726364655066
Fusion-LSTM without derivatives,3,49,55,0.11353331365585555,1.85005685740172
Fusion-LSTM without derivatives,3,49,56,0.11603767625882151,1.5961406685146395
Fusion-LSTM without derivatives,3,49,57,0.11455481167717492,2.0412590928235144
Fusion-LSTM without derivatives,3,49,58,0.11818618650465566,1.7787233970949985
Fusion-LSTM without derivatives,3,49,59,0.10734915270353311,1.6330912779524642
Fusion-LSTM without derivatives,3,49,60,0.11384375610984064,1.40566519165189
Fusion-LSTM without derivatives,3,50,1,1.0313529801660357,0.7312773303665705
Fusion-LSTM without derivatives,3,50,2,0.4558152612378473,0.7285075130202735
Fusion-LSTM without derivatives,3,50,3,0.3471646340979713,0.7439332414473128
Fusion-LSTM without derivatives,3,50,4,0.3151664797683739,0.6569698078077544
Fusion-LSTM without derivatives,3,50,5,0.28971692487278483,0.6461702162864573
Fusion-LSTM without derivatives,3,50,6,0.27630695427685337,0.6419079125677265
Fusion-LSTM without derivatives,3,50,7,0.2654543676872137,0.6526810011398867
Fusion-LSTM without derivatives,3,50,8,0.25335125339869696,0.6437895540421364
Fusion-LSTM without derivatives,3,50,9,0.24208501955602513,0.6061410899557158
Fusion-LSTM without derivatives,3,50,10,0.23993561762735385,0.6247727706622278
Fusion-LSTM without derivatives,3,50,11,0.2088976619258204,0.6403679628417177
Fusion-LSTM without derivatives,3,50,12,0.21594332170869232,0.63937978662035
Fusion-LSTM without derivatives,3,50,13,0.21314957054497088,0.6840532015329637
Fusion-LSTM without derivatives,3,50,14,0.197602631608366,0.955211458653524
Fusion-LSTM without derivatives,3,50,15,0.1935619441376549,0.7027919427403864
Fusion-LSTM without derivatives,3,50,16,0.1997449972487371,0.7844177115888216
Fusion-LSTM without derivatives,3,50,17,0.23399642889048983,1.0217492266458534
Fusion-LSTM without derivatives,3,50,18,0.1928126893914803,0.7054443569615702
Fusion-LSTM without derivatives,3,50,19,0.20675200202049465,0.7231548509757724
Fusion-LSTM without derivatives,3,50,20,0.20216620713415404,1.1670084815917525
Fusion-LSTM without derivatives,3,50,21,0.18452721737575822,0.7934469121119762
Fusion-LSTM without derivatives,3,50,22,0.19563786843136546,1.3580373517184887
Fusion-LSTM without derivatives,3,50,23,0.1810642637659878,1.070910339647869
Fusion-LSTM without derivatives,3,50,24,0.18113631455723297,1.159941707048526
Fusion-LSTM without derivatives,3,50,25,0.17817749513444187,1.1013231427414611
Fusion-LSTM without derivatives,3,50,26,0.18080528351145053,1.6784403465641369
Fusion-LSTM without derivatives,3,50,27,0.16927081458042703,2.0330332411410175
Fusion-LSTM without derivatives,3,50,28,0.17998145277347039,1.394581146991228
Fusion-LSTM without derivatives,3,50,29,0.1819373449054333,1.2866870374799524
Fusion-LSTM without derivatives,3,50,30,0.1668982755609244,1.9117714777057775
Fusion-LSTM without derivatives,3,50,31,0.15230795764777275,2.101308420331723
Fusion-LSTM without derivatives,3,50,32,0.14882549838154413,2.2217718906060204
Fusion-LSTM without derivatives,3,50,33,0.1437543567987757,1.9647281828104075
Fusion-LSTM without derivatives,3,50,34,0.14620278198784645,1.0323608148085497
Fusion-LSTM without derivatives,3,50,35,0.17673174151239365,0.7501145409150693
Fusion-LSTM without derivatives,3,50,36,0.16493683332799497,0.747815865890535
Fusion-LSTM without derivatives,3,50,37,0.16836306137411602,0.9130140626080631
Fusion-LSTM without derivatives,3,50,38,0.176902927280566,1.0030246094900108
Fusion-LSTM without derivatives,3,50,39,0.15957431931515717,1.315738245657405
Fusion-LSTM without derivatives,3,50,40,0.13627877697940996,1.721704888018922
Fusion-LSTM without derivatives,3,50,41,0.13583796673229345,1.2851627017966856
Fusion-LSTM without derivatives,3,50,42,0.15461209568363082,0.9891186235960675
Fusion-LSTM without derivatives,3,50,43,0.15124063522808412,1.5635807795344658
Fusion-LSTM without derivatives,3,50,44,0.133674667707277,1.9175944648198862
Fusion-LSTM without derivatives,3,50,45,0.1276391011229873,2.041845177423279
Fusion-LSTM without derivatives,3,50,46,0.13313131864419042,1.7463543373521269
Fusion-LSTM without derivatives,3,50,47,0.1360757076412166,1.5550514340119541
Fusion-LSTM without derivatives,3,50,48,0.13442136898682389,1.8476759334186588
Fusion-LSTM without derivatives,3,50,49,0.16844136059250034,1.8245578674400378
Fusion-LSTM without derivatives,3,50,50,0.12310580821246456,2.097547065474452
Fusion-LSTM without derivatives,3,50,51,0.14239752707313688,2.0335688411689654
Fusion-LSTM without derivatives,3,50,52,0.15130132587358858,2.067434290482563
Fusion-LSTM without derivatives,3,50,53,0.13876955224833357,1.8488922302515503
Fusion-LSTM without derivatives,3,50,54,0.13046606912801686,2.3049248044283384
Fusion-LSTM without derivatives,3,50,55,0.1273747055173285,1.8532201817856644
Fusion-LSTM without derivatives,3,50,56,0.1359598785630265,1.9906216085238277
Fusion-LSTM without derivatives,3,50,57,0.11959957861446915,2.1482909251965068
Fusion-LSTM without derivatives,3,50,58,0.10547695067976046,2.4301933408626972
Fusion-LSTM without derivatives,3,50,59,0.10747567046012171,2.561272337501654
Fusion-LSTM without derivatives,3,50,60,0.1137081268571021,2.595305285184201
Fusion-LSTM without derivatives,3,51,1,0.9930019253619949,0.5885831125127444
Fusion-LSTM without derivatives,3,51,2,0.38473735435293355,0.583368096086714
Fusion-LSTM without derivatives,3,51,3,0.32376242238538344,0.5790364009404333
Fusion-LSTM without derivatives,3,51,4,0.2835477278411206,0.6054374593733741
Fusion-LSTM without derivatives,3,51,5,0.27527978649926843,0.6112235747668229
Fusion-LSTM without derivatives,3,51,6,0.2640134640516491,0.7869419426163288
Fusion-LSTM without derivatives,3,51,7,0.250996192217739,0.683163638759709
Fusion-LSTM without derivatives,3,51,8,0.2527962601512944,0.6475113205127496
Fusion-LSTM without derivatives,3,51,9,0.2554799908060091,0.6272727979866464
Fusion-LSTM without derivatives,3,51,10,0.2486007070242903,0.6720651443461952
Fusion-LSTM without derivatives,3,51,11,0.2370065328360333,0.6932409876797434
Fusion-LSTM without derivatives,3,51,12,0.23732961217562357,0.723801567369537
Fusion-LSTM without derivatives,3,51,13,0.22552032300273941,0.9748769257241076
Fusion-LSTM without derivatives,3,51,14,0.2178842378011264,0.9151295021145099
Fusion-LSTM without derivatives,3,51,15,0.20547262376761036,1.4137921730677288
Fusion-LSTM without derivatives,3,51,16,0.19472279287760774,1.9847190762153462
Fusion-LSTM without derivatives,3,51,17,0.23340778610802937,0.7215032651395668
Fusion-LSTM without derivatives,3,51,18,0.19475934466273048,0.8711357221038586
Fusion-LSTM without derivatives,3,51,19,0.19598478801571265,1.3363412174101397
Fusion-LSTM without derivatives,3,51,20,0.19996529093029303,1.7365698762222406
Fusion-LSTM without derivatives,3,51,21,0.1799925364964052,0.8327455237289145
Fusion-LSTM without derivatives,3,51,22,0.20279879161706393,1.8880243561927628
Fusion-LSTM without derivatives,3,51,23,0.19470383820639472,1.083574837389982
Fusion-LSTM without derivatives,3,51,24,0.19979318322027131,1.423063002011311
Fusion-LSTM without derivatives,3,51,25,0.18355196285138436,0.7896406261925927
Fusion-LSTM without derivatives,3,51,26,0.183612817762824,1.182395912003967
Fusion-LSTM without derivatives,3,51,27,0.17838797325023453,1.1324953014651935
Fusion-LSTM without derivatives,3,51,28,0.1703937671115958,1.5228380928874266
Fusion-LSTM without derivatives,3,51,29,0.17119402541844486,1.6020604476988691
Fusion-LSTM without derivatives,3,51,30,0.15522940900826127,0.9800478140013273
Fusion-LSTM without derivatives,3,51,31,0.14933577365831496,1.875786062915745
Fusion-LSTM without derivatives,3,51,32,0.1525359206015546,1.6918253231504679
Fusion-LSTM without derivatives,3,51,33,0.1414636368037341,1.016921371658893
Fusion-LSTM without derivatives,3,51,34,0.14603271210047813,1.5729541464452974
Fusion-LSTM without derivatives,3,51,35,0.15461222138626085,1.297352645304093
Fusion-LSTM without derivatives,3,51,36,0.13315265439792512,1.798210735481615
Fusion-LSTM without derivatives,3,51,37,0.13249183018529498,1.4124892842438486
Fusion-LSTM without derivatives,3,51,38,0.12379807117608708,1.2268697552429806
Fusion-LSTM without derivatives,3,51,39,0.15798371100701414,1.1594221827025433
Fusion-LSTM without derivatives,3,51,40,0.13482892622641468,1.9883264806785423
Fusion-LSTM without derivatives,3,51,41,0.15824663041769,1.228739193869087
Fusion-LSTM without derivatives,3,51,42,0.14158503444187504,1.260408348890033
Fusion-LSTM without derivatives,3,51,43,0.13983809858879548,1.3246069576442867
Fusion-LSTM without derivatives,3,51,44,0.12880097476079125,1.2001379416236337
Fusion-LSTM without derivatives,3,51,45,0.13107653788578574,1.0551614888340421
Fusion-LSTM without derivatives,3,51,46,0.13977687998649177,1.361944204801596
Fusion-LSTM without derivatives,3,51,47,0.16867561343977575,1.173389724184382
Fusion-LSTM without derivatives,3,51,48,0.12699150710113188,1.142682835139506
Fusion-LSTM without derivatives,3,51,49,0.12742385400333855,1.1104481440170255
Fusion-LSTM without derivatives,3,51,50,0.13256871521655209,1.1396767790946696
Fusion-LSTM without derivatives,3,51,51,0.1299824285756694,1.038998017216441
Fusion-LSTM without derivatives,3,51,52,0.12150985633025932,1.0344509006218217
Fusion-LSTM without derivatives,3,51,53,0.1160703218493622,1.0835964496655535
Fusion-LSTM without derivatives,3,51,54,0.1249842408691342,1.0854563463705766
Fusion-LSTM without derivatives,3,51,55,0.10996636687222561,1.2214598591581955
Fusion-LSTM without derivatives,3,51,56,0.10667253254203621,1.158473676019807
Fusion-LSTM without derivatives,3,51,57,0.11575830876670595,1.1572408758853592
Fusion-LSTM without derivatives,3,51,58,0.11873567567380652,1.0705845606761284
Fusion-LSTM without derivatives,3,51,59,0.11921160204694906,1.096841759784479
Fusion-LSTM without derivatives,3,51,60,0.10833999089076432,1.149223227327225
Fusion-LSTM without derivatives,4,42,1,1.0883780607221492,0.6164263726780249
Fusion-LSTM without derivatives,4,42,2,0.3558325363282343,0.5439471827363068
Fusion-LSTM without derivatives,4,42,3,0.31009489017089825,0.555593470919807
Fusion-LSTM without derivatives,4,42,4,0.298684889160165,0.5518002844956436
Fusion-LSTM without derivatives,4,42,5,0.2875457352833085,0.5488718939902147
Fusion-LSTM without derivatives,4,42,6,0.27578479876569567,0.5925184609505115
Fusion-LSTM without derivatives,4,42,7,0.2792160447079612,0.5601914004272385
Fusion-LSTM without derivatives,4,42,8,0.26694033360641106,0.6103228934780857
Fusion-LSTM without derivatives,4,42,9,0.2490438474900889,0.5830419642745324
Fusion-LSTM without derivatives,4,42,10,0.25460490266264707,0.5687158825012623
Fusion-LSTM without derivatives,4,42,11,0.24057200258688433,0.6049871347235434
Fusion-LSTM without derivatives,4,42,12,0.24952626758338536,0.5636747610643975
Fusion-LSTM without derivatives,4,42,13,0.2251985082343673,0.6265427899435632
Fusion-LSTM without derivatives,4,42,14,0.23690512697504873,0.6331025578190945
Fusion-LSTM without derivatives,4,42,15,0.21391840803324547,0.6337914876717942
Fusion-LSTM without derivatives,4,42,16,0.21980326494955227,0.6563668071099047
Fusion-LSTM without derivatives,4,42,17,0.21027220181868417,0.7062763103617812
Fusion-LSTM without derivatives,4,42,18,0.1950796593293474,0.7090267039195046
Fusion-LSTM without derivatives,4,42,19,0.18988322376437228,0.9627852957047507
Fusion-LSTM without derivatives,4,42,20,0.18380732994445126,0.7599195521363922
Fusion-LSTM without derivatives,4,42,21,0.17476821042486876,0.8077824443688058
Fusion-LSTM without derivatives,4,42,22,0.18638947681801876,0.7933755238507278
Fusion-LSTM without derivatives,4,42,23,0.17274753727812792,0.7965216128549986
Fusion-LSTM without derivatives,4,42,24,0.16580630804694027,0.8789152884133457
Fusion-LSTM without derivatives,4,42,25,0.16333104951876357,0.8292288111612607
Fusion-LSTM without derivatives,4,42,26,0.17681089021533664,0.8630278504275926
Fusion-LSTM without derivatives,4,42,27,0.16339757157017754,0.8369841266431274
Fusion-LSTM without derivatives,4,42,28,0.15050838570108527,0.839156138392427
Fusion-LSTM without derivatives,4,42,29,0.16004323930168707,0.7943656844569202
Fusion-LSTM without derivatives,4,42,30,0.1637143857472155,0.8328189417423068
Fusion-LSTM without derivatives,4,42,31,0.14859402552509948,0.8663219242694493
Fusion-LSTM without derivatives,4,42,32,0.14252922137911334,0.8370999670519144
Fusion-LSTM without derivatives,4,42,33,0.14827409029091085,0.8504936256889152
Fusion-LSTM without derivatives,4,42,34,0.1524536878753903,0.836379528850067
Fusion-LSTM without derivatives,4,42,35,0.14448132914351003,0.8552274151668109
Fusion-LSTM without derivatives,4,42,36,0.1418242844120036,0.8426963879767829
Fusion-LSTM without derivatives,4,42,37,0.12921709916176474,0.9324237167429125
Fusion-LSTM without derivatives,4,42,38,0.14172150947195633,0.9484224543131622
Fusion-LSTM without derivatives,4,42,39,0.13687099369693662,0.878498790891103
Fusion-LSTM without derivatives,4,42,40,0.12633995896884903,0.9605824310543403
Fusion-LSTM without derivatives,4,42,41,0.1307458398921511,0.9849230662238173
Fusion-LSTM without derivatives,4,42,42,0.12298630508045412,1.030207845657689
Fusion-LSTM without derivatives,4,42,43,0.12973901135590646,0.9231456501460176
Fusion-LSTM without derivatives,4,42,44,0.12726401187737138,0.9789580192174802
Fusion-LSTM without derivatives,4,42,45,0.1314375361844361,1.0236657654058259
Fusion-LSTM without derivatives,4,42,46,0.1346896822625428,0.873285445324155
Fusion-LSTM without derivatives,4,42,47,0.12585867024779362,0.8448220299873149
Fusion-LSTM without derivatives,4,42,48,0.12418198663328597,0.9508178014526889
Fusion-LSTM without derivatives,4,42,49,0.12732730622764155,0.9114077710692987
Fusion-LSTM without derivatives,4,42,50,0.11062102055541209,0.9162701513282407
Fusion-LSTM without derivatives,4,42,51,0.11944685294835099,0.9411165721761355
Fusion-LSTM without derivatives,4,42,52,0.1366665211040198,0.8600806778285114
Fusion-LSTM without derivatives,4,42,53,0.10538331811738923,0.8802158115529289
Fusion-LSTM without derivatives,4,42,54,0.10127928968710889,0.9037493587055672
Fusion-LSTM without derivatives,4,42,55,0.10217043929375134,0.9079973359496588
Fusion-LSTM without derivatives,4,42,56,0.12669247042469223,0.9104972880810062
Fusion-LSTM without derivatives,4,42,57,0.12818324352412805,0.8850124134238911
Fusion-LSTM without derivatives,4,42,58,0.11853775772711048,0.9259448145483025
Fusion-LSTM without derivatives,4,42,59,0.09551743422710483,1.0099538188013766
Fusion-LSTM without derivatives,4,42,60,0.11220719734431575,0.972875064469296
Fusion-LSTM without derivatives,4,43,1,1.0617238628081898,0.6598180667409357
Fusion-LSTM without derivatives,4,43,2,0.3735563236807296,0.9517512141533617
Fusion-LSTM without derivatives,4,43,3,0.3266672700664571,0.5385128474585416
Fusion-LSTM without derivatives,4,43,4,0.31079147540521856,0.5941725579447716
Fusion-LSTM without derivatives,4,43,5,0.2887746325116302,0.5741984205051038
Fusion-LSTM without derivatives,4,43,6,0.27539320217528307,0.7090849461233091
Fusion-LSTM without derivatives,4,43,7,0.2760202975742566,0.5966179443042983
Fusion-LSTM without derivatives,4,43,8,0.25272534074670594,1.008195011089683
Fusion-LSTM without derivatives,4,43,9,0.24050970746752404,0.7401598157435343
Fusion-LSTM without derivatives,4,43,10,0.24219391910896892,0.8036400564249206
Fusion-LSTM without derivatives,4,43,11,0.23824531596019896,0.7108368939042591
Fusion-LSTM without derivatives,4,43,12,0.2251742522987414,0.7503024003228301
Fusion-LSTM without derivatives,4,43,13,0.21370724225305046,0.7030265612734689
Fusion-LSTM without derivatives,4,43,14,0.21100463400592917,0.7210257179660242
Fusion-LSTM without derivatives,4,43,15,0.2027994454138365,0.8564472744003157
Fusion-LSTM without derivatives,4,43,16,0.19254574775906122,0.9092546000733066
Fusion-LSTM without derivatives,4,43,17,0.19636864542971635,0.8896404009242103
Fusion-LSTM without derivatives,4,43,18,0.19678929259365682,0.9434383757709207
Fusion-LSTM without derivatives,4,43,19,0.19077355572368868,0.8518544103778446
Fusion-LSTM without derivatives,4,43,20,0.17139393869385217,0.9151308272283845
Fusion-LSTM without derivatives,4,43,21,0.17132709834175205,1.1549990810219597
Fusion-LSTM without derivatives,4,43,22,0.23220009377243322,0.9416985667351657
Fusion-LSTM without derivatives,4,43,23,0.18082761991671803,0.7875537118665578
Fusion-LSTM without derivatives,4,43,24,0.16789292121909416,1.2205939299936563
Fusion-LSTM without derivatives,4,43,25,0.16670509993020463,0.8960513104245348
Fusion-LSTM without derivatives,4,43,26,0.14160391575037046,1.1253178732653208
Fusion-LSTM without derivatives,4,43,27,0.15139705412242307,1.046269587266495
Fusion-LSTM without derivatives,4,43,28,0.14414700529233787,0.9872236733229155
Fusion-LSTM without derivatives,4,43,29,0.149847166369562,0.8802927804708606
Fusion-LSTM without derivatives,4,43,30,0.16325461574230046,1.022682928173672
Fusion-LSTM without derivatives,4,43,31,0.15749447866906224,1.51500627441445
Fusion-LSTM without derivatives,4,43,32,0.15103805804955092,1.540489344141081
Fusion-LSTM without derivatives,4,43,33,0.14607290922543828,1.0755386282602009
Fusion-LSTM without derivatives,4,43,34,0.15670524840949704,1.0911867227717702
Fusion-LSTM without derivatives,4,43,35,0.15680760568981872,0.902403729848673
Fusion-LSTM without derivatives,4,43,36,0.13547777342981407,1.3548934001366235
Fusion-LSTM without derivatives,4,43,37,0.14256368510177964,0.9709101936485095
Fusion-LSTM without derivatives,4,43,38,0.13422803336527034,0.9685311223999197
Fusion-LSTM without derivatives,4,43,39,0.13653059209116597,0.9573636876821393
Fusion-LSTM without derivatives,4,43,40,0.11761529216820199,1.0033463530039388
Fusion-LSTM without derivatives,4,43,41,0.1472174143793302,0.8753933424766583
Fusion-LSTM without derivatives,4,43,42,0.11900165904741852,0.9684612818952626
Fusion-LSTM without derivatives,4,43,43,0.10800117186954851,0.9643731661789134
Fusion-LSTM without derivatives,4,43,44,0.1111164814309495,0.9928494786816323
Fusion-LSTM without derivatives,4,43,45,0.10244165476603498,1.0131325605218016
Fusion-LSTM without derivatives,4,43,46,0.11391309084832121,0.9722916278753828
Fusion-LSTM without derivatives,4,43,47,0.11214125487919248,1.0806877613848611
Fusion-LSTM without derivatives,4,43,48,0.1085925945721635,0.9695221595856629
Fusion-LSTM without derivatives,4,43,49,0.11528638243903955,0.8656358452166276
Fusion-LSTM without derivatives,4,43,50,0.10511978873398073,1.0023060831977386
Fusion-LSTM without derivatives,4,43,51,0.10299616734495277,1.1592321809326578
Fusion-LSTM without derivatives,4,43,52,0.09388797247391943,1.2185392563448012
Fusion-LSTM without derivatives,4,43,53,0.13115384468076594,1.0721074501501564
Fusion-LSTM without derivatives,4,43,54,0.10860287546901191,1.1250833841177403
Fusion-LSTM without derivatives,4,43,55,0.11140655606312069,1.0692016925248835
Fusion-LSTM without derivatives,4,43,56,0.08368478979896977,1.2264438492267449
Fusion-LSTM without derivatives,4,43,57,0.08093253815718832,1.1374034494302183
Fusion-LSTM without derivatives,4,43,58,0.07688283696905404,1.0984211637788848
Fusion-LSTM without derivatives,4,43,59,0.09045701512334711,1.1976173031505049
Fusion-LSTM without derivatives,4,43,60,0.09036222578078278,1.137199693181761
Fusion-LSTM without derivatives,4,44,1,1.0947321274369723,0.6577699906671072
Fusion-LSTM without derivatives,4,44,2,0.4046530864906715,0.5664386005771485
Fusion-LSTM without derivatives,4,44,3,0.32848561190768033,0.5413746540776339
Fusion-LSTM without derivatives,4,44,4,0.3035596183848869,0.5222773893074419
Fusion-LSTM without derivatives,4,44,5,0.28482766892174727,0.547745605559719
Fusion-LSTM without derivatives,4,44,6,0.2663131274635218,0.5677238581253048
Fusion-LSTM without derivatives,4,44,7,0.2573649690722443,0.6030759260964343
Fusion-LSTM without derivatives,4,44,8,0.2563066907810677,0.566831013425966
Fusion-LSTM without derivatives,4,44,9,0.2396895298464835,0.6123678348411804
Fusion-LSTM without derivatives,4,44,10,0.23094892916161155,0.6069790876980098
Fusion-LSTM without derivatives,4,44,11,0.23559041835509645,0.603103976025084
Fusion-LSTM without derivatives,4,44,12,0.2273360420657281,0.6342594541718625
Fusion-LSTM without derivatives,4,44,13,0.21881532944060583,0.6250647130877217
Fusion-LSTM without derivatives,4,44,14,0.20931218383372377,0.7274840299266564
Fusion-LSTM without derivatives,4,44,15,0.2076200856212671,0.6317637596646445
Fusion-LSTM without derivatives,4,44,16,0.2000157604481691,0.6424024511027137
Fusion-LSTM without derivatives,4,44,17,0.19412225627865518,0.6611464693829948
Fusion-LSTM without derivatives,4,44,18,0.2105808571959013,0.64192106050734
Fusion-LSTM without derivatives,4,44,19,0.18998716887278547,0.7061744804574134
Fusion-LSTM without derivatives,4,44,20,0.20155252061978812,0.7562368765387457
Fusion-LSTM without derivatives,4,44,21,0.22366200817581963,0.7367019919167025
Fusion-LSTM without derivatives,4,44,22,0.18802423626920584,0.7354472079538824
Fusion-LSTM without derivatives,4,44,23,0.18198612495867736,0.8793319584157482
Fusion-LSTM without derivatives,4,44,24,0.15734080759967475,0.7967973127102077
Fusion-LSTM without derivatives,4,44,25,0.15904281684181054,1.0229645827999905
Fusion-LSTM without derivatives,4,44,26,0.16880746443421385,1.0022511832509775
Fusion-LSTM without derivatives,4,44,27,0.1542308159440693,1.250218537993401
Fusion-LSTM without derivatives,4,44,28,0.1456429086620318,0.9195955741049359
Fusion-LSTM without derivatives,4,44,29,0.14226221732253666,1.2242398610342473
Fusion-LSTM without derivatives,4,44,30,0.15090792716054235,0.8503123076019548
Fusion-LSTM without derivatives,4,44,31,0.13406589012080378,0.8898582681857315
Fusion-LSTM without derivatives,4,44,32,0.13347343886474866,0.8696461525868695
Fusion-LSTM without derivatives,4,44,33,0.12848195990964234,0.99649517675686
Fusion-LSTM without derivatives,4,44,34,0.11412407139128228,0.9932236082254434
Fusion-LSTM without derivatives,4,44,35,0.14033804351566445,0.9709667914295159
Fusion-LSTM without derivatives,4,44,36,0.1201157765587872,1.1280811783551108
Fusion-LSTM without derivatives,4,44,37,0.10364797877525055,1.0061146556956213
Fusion-LSTM without derivatives,4,44,38,0.09817490419905288,1.1026029579528847
Fusion-LSTM without derivatives,4,44,39,0.1038290511937674,1.1940992945801288
Fusion-LSTM without derivatives,4,44,40,0.11133363689956484,1.1285200861421272
Fusion-LSTM without derivatives,4,44,41,0.0972439691019504,0.975696550123784
Fusion-LSTM without derivatives,4,44,42,0.08985028976946544,1.1652097500649825
Fusion-LSTM without derivatives,4,44,43,0.10475756910458028,1.024558506179718
Fusion-LSTM without derivatives,4,44,44,0.09946913303164588,1.0125231849931695
Fusion-LSTM without derivatives,4,44,45,0.08460599227151823,1.1881790615313645
Fusion-LSTM without derivatives,4,44,46,0.09873943925745149,1.0393309546341687
Fusion-LSTM without derivatives,4,44,47,0.0860942447362185,1.0510660109014507
Fusion-LSTM without derivatives,4,44,48,0.07684156490291351,1.128058621749688
Fusion-LSTM without derivatives,4,44,49,0.07790237202472727,1.0116970051212755
Fusion-LSTM without derivatives,4,44,50,0.07756308925219127,1.1655029401503332
Fusion-LSTM without derivatives,4,44,51,0.0717961122515173,1.1472021261077818
Fusion-LSTM without derivatives,4,44,52,0.08630275217344328,1.2043870949543685
Fusion-LSTM without derivatives,4,44,53,0.07476751274911025,1.089383642854993
Fusion-LSTM without derivatives,4,44,54,0.07369483516261707,1.0564217336077548
Fusion-LSTM without derivatives,4,44,55,0.07892144641026608,1.1831951369795035
Fusion-LSTM without derivatives,4,44,56,0.11341234788519772,1.2504305564944849
Fusion-LSTM without derivatives,4,44,57,0.08427135869282269,1.1921661201653615
Fusion-LSTM without derivatives,4,44,58,0.0682811110938361,1.2915932241362564
Fusion-LSTM without derivatives,4,44,59,0.07483170953912473,1.358770310565384
Fusion-LSTM without derivatives,4,44,60,0.08040841462204973,1.1660111138433125
Fusion-LSTM without derivatives,4,45,1,1.098345678964802,0.757334891855092
Fusion-LSTM without derivatives,4,45,2,0.42675587970266565,0.5377256266725888
Fusion-LSTM without derivatives,4,45,3,0.3278746205942683,0.553917418548396
Fusion-LSTM without derivatives,4,45,4,0.293974267732912,0.5930997765539078
Fusion-LSTM without derivatives,4,45,5,0.29272253965944495,0.6417231894639053
Fusion-LSTM without derivatives,4,45,6,0.2680003149835846,0.5962760680876438
Fusion-LSTM without derivatives,4,45,7,0.28444521686478913,0.5562081824933458
Fusion-LSTM without derivatives,4,45,8,0.2628995713921778,0.5903843288901467
Fusion-LSTM without derivatives,4,45,9,0.25991386665200883,0.5934810987683462
Fusion-LSTM without derivatives,4,45,10,0.24826588787154236,0.6034036198751982
Fusion-LSTM without derivatives,4,45,11,0.24671519112864598,0.5704372365269771
Fusion-LSTM without derivatives,4,45,12,0.24596049863484937,0.6833940128360404
Fusion-LSTM without derivatives,4,45,13,0.2576059788234148,0.590093706451372
Fusion-LSTM without derivatives,4,45,14,0.23643975848451668,0.5602935168978054
Fusion-LSTM without derivatives,4,45,15,0.23128997749565516,0.5782333040137461
Fusion-LSTM without derivatives,4,45,16,0.2314417730246578,0.5986622971808635
Fusion-LSTM without derivatives,4,45,17,0.21820124627295395,0.6406225543352043
Fusion-LSTM without derivatives,4,45,18,0.21620316828693734,0.6416961285178266
Fusion-LSTM without derivatives,4,45,19,0.23008619171048691,0.6169552773049792
Fusion-LSTM without derivatives,4,45,20,0.21861561638583746,0.6341206269569117
Fusion-LSTM without derivatives,4,45,21,0.22301985394937857,0.5911959605896748
Fusion-LSTM without derivatives,4,45,22,0.21327558373302832,0.5810831049203373
Fusion-LSTM without derivatives,4,45,23,0.1988375509761132,0.6909815765276894
Fusion-LSTM without derivatives,4,45,24,0.18804191067636056,0.7631117853353608
Fusion-LSTM without derivatives,4,45,25,0.19433331409641447,0.6702245551960023
Fusion-LSTM without derivatives,4,45,26,0.16989685651296113,0.7643619465877924
Fusion-LSTM without derivatives,4,45,27,0.1951840254586603,0.712311154516488
Fusion-LSTM without derivatives,4,45,28,0.19100994595583468,0.7222140521373389
Fusion-LSTM without derivatives,4,45,29,0.16381150388389554,0.8371488219224682
Fusion-LSTM without derivatives,4,45,30,0.17316269724194064,0.7937891054703254
Fusion-LSTM without derivatives,4,45,31,0.15177446620600613,0.9121506596823659
Fusion-LSTM without derivatives,4,45,32,0.1556083997586662,0.9649218056249419
Fusion-LSTM without derivatives,4,45,33,0.14828915862483547,0.9821854471551172
Fusion-LSTM without derivatives,4,45,34,0.1307290862501719,1.065175673262503
Fusion-LSTM without derivatives,4,45,35,0.16665481919936714,0.8002183415557979
Fusion-LSTM without derivatives,4,45,36,0.18078537915761655,0.7356076585109379
Fusion-LSTM without derivatives,4,45,37,0.14349835566340322,0.9151259355434457
Fusion-LSTM without derivatives,4,45,38,0.13975360013160726,0.7911730717937902
Fusion-LSTM without derivatives,4,45,39,0.13634909917097657,0.8549260116363846
Fusion-LSTM without derivatives,4,45,40,0.1354615071626747,0.8319455448467776
Fusion-LSTM without derivatives,4,45,41,0.14263176095153382,0.8702913545681246
Fusion-LSTM without derivatives,4,45,42,0.1355688539540675,1.020121404944101
Fusion-LSTM without derivatives,4,45,43,0.1382650715958172,1.0616952733876694
Fusion-LSTM without derivatives,4,45,44,0.12971499101400122,1.0499448922210894
Fusion-LSTM without derivatives,4,45,45,0.12743735700929845,1.1079969026570051
Fusion-LSTM without derivatives,4,45,46,0.13811058942005092,1.0908547927482948
Fusion-LSTM without derivatives,4,45,47,0.11702658136124837,1.190545357451374
Fusion-LSTM without derivatives,4,45,48,0.13345702144993637,1.2227192666436266
Fusion-LSTM without derivatives,4,45,49,0.11546052544625528,1.231933188040895
Fusion-LSTM without derivatives,4,45,50,0.11128937353655412,1.3047505519987401
Fusion-LSTM without derivatives,4,45,51,0.11720283610263843,1.249036970148078
Fusion-LSTM without derivatives,4,45,52,0.1477987375070953,1.163207461838796
Fusion-LSTM without derivatives,4,45,53,0.131515256823918,1.2446052818022184
Fusion-LSTM without derivatives,4,45,54,0.12060875513432476,1.3738928864626077
Fusion-LSTM without derivatives,4,45,55,0.11666677758654996,1.352072559328324
Fusion-LSTM without derivatives,4,45,56,0.11175829796784346,1.3374955576280252
Fusion-LSTM without derivatives,4,45,57,0.10343495857850606,1.4283563691372954
Fusion-LSTM without derivatives,4,45,58,0.09496329436124674,1.367969133323
Fusion-LSTM without derivatives,4,45,59,0.09897090862289888,1.4625571164960507
Fusion-LSTM without derivatives,4,45,60,0.1321754459930543,1.4168108737572591
Fusion-LSTM without derivatives,4,46,1,1.0359770786240645,0.611069406103538
Fusion-LSTM without derivatives,4,46,2,0.43101955396067365,0.5453865744282864
Fusion-LSTM without derivatives,4,46,3,0.3437219298929081,0.5028422998432344
Fusion-LSTM without derivatives,4,46,4,0.3283772904770258,0.5343550812273405
Fusion-LSTM without derivatives,4,46,5,0.31322894728595974,0.49828265235608976
Fusion-LSTM without derivatives,4,46,6,0.29692280243348723,0.5438650003019369
Fusion-LSTM without derivatives,4,46,7,0.2757953201475157,0.551605903377573
Fusion-LSTM without derivatives,4,46,8,0.2622778911929612,0.5750758717270017
Fusion-LSTM without derivatives,4,46,9,0.2815960595724695,0.5975840671507318
Fusion-LSTM without derivatives,4,46,10,0.26536593309110035,0.6139272232725436
Fusion-LSTM without derivatives,4,46,11,0.25018805702891916,0.6183986993080914
Fusion-LSTM without derivatives,4,46,12,0.23577261665124832,0.5759688666406667
Fusion-LSTM without derivatives,4,46,13,0.2613052447118133,0.6872116144848069
Fusion-LSTM without derivatives,4,46,14,0.2485610154222752,0.521226771472635
Fusion-LSTM without derivatives,4,46,15,0.23649598653878473,0.6216517501907028
Fusion-LSTM without derivatives,4,46,16,0.23666300124573555,0.6027463438375941
Fusion-LSTM without derivatives,4,46,17,0.22140790183483586,0.8224660971629545
Fusion-LSTM without derivatives,4,46,18,0.21117689760221758,0.9619108368515719
Fusion-LSTM without derivatives,4,46,19,0.2207891304800438,1.2084881363424864
Fusion-LSTM without derivatives,4,46,20,0.21975418130013416,0.7034713675890829
Fusion-LSTM without derivatives,4,46,21,0.23398793993508554,0.6923499354776347
Fusion-LSTM without derivatives,4,46,22,0.2226545995044809,0.7891948125647299
Fusion-LSTM without derivatives,4,46,23,0.19873635553943497,0.8724487516677605
Fusion-LSTM without derivatives,4,46,24,0.22383052721651153,0.619627303422372
Fusion-LSTM without derivatives,4,46,25,0.20898355771810467,1.0107088504159976
Fusion-LSTM without derivatives,4,46,26,0.20382103891800052,0.601514070382658
Fusion-LSTM without derivatives,4,46,27,0.19222548235951803,0.8043771886600638
Fusion-LSTM without derivatives,4,46,28,0.18224006548429258,0.699842601296037
Fusion-LSTM without derivatives,4,46,29,0.19226973864526586,0.9219542750053935
Fusion-LSTM without derivatives,4,46,30,0.20211509188759386,1.0534452580430973
Fusion-LSTM without derivatives,4,46,31,0.19429223435019302,0.798145037777019
Fusion-LSTM without derivatives,4,46,32,0.1830992323248506,1.3746779008731402
Fusion-LSTM without derivatives,4,46,33,0.1874439102047417,0.9201227367174201
Fusion-LSTM without derivatives,4,46,34,0.17796254657529656,1.5732488615176712
Fusion-LSTM without derivatives,4,46,35,0.16394293343486632,0.923585278433074
Fusion-LSTM without derivatives,4,46,36,0.16270975087129827,0.938921966111635
Fusion-LSTM without derivatives,4,46,37,0.15873136918468633,0.9764160210231565
Fusion-LSTM without derivatives,4,46,38,0.17942985850231868,1.035598795618901
Fusion-LSTM without derivatives,4,46,39,0.17136866097708528,1.7767147680498518
Fusion-LSTM without derivatives,4,46,40,0.16891924297632932,0.8312728747694248
Fusion-LSTM without derivatives,4,46,41,0.1640635630642981,0.9115489883977037
Fusion-LSTM without derivatives,4,46,42,0.14970976608524714,1.141074078169259
Fusion-LSTM without derivatives,4,46,43,0.15348333748150814,0.9075587771255015
Fusion-LSTM without derivatives,4,46,44,0.1467754030172978,0.9573126483544614
Fusion-LSTM without derivatives,4,46,45,0.16159430521112475,1.0822011400990392
Fusion-LSTM without derivatives,4,46,46,0.14166663250581596,1.1702605188830093
Fusion-LSTM without derivatives,4,46,47,0.1453519159534929,1.0742637704378404
Fusion-LSTM without derivatives,4,46,48,0.1317054848137378,1.00263986550662
Fusion-LSTM without derivatives,4,46,49,0.1354763668737701,0.8234889286744019
Fusion-LSTM without derivatives,4,46,50,0.1434378504421859,0.8497430651567767
Fusion-LSTM without derivatives,4,46,51,0.1276504049917595,0.8678270737392597
Fusion-LSTM without derivatives,4,46,52,0.12208532477316927,1.084943747511075
Fusion-LSTM without derivatives,4,46,53,0.12271463291571018,1.1119560659618997
Fusion-LSTM without derivatives,4,46,54,0.12445567978379082,1.2856986686310086
Fusion-LSTM without derivatives,4,46,55,0.12370868965762555,1.119723589805812
Fusion-LSTM without derivatives,4,46,56,0.12541417088806525,1.1911742685975768
Fusion-LSTM without derivatives,4,46,57,0.11110208991155207,1.2629519812723689
Fusion-LSTM without derivatives,4,46,58,0.11813796617106476,1.5709306589704577
Fusion-LSTM without derivatives,4,46,59,0.13256949068414509,1.5614002571134697
Fusion-LSTM without derivatives,4,46,60,0.11076447971680464,1.7732197511277359
Fusion-LSTM without derivatives,4,47,1,1.036754198451234,0.7129183167931419
Fusion-LSTM without derivatives,4,47,2,0.3909136969688162,0.5273508671944497
Fusion-LSTM without derivatives,4,47,3,0.30597441487314,0.5580238037639194
Fusion-LSTM without derivatives,4,47,4,0.2910173007076108,0.5372890206502918
Fusion-LSTM without derivatives,4,47,5,0.28969019645103367,0.5494884511209884
Fusion-LSTM without derivatives,4,47,6,0.27964197916301436,1.0780231985780928
Fusion-LSTM without derivatives,4,47,7,0.2737650557321903,0.61609542301116
Fusion-LSTM without derivatives,4,47,8,0.26181567558623065,0.6488078895729793
Fusion-LSTM without derivatives,4,47,9,0.252978309284404,0.5544903709453607
Fusion-LSTM without derivatives,4,47,10,0.2541642364432632,0.5520970982575567
Fusion-LSTM without derivatives,4,47,11,0.25085353455654147,0.6309506172154185
Fusion-LSTM without derivatives,4,47,12,0.23850010996901325,0.5671776939862929
Fusion-LSTM without derivatives,4,47,13,0.23732039145205167,0.6090140541706945
Fusion-LSTM without derivatives,4,47,14,0.2243049381775341,0.6710459022495732
Fusion-LSTM without derivatives,4,47,15,0.21803298811300084,0.6499733152629444
Fusion-LSTM without derivatives,4,47,16,0.22005037455467918,0.7795512420232691
Fusion-LSTM without derivatives,4,47,17,0.20526271417011405,0.7098957275819479
Fusion-LSTM without derivatives,4,47,18,0.1876954639050518,0.751815996064455
Fusion-LSTM without derivatives,4,47,19,0.20400046533527053,0.7555766016854055
Fusion-LSTM without derivatives,4,47,20,0.19884882119649216,0.7309162546206945
Fusion-LSTM without derivatives,4,47,21,0.19607062107274123,0.7199806402392482
Fusion-LSTM without derivatives,4,47,22,0.20104831162690276,0.79769169220572
Fusion-LSTM without derivatives,4,47,23,0.18218367791293621,0.7404308278558764
Fusion-LSTM without derivatives,4,47,24,0.1852478584141228,0.8056463077117687
Fusion-LSTM without derivatives,4,47,25,0.17653885624656057,0.8481202081814252
Fusion-LSTM without derivatives,4,47,26,0.15740289485992978,0.893321401285363
Fusion-LSTM without derivatives,4,47,27,0.16142531287190606,0.8929544275692923
Fusion-LSTM without derivatives,4,47,28,0.17152250957219806,0.9618220174415681
Fusion-LSTM without derivatives,4,47,29,0.16808376649766635,0.870000169973672
Fusion-LSTM without derivatives,4,47,30,0.148844807853708,0.9119366437384168
Fusion-LSTM without derivatives,4,47,31,0.14741469704103705,0.9663082335448865
Fusion-LSTM without derivatives,4,47,32,0.16056202017112609,0.8851292216271724
Fusion-LSTM without derivatives,4,47,33,0.1399286506814526,0.9575907009413595
Fusion-LSTM without derivatives,4,47,34,0.13338623935686675,1.0099664542519446
Fusion-LSTM without derivatives,4,47,35,0.14102732018425,0.9769694997813841
Fusion-LSTM without derivatives,4,47,36,0.1625843497759537,0.8763650612948576
Fusion-LSTM without derivatives,4,47,37,0.13902394614204103,1.0080013767439302
Fusion-LSTM without derivatives,4,47,38,0.12686718961430335,1.0201019477060131
Fusion-LSTM without derivatives,4,47,39,0.13935680973725414,0.9553844073096162
Fusion-LSTM without derivatives,4,47,40,0.15028128907052918,1.07977295295966
Fusion-LSTM without derivatives,4,47,41,0.14121097467850233,1.0371541964315831
Fusion-LSTM without derivatives,4,47,42,0.13344730649224956,1.356952121965509
Fusion-LSTM without derivatives,4,47,43,0.1468318159348248,1.0501391891960203
Fusion-LSTM without derivatives,4,47,44,0.13232433610847488,1.1224220257713236
Fusion-LSTM without derivatives,4,47,45,0.13470338580468716,1.1363818859232422
Fusion-LSTM without derivatives,4,47,46,0.1262693816550134,1.1946012939344037
Fusion-LSTM without derivatives,4,47,47,0.12927759662217966,1.1042191798347722
Fusion-LSTM without derivatives,4,47,48,0.11482371904097902,1.1906908407916688
Fusion-LSTM without derivatives,4,47,49,0.11225543148820889,1.3843506291992884
Fusion-LSTM without derivatives,4,47,50,0.10629105806645156,1.2171224382055819
Fusion-LSTM without derivatives,4,47,51,0.1078292967235024,1.3803545559680312
Fusion-LSTM without derivatives,4,47,52,0.11754608486207885,1.3652960846778512
Fusion-LSTM without derivatives,4,47,53,0.10009838205722116,1.2516836580084305
Fusion-LSTM without derivatives,4,47,54,0.0903324369957635,1.2264320759348712
Fusion-LSTM without derivatives,4,47,55,0.08997760189666913,1.3457364157521687
Fusion-LSTM without derivatives,4,47,56,0.08332449134147411,1.3949160108213905
Fusion-LSTM without derivatives,4,47,57,0.09593546129736837,1.3275026997172545
Fusion-LSTM without derivatives,4,47,58,0.0915977852859376,1.3506603370824795
Fusion-LSTM without derivatives,4,47,59,0.12138370459211824,1.565450101764775
Fusion-LSTM without derivatives,4,47,60,0.10703461889595571,1.3126931820588041
Fusion-LSTM without derivatives,4,48,1,1.0869490201824892,0.5981377463170817
Fusion-LSTM without derivatives,4,48,2,0.3833586701685556,0.6321824054298161
Fusion-LSTM without derivatives,4,48,3,0.3150073673073978,0.5884452287256093
Fusion-LSTM without derivatives,4,48,4,0.2860319275164486,0.5673658421704354
Fusion-LSTM without derivatives,4,48,5,0.28699924648018393,0.5578134296075353
Fusion-LSTM without derivatives,4,48,6,0.27701880425824693,0.9972521522759892
Fusion-LSTM without derivatives,4,48,7,0.30735319806558614,0.601804636996747
Fusion-LSTM without derivatives,4,48,8,0.27983478355256286,0.5654777122243645
Fusion-LSTM without derivatives,4,48,9,0.2637358069546053,0.5109927488073113
Fusion-LSTM without derivatives,4,48,10,0.2513575155127612,0.6351097546658426
Fusion-LSTM without derivatives,4,48,11,0.23926344806237715,0.7116614941749683
Fusion-LSTM without derivatives,4,48,12,0.23299092798899326,0.615200829057636
Fusion-LSTM without derivatives,4,48,13,0.22369512600131497,0.6815471493676148
Fusion-LSTM without derivatives,4,48,14,0.21971982491157302,0.9860736682417508
Fusion-LSTM without derivatives,4,48,15,0.2236675680283097,0.6681985512250874
Fusion-LSTM without derivatives,4,48,16,0.2057923353109548,0.6372185534713654
Fusion-LSTM without derivatives,4,48,17,0.1973424104312481,0.648732839570043
Fusion-LSTM without derivatives,4,48,18,0.20654899680076053,0.9097392277585136
Fusion-LSTM without derivatives,4,48,19,0.20875118047146202,0.7165638538120428
Fusion-LSTM without derivatives,4,48,20,0.20122195541564225,0.8185956870016312
Fusion-LSTM without derivatives,4,48,21,0.22073994305618397,0.8041219702790993
Fusion-LSTM without derivatives,4,48,22,0.1910995729504207,0.7147979350092838
Fusion-LSTM without derivatives,4,48,23,0.1803388124937816,0.6926040525120571
Fusion-LSTM without derivatives,4,48,24,0.18016784284303283,0.7483061861121867
Fusion-LSTM without derivatives,4,48,25,0.18113139985772028,0.7783481187599104
Fusion-LSTM without derivatives,4,48,26,0.1791287185906859,0.9701890616484408
Fusion-LSTM without derivatives,4,48,27,0.18801136068794705,0.7946524538482448
Fusion-LSTM without derivatives,4,48,28,0.15808489305626447,0.7670804690335344
Fusion-LSTM without derivatives,4,48,29,0.17828366164599158,0.7914818720618727
Fusion-LSTM without derivatives,4,48,30,0.15739828533767056,0.8112374615828181
Fusion-LSTM without derivatives,4,48,31,0.15766083453857485,0.7364499661134286
Fusion-LSTM without derivatives,4,48,32,0.15048836833082965,0.7983946800622426
Fusion-LSTM without derivatives,4,48,33,0.1535264489595202,0.7522879241598649
Fusion-LSTM without derivatives,4,48,34,0.1400226031981498,0.9029803997178052
Fusion-LSTM without derivatives,4,48,35,0.14890601137362489,0.9069587868956588
Fusion-LSTM without derivatives,4,48,36,0.1525268507733594,0.8631743752637749
Fusion-LSTM without derivatives,4,48,37,0.1479259644048098,0.9435548393977845
Fusion-LSTM without derivatives,4,48,38,0.1482442465565452,0.8314951083523298
Fusion-LSTM without derivatives,4,48,39,0.15589413337078242,0.8224261431003954
Fusion-LSTM without derivatives,4,48,40,0.12768881256385176,0.7875848272952019
Fusion-LSTM without derivatives,4,48,41,0.13730977947811215,0.8526105379111737
Fusion-LSTM without derivatives,4,48,42,0.15157926758263593,0.8688169460845193
Fusion-LSTM without derivatives,4,48,43,0.13326143144762004,0.7881760261796681
Fusion-LSTM without derivatives,4,48,44,0.12308913042365285,1.0525297672727947
Fusion-LSTM without derivatives,4,48,45,0.13980064109419968,1.2007152416608617
Fusion-LSTM without derivatives,4,48,46,0.10947026634272043,1.0896667681587566
Fusion-LSTM without derivatives,4,48,47,0.11041130919085688,0.9281088779494947
Fusion-LSTM without derivatives,4,48,48,0.11128866996408435,0.991530249851992
Fusion-LSTM without derivatives,4,48,49,0.11693472183331184,0.9656754379518002
Fusion-LSTM without derivatives,4,48,50,0.14519874233129418,0.9835254689073287
Fusion-LSTM without derivatives,4,48,51,0.11170124252186793,1.1066288103347555
Fusion-LSTM without derivatives,4,48,52,0.144590976514611,1.0213808848188732
Fusion-LSTM without derivatives,4,48,53,0.12012747649942053,1.1337187813059963
Fusion-LSTM without derivatives,4,48,54,0.12308224159159455,0.9580601843257495
Fusion-LSTM without derivatives,4,48,55,0.1155875965594015,1.1477804359368808
Fusion-LSTM without derivatives,4,48,56,0.11280467712445923,1.056842885380396
Fusion-LSTM without derivatives,4,48,57,0.11134830892254285,1.1748813407210559
Fusion-LSTM without derivatives,4,48,58,0.10930527567379729,1.1221206620085664
Fusion-LSTM without derivatives,4,48,59,0.13030469957601093,1.0284410082897175
Fusion-LSTM without derivatives,4,48,60,0.12078844416221432,1.152752778369863
Fusion-LSTM without derivatives,4,49,1,1.0688334263245993,0.6725425967630351
Fusion-LSTM without derivatives,4,49,2,0.42059521553755314,0.5817953211956304
Fusion-LSTM without derivatives,4,49,3,0.3418288386532683,0.5779441142107206
Fusion-LSTM without derivatives,4,49,4,0.335977095193062,0.576665337855461
Fusion-LSTM without derivatives,4,49,5,0.30991010705433686,0.5918446085737936
Fusion-LSTM without derivatives,4,49,6,0.2752924750893572,0.6736524644262886
Fusion-LSTM without derivatives,4,49,7,0.2693726530294647,0.80198465165852
Fusion-LSTM without derivatives,4,49,8,0.25442154547784557,0.6309960689434715
Fusion-LSTM without derivatives,4,49,9,0.263719538409439,0.9015526680326562
Fusion-LSTM without derivatives,4,49,10,0.28005654818589365,0.8437526465961768
Fusion-LSTM without derivatives,4,49,11,0.2671796183772885,0.5614491266274603
Fusion-LSTM without derivatives,4,49,12,0.25491781660007945,0.7025220917080933
Fusion-LSTM without derivatives,4,49,13,0.2321089140665977,1.0648907509239964
Fusion-LSTM without derivatives,4,49,14,0.23647104800483587,0.8393672437912763
Fusion-LSTM without derivatives,4,49,15,0.2517059116020283,0.6665578930632873
Fusion-LSTM without derivatives,4,49,16,0.2417308612869252,0.7782280315143257
Fusion-LSTM without derivatives,4,49,17,0.22725744193174002,0.5982809053027155
Fusion-LSTM without derivatives,4,49,18,0.22901543640467847,0.9641684519294923
Fusion-LSTM without derivatives,4,49,19,0.228279574695993,1.2289224968016523
Fusion-LSTM without derivatives,4,49,20,0.23166043936533245,0.85587430850015
Fusion-LSTM without derivatives,4,49,21,0.21244317458268194,1.7371689491052047
Fusion-LSTM without derivatives,4,49,22,0.20575223958820377,1.4640936961151518
Fusion-LSTM without derivatives,4,49,23,0.1880085268698701,1.1834605664358449
Fusion-LSTM without derivatives,4,49,24,0.20904456240952476,2.1476516826410212
Fusion-LSTM without derivatives,4,49,25,0.19461747875664548,0.7635000482420251
Fusion-LSTM without derivatives,4,49,26,0.1986250346585656,0.8997160832337113
Fusion-LSTM without derivatives,4,49,27,0.19234899215363413,0.748813769305652
Fusion-LSTM without derivatives,4,49,28,0.2090408731259842,1.2515672180856299
Fusion-LSTM without derivatives,4,49,29,0.19482801771534103,0.9750467184267204
Fusion-LSTM without derivatives,4,49,30,0.18215067940189036,1.5111772192474182
Fusion-LSTM without derivatives,4,49,31,0.1695169097203012,1.3750243039969627
Fusion-LSTM without derivatives,4,49,32,0.16968720061895118,1.3197495390034322
Fusion-LSTM without derivatives,4,49,33,0.1761011762693051,0.8725812886167997
Fusion-LSTM without derivatives,4,49,34,0.1626668297038292,0.9662077897296637
Fusion-LSTM without derivatives,4,49,35,0.15252106797657303,1.1736616570838343
Fusion-LSTM without derivatives,4,49,36,0.15115456565972693,1.040432947744426
Fusion-LSTM without derivatives,4,49,37,0.18059558690582772,1.1178678434412435
Fusion-LSTM without derivatives,4,49,38,0.1540661566616703,1.0704665937591773
Fusion-LSTM without derivatives,4,49,39,0.1547847038099441,1.0032073118776645
Fusion-LSTM without derivatives,4,49,40,0.1633986900695294,1.113654096319928
Fusion-LSTM without derivatives,4,49,41,0.15338029039908008,1.0673783376766075
Fusion-LSTM without derivatives,4,49,42,0.14251144190404982,1.0776723402491781
Fusion-LSTM without derivatives,4,49,43,0.14909262470401502,0.9758892736751078
Fusion-LSTM without derivatives,4,49,44,0.16007357021831845,0.9816345308421168
Fusion-LSTM without derivatives,4,49,45,0.13935137060046954,1.0853933196054064
Fusion-LSTM without derivatives,4,49,46,0.13115789621395382,1.0862835723539694
Fusion-LSTM without derivatives,4,49,47,0.12977296511998207,1.1812197182569615
Fusion-LSTM without derivatives,4,49,48,0.11774344167073343,1.2205344985163062
Fusion-LSTM without derivatives,4,49,49,0.12568575946184304,0.9854214719225276
Fusion-LSTM without derivatives,4,49,50,0.13309299873270952,0.9814713840027275
Fusion-LSTM without derivatives,4,49,51,0.12186808174840144,0.9596091943326361
Fusion-LSTM without derivatives,4,49,52,0.12621360398886822,0.9412470260396818
Fusion-LSTM without derivatives,4,49,53,0.11588166154074517,0.9812569698822573
Fusion-LSTM without derivatives,4,49,54,0.10620574086862462,0.9032651207154027
Fusion-LSTM without derivatives,4,49,55,0.1065253231230132,1.1185531093655017
Fusion-LSTM without derivatives,4,49,56,0.10719524681484018,1.2150775938601364
Fusion-LSTM without derivatives,4,49,57,0.12569818517946407,1.2625157963601674
Fusion-LSTM without derivatives,4,49,58,0.09552712037097255,1.1614026500837609
Fusion-LSTM without derivatives,4,49,59,0.11041140779274487,1.0312382997066345
Fusion-LSTM without derivatives,4,49,60,0.10223755273039944,1.0376988671235818
Fusion-LSTM without derivatives,4,50,1,1.091431267890782,0.6528019800126178
Fusion-LSTM without derivatives,4,50,2,0.39725539418451367,0.6996367763673235
Fusion-LSTM without derivatives,4,50,3,0.3350665033936248,0.636912639161076
Fusion-LSTM without derivatives,4,50,4,0.30810911811483355,0.5849492548021881
Fusion-LSTM without derivatives,4,50,5,0.2915307238603362,0.5750888711626425
Fusion-LSTM without derivatives,4,50,6,0.28647748514978333,0.5495469619518056
Fusion-LSTM without derivatives,4,50,7,0.2811436252898537,0.5614856149790421
Fusion-LSTM without derivatives,4,50,8,0.27744084517763967,0.6060600295131812
Fusion-LSTM without derivatives,4,50,9,0.2619383234790958,0.6744853767958827
Fusion-LSTM without derivatives,4,50,10,0.2534174967291663,0.5882444843431189
Fusion-LSTM without derivatives,4,50,11,0.2540017736992873,0.6173026642334536
Fusion-LSTM without derivatives,4,50,12,0.2614240530265749,0.5672755593148917
Fusion-LSTM without derivatives,4,50,13,0.2518467043139351,0.6589045837927664
Fusion-LSTM without derivatives,4,50,14,0.23057714699857573,0.6499396486664718
Fusion-LSTM without derivatives,4,50,15,0.22510353493160484,0.6415167783291335
Fusion-LSTM without derivatives,4,50,16,0.22297886808993703,0.7080977279810036
Fusion-LSTM without derivatives,4,50,17,0.22037908655703697,0.653113910580831
Fusion-LSTM without derivatives,4,50,18,0.20972771520924216,0.7159438936246766
Fusion-LSTM without derivatives,4,50,19,0.20911598673528067,0.7705377287756597
Fusion-LSTM without derivatives,4,50,20,0.2167598132987887,0.8129628972312439
Fusion-LSTM without derivatives,4,50,21,0.2204952193614708,0.7084934161956455
Fusion-LSTM without derivatives,4,50,22,0.2125264801184897,0.727470839821755
Fusion-LSTM without derivatives,4,50,23,0.1921191962466075,0.7491392019659718
Fusion-LSTM without derivatives,4,50,24,0.19571953678560156,0.7430740078555838
Fusion-LSTM without derivatives,4,50,25,0.197423119232027,0.781858819031178
Fusion-LSTM without derivatives,4,50,26,0.2099833718028469,0.8161066442931099
Fusion-LSTM without derivatives,4,50,27,0.19861592562710137,0.7977098383837276
Fusion-LSTM without derivatives,4,50,28,0.19921375842647984,0.8131547322500676
Fusion-LSTM without derivatives,4,50,29,0.19041946261132697,0.874652397067167
Fusion-LSTM without derivatives,4,50,30,0.20690564434757178,0.8611919136104844
Fusion-LSTM without derivatives,4,50,31,0.21560938651597913,0.7822114642654825
Fusion-LSTM without derivatives,4,50,32,0.20785150228458638,0.8173852110715032
Fusion-LSTM without derivatives,4,50,33,0.18657503838091563,0.773125828733859
Fusion-LSTM without derivatives,4,50,34,0.19009099870226126,1.2642154039295714
Fusion-LSTM without derivatives,4,50,35,0.19158047018079752,0.9438005697599122
Fusion-LSTM without derivatives,4,50,36,0.1770469177206722,0.8141613623334302
Fusion-LSTM without derivatives,4,50,37,0.1660471195663965,0.9579367607410224
Fusion-LSTM without derivatives,4,50,38,0.16538356912329572,0.8742927793155676
Fusion-LSTM without derivatives,4,50,39,0.15408438055045856,1.1055647413591918
Fusion-LSTM without derivatives,4,50,40,0.1557195389783963,1.1518188097769984
Fusion-LSTM without derivatives,4,50,41,0.14950388629481082,1.4955717460242581
Fusion-LSTM without derivatives,4,50,42,0.1610523830723325,1.0588866572522517
Fusion-LSTM without derivatives,4,50,43,0.18343961949742169,1.5236690935270716
Fusion-LSTM without derivatives,4,50,44,0.16180291080462234,1.5704759241431265
Fusion-LSTM without derivatives,4,50,45,0.14262917495859115,1.1817828765767675
Fusion-LSTM without derivatives,4,50,46,0.1494746613687584,1.1760100540968608
Fusion-LSTM without derivatives,4,50,47,0.14953004282517338,1.4275166940967117
Fusion-LSTM without derivatives,4,50,48,0.13956979569113415,1.453504538479841
Fusion-LSTM without derivatives,4,50,49,0.15503285710628217,1.3243358506034255
Fusion-LSTM without derivatives,4,50,50,0.15097291968452653,1.1172715165892486
Fusion-LSTM without derivatives,4,50,51,0.1256101237913632,1.895556473624219
Fusion-LSTM without derivatives,4,50,52,0.13866885696276865,1.7158674455913607
Fusion-LSTM without derivatives,4,50,53,0.14527144938728384,1.0266888523532909
Fusion-LSTM without derivatives,4,50,54,0.1458303888519633,1.4259702924178206
Fusion-LSTM without derivatives,4,50,55,0.14467024305755183,1.8097807586786632
Fusion-LSTM without derivatives,4,50,56,0.1369159274123972,1.8095239419138656
Fusion-LSTM without derivatives,4,50,57,0.14757412597379302,1.5908109936199348
Fusion-LSTM without derivatives,4,50,58,0.1570083350048321,1.5660350465799528
Fusion-LSTM without derivatives,4,50,59,0.129241502118851,1.0977241292408428
Fusion-LSTM without derivatives,4,50,60,0.11929925728849568,1.304067591459059
Fusion-LSTM without derivatives,4,51,1,1.0475186469189786,0.5486018062887452
Fusion-LSTM without derivatives,4,51,2,0.3796967017341434,0.5299084855075652
Fusion-LSTM without derivatives,4,51,3,0.31598186251052096,0.5469615791203841
Fusion-LSTM without derivatives,4,51,4,0.30721155020369556,0.5800258587866209
Fusion-LSTM without derivatives,4,51,5,0.2910498001454326,0.5902586480606526
Fusion-LSTM without derivatives,4,51,6,0.29354158163743704,0.5464522062607531
Fusion-LSTM without derivatives,4,51,7,0.27275185832778753,0.5547631163017305
Fusion-LSTM without derivatives,4,51,8,0.25162387568301187,0.6151027678193786
Fusion-LSTM without derivatives,4,51,9,0.25173990288585024,0.7499857459615611
Fusion-LSTM without derivatives,4,51,10,0.23618391044727075,0.7060308778029818
Fusion-LSTM without derivatives,4,51,11,0.2426527273297657,0.7046260106332397
Fusion-LSTM without derivatives,4,51,12,0.22637206122500003,0.8637494292867759
Fusion-LSTM without derivatives,4,51,13,0.2192727368148852,0.85725635518193
Fusion-LSTM without derivatives,4,51,14,0.21691663146818196,0.6994413743947537
Fusion-LSTM without derivatives,4,51,15,0.21824377973024367,0.7933214902018726
Fusion-LSTM without derivatives,4,51,16,0.21836362323798003,0.7535912723864274
Fusion-LSTM without derivatives,4,51,17,0.22881745321488162,0.7061111718744227
Fusion-LSTM without derivatives,4,51,18,0.2010983282104713,0.861309158586481
Fusion-LSTM without derivatives,4,51,19,0.19493370755045197,0.8871619092843318
Fusion-LSTM without derivatives,4,51,20,0.18882356936357858,0.9372007317325604
Fusion-LSTM without derivatives,4,51,21,0.19252309177909507,0.856297111579957
Fusion-LSTM without derivatives,4,51,22,0.18489934585793977,0.9529506732051728
Fusion-LSTM without derivatives,4,51,23,0.17329969108183577,1.0369712701008755
Fusion-LSTM without derivatives,4,51,24,0.18115474005021423,0.954354207330155
Fusion-LSTM without derivatives,4,51,25,0.16834114956220608,0.9138887717429572
Fusion-LSTM without derivatives,4,51,26,0.1614837420180219,0.9859656412193485
Fusion-LSTM without derivatives,4,51,27,0.17290619866437448,1.0517115465812463
Fusion-LSTM without derivatives,4,51,28,0.1802105744203044,1.011524413304259
Fusion-LSTM without derivatives,4,51,29,0.16360496902600424,1.1361881791920532
Fusion-LSTM without derivatives,4,51,30,0.15339682261205173,1.153786399868362
Fusion-LSTM without derivatives,4,51,31,0.19244355638429322,0.9764957246477999
Fusion-LSTM without derivatives,4,51,32,0.17120966470906157,1.0226727833920617
Fusion-LSTM without derivatives,4,51,33,0.16360373642550613,0.9995177936090051
Fusion-LSTM without derivatives,4,51,34,0.18741078860926308,1.082574163331207
Fusion-LSTM without derivatives,4,51,35,0.1676933640060748,0.9689601761146411
Fusion-LSTM without derivatives,4,51,36,0.15727816787124438,1.0697120510947655
Fusion-LSTM without derivatives,4,51,37,0.15437964827936976,1.0344200622313802
Fusion-LSTM without derivatives,4,51,38,0.14934122595008023,1.085479347312538
Fusion-LSTM without derivatives,4,51,39,0.1431729251238857,1.1189987860948034
Fusion-LSTM without derivatives,4,51,40,0.1366625440713799,1.1687373390315838
Fusion-LSTM without derivatives,4,51,41,0.15203901227292832,1.2577395289745845
Fusion-LSTM without derivatives,4,51,42,0.1551857281715498,1.2174864681144744
Fusion-LSTM without derivatives,4,51,43,0.15176613317853813,1.3197047147642142
Fusion-LSTM without derivatives,4,51,44,0.14195393356077252,1.2469606563659772
Fusion-LSTM without derivatives,4,51,45,0.13902791179111917,1.2782787491998926
Fusion-LSTM without derivatives,4,51,46,0.13163426096486053,1.3039329898654946
Fusion-LSTM without derivatives,4,51,47,0.12706219861592805,1.2881726925290606
Fusion-LSTM without derivatives,4,51,48,0.11667172735900044,1.2097667525356453
Fusion-LSTM without derivatives,4,51,49,0.12344474298649467,1.2439025216901858
Fusion-LSTM without derivatives,4,51,50,0.11237660259397499,1.345296996426954
Fusion-LSTM without derivatives,4,51,51,0.116695993384721,1.2911906505366728
Fusion-LSTM without derivatives,4,51,52,0.11673280840967017,1.4364466766008728
Fusion-LSTM without derivatives,4,51,53,0.12292777736925624,1.2045500866436172
Fusion-LSTM without derivatives,4,51,54,0.11257907105169418,1.2614561618458036
Fusion-LSTM without derivatives,4,51,55,0.10943603341585326,1.396209707758946
Fusion-LSTM without derivatives,4,51,56,0.11932897530417251,1.2747877887381822
Fusion-LSTM without derivatives,4,51,57,0.10167777725484224,1.3349866899241942
Fusion-LSTM without derivatives,4,51,58,0.10364085442308354,1.411974459154379
Fusion-LSTM without derivatives,4,51,59,0.10472378694441171,1.3025370070347622
Fusion-LSTM without derivatives,4,51,60,0.10629675536493369,1.49825793176702
Fusion-LSTM without derivatives,5,42,1,1.016383105348636,0.5162994811619852
Fusion-LSTM without derivatives,5,42,2,0.3626732356764258,0.5806951379126223
Fusion-LSTM without derivatives,5,42,3,0.28488271195564596,0.5964131084128246
Fusion-LSTM without derivatives,5,42,4,0.25899643895092034,0.6263862877022045
Fusion-LSTM without derivatives,5,42,5,0.25202149493822706,0.5703982677099839
Fusion-LSTM without derivatives,5,42,6,0.22099776111880598,0.685411528096509
Fusion-LSTM without derivatives,5,42,7,0.24377554630452591,0.6356950312915338
Fusion-LSTM without derivatives,5,42,8,0.21519279078269238,0.5939082532058971
Fusion-LSTM without derivatives,5,42,9,0.1826560213623826,0.9583544605558023
Fusion-LSTM without derivatives,5,42,10,0.21153848274466167,0.6792752226693575
Fusion-LSTM without derivatives,5,42,11,0.18024031074792876,0.8310980136726888
Fusion-LSTM without derivatives,5,42,12,0.1898159458777312,0.8482734219208203
Fusion-LSTM without derivatives,5,42,13,0.18296750271043113,0.8114868140383087
Fusion-LSTM without derivatives,5,42,14,0.16807423555719664,0.7786023303772669
Fusion-LSTM without derivatives,5,42,15,0.17076058507038594,0.7756220227267507
Fusion-LSTM without derivatives,5,42,16,0.16123345586262652,1.2324859093195237
Fusion-LSTM without derivatives,5,42,17,0.15874026713931574,1.0348297858013298
Fusion-LSTM without derivatives,5,42,18,0.15370985696313394,0.9924715147265848
Fusion-LSTM without derivatives,5,42,19,0.15255187103362933,0.896158779504664
Fusion-LSTM without derivatives,5,42,20,0.14589323837542623,0.935874467344654
Fusion-LSTM without derivatives,5,42,21,0.14957538538018522,0.9708432628298705
Fusion-LSTM without derivatives,5,42,22,0.1379702177304533,0.9427787177655182
Fusion-LSTM without derivatives,5,42,23,0.1468889921438519,0.9546175852761578
Fusion-LSTM without derivatives,5,42,24,0.13584636841448094,0.9457041444705967
Fusion-LSTM without derivatives,5,42,25,0.12864021843383625,0.9538634878971791
Fusion-LSTM without derivatives,5,42,26,0.1153823343109034,1.0859028651716824
Fusion-LSTM without derivatives,5,42,27,0.13680239188264842,0.9766952724076917
Fusion-LSTM without derivatives,5,42,28,0.11859391512055147,1.7597351687759224
Fusion-LSTM without derivatives,5,42,29,0.11805327019282028,1.1327403636348572
Fusion-LSTM without derivatives,5,42,30,0.1047383661791135,1.021184216724002
Fusion-LSTM without derivatives,5,42,31,0.11264403313888531,1.0559932428335994
Fusion-LSTM without derivatives,5,42,32,0.11851884175953768,0.9712090251549484
Fusion-LSTM without derivatives,5,42,33,0.09916583702282813,1.028652616563708
Fusion-LSTM without derivatives,5,42,34,0.10187255886851866,1.1115815728996534
Fusion-LSTM without derivatives,5,42,35,0.10400031536083436,1.123217965634364
Fusion-LSTM without derivatives,5,42,36,0.09508524678255383,1.0531196264038545
Fusion-LSTM without derivatives,5,42,37,0.09327772549710338,1.0741012563433037
Fusion-LSTM without derivatives,5,42,38,0.08592499504629592,1.360709828291424
Fusion-LSTM without derivatives,5,42,39,0.08715494928398196,1.1151811743557327
Fusion-LSTM without derivatives,5,42,40,0.09039629844091138,1.0728770098658729
Fusion-LSTM without derivatives,5,42,41,0.08731483239589334,1.196920930261507
Fusion-LSTM without derivatives,5,42,42,0.0864330666509344,1.1628411079305898
Fusion-LSTM without derivatives,5,42,43,0.07179307757741162,1.3398235884243213
Fusion-LSTM without derivatives,5,42,44,0.07268313933141082,1.1233402925467342
Fusion-LSTM without derivatives,5,42,45,0.08574598690214472,1.0603998538020771
Fusion-LSTM without derivatives,5,42,46,0.1427724148748691,0.9980475301825026
Fusion-LSTM without derivatives,5,42,47,0.09826590028458082,1.3062108168905635
Fusion-LSTM without derivatives,5,42,48,0.0832436630910438,1.449582571886183
Fusion-LSTM without derivatives,5,42,49,0.0861118871915568,1.1602879776551038
Fusion-LSTM without derivatives,5,42,50,0.07107559985719449,1.328134356421932
Fusion-LSTM without derivatives,5,42,51,0.09325350478127362,1.1294506810589906
Fusion-LSTM without derivatives,5,42,52,0.0969631092674458,1.2297089924211897
Fusion-LSTM without derivatives,5,42,53,0.08828488886504544,1.425215999472816
Fusion-LSTM without derivatives,5,42,54,0.08247846913081679,1.2913453174126286
Fusion-LSTM without derivatives,5,42,55,0.07448653472676381,1.4916247066180661
Fusion-LSTM without derivatives,5,42,56,0.07239844922701323,1.5874037804937213
Fusion-LSTM without derivatives,5,42,57,0.09042641413289794,1.9463743144525234
Fusion-LSTM without derivatives,5,42,58,0.08673018682634086,1.572195544296122
Fusion-LSTM without derivatives,5,42,59,0.07721643987444607,1.4929221175939031
Fusion-LSTM without derivatives,5,42,60,0.06038177772162931,1.4954950854736742
Fusion-LSTM without derivatives,5,43,1,0.9870265865267563,0.7930303412163533
Fusion-LSTM without derivatives,5,43,2,0.3848231491772971,0.6108709241359239
Fusion-LSTM without derivatives,5,43,3,0.3064486264015207,0.5855166152338311
Fusion-LSTM without derivatives,5,43,4,0.27575025985398155,0.6101188364768678
Fusion-LSTM without derivatives,5,43,5,0.2561164916181798,0.6901928987393089
Fusion-LSTM without derivatives,5,43,6,0.2325886153277452,0.6261467640005067
Fusion-LSTM without derivatives,5,43,7,0.2145881459955924,0.6712329733796589
Fusion-LSTM without derivatives,5,43,8,0.21909364901090922,0.7176091308613743
Fusion-LSTM without derivatives,5,43,9,0.21256775633321398,0.6852289823116247
Fusion-LSTM without derivatives,5,43,10,0.200544848974288,0.7188374218950732
Fusion-LSTM without derivatives,5,43,11,0.1844819311743358,0.7836308654249339
Fusion-LSTM without derivatives,5,43,12,0.18117771935141946,0.8095283445822118
Fusion-LSTM without derivatives,5,43,13,0.18523823174236473,0.8097216527541978
Fusion-LSTM without derivatives,5,43,14,0.1603478233408607,0.9137061243911959
Fusion-LSTM without derivatives,5,43,15,0.1760172192075699,0.8056381529732071
Fusion-LSTM without derivatives,5,43,16,0.15729665906197587,0.9954864852583384
Fusion-LSTM without derivatives,5,43,17,0.14754261745817074,0.9726391500896878
Fusion-LSTM without derivatives,5,43,18,0.13950650639047749,0.9727562302938297
Fusion-LSTM without derivatives,5,43,19,0.13124104211821633,1.0368708089087744
Fusion-LSTM without derivatives,5,43,20,0.13668553445447176,1.0446895146332447
Fusion-LSTM without derivatives,5,43,21,0.12495257732808371,0.9678177482427042
Fusion-LSTM without derivatives,5,43,22,0.12091273514410274,0.9744016110459713
Fusion-LSTM without derivatives,5,43,23,0.13577756718612724,1.0849810871656835
Fusion-LSTM without derivatives,5,43,24,0.1174836900162726,1.4642340421239286
Fusion-LSTM without derivatives,5,43,25,0.12075180884090456,0.965244595328467
Fusion-LSTM without derivatives,5,43,26,0.11143174240162718,0.9104848751794368
Fusion-LSTM without derivatives,5,43,27,0.11477974953866282,0.9579187885270428
Fusion-LSTM without derivatives,5,43,28,0.11226315210907374,1.0910111413468104
Fusion-LSTM without derivatives,5,43,29,0.11958639122257317,0.9738018089432886
Fusion-LSTM without derivatives,5,43,30,0.11612407483771497,0.957611601963733
Fusion-LSTM without derivatives,5,43,31,0.11638661162332703,0.9949739174273029
Fusion-LSTM without derivatives,5,43,32,0.10537470313589313,1.073370768151693
Fusion-LSTM without derivatives,5,43,33,0.10691354033905406,0.9565331049935123
Fusion-LSTM without derivatives,5,43,34,0.09381687479031545,1.0126175809206452
Fusion-LSTM without derivatives,5,43,35,0.10227051383680054,0.9761313056452219
Fusion-LSTM without derivatives,5,43,36,0.09431598874748282,1.1313234232366085
Fusion-LSTM without derivatives,5,43,37,0.1337098053985958,1.0503866453840547
Fusion-LSTM without derivatives,5,43,38,0.10908021577383133,0.8991595355469726
Fusion-LSTM without derivatives,5,43,39,0.09823776436388273,1.0493389642650977
Fusion-LSTM without derivatives,5,43,40,0.09946126870199984,0.9768700348506184
Fusion-LSTM without derivatives,5,43,41,0.09931681192089031,0.9587010819332155
Fusion-LSTM without derivatives,5,43,42,0.0886463769956639,1.0723390265580743
Fusion-LSTM without derivatives,5,43,43,0.09497345093924967,1.0467982811060592
Fusion-LSTM without derivatives,5,43,44,0.07976343228385956,1.0783444730178364
Fusion-LSTM without derivatives,5,43,45,0.0914709628348762,1.0813425244993884
Fusion-LSTM without derivatives,5,43,46,0.11611987130515246,0.9929613422610225
Fusion-LSTM without derivatives,5,43,47,0.08258171020602326,1.0522829623467267
Fusion-LSTM without derivatives,5,43,48,0.09435177247998655,1.1448965863611713
Fusion-LSTM without derivatives,5,43,49,0.08405632936228136,1.1723782676320906
Fusion-LSTM without derivatives,5,43,50,0.08610672003736622,1.0979130368375178
Fusion-LSTM without derivatives,5,43,51,0.09850962065169394,1.1300453981326062
Fusion-LSTM without derivatives,5,43,52,0.08333482631970074,1.192751168775171
Fusion-LSTM without derivatives,5,43,53,0.07655541892043763,1.2316701759035606
Fusion-LSTM without derivatives,5,43,54,0.0761536913570541,1.3493979049170979
Fusion-LSTM without derivatives,5,43,55,0.06821278927077151,1.1536550307861164
Fusion-LSTM without derivatives,5,43,56,0.07174732064346086,1.0956032737558492
Fusion-LSTM without derivatives,5,43,57,0.09382129953022832,1.1415849243382488
Fusion-LSTM without derivatives,5,43,58,0.1062063137240334,1.3522882475410305
Fusion-LSTM without derivatives,5,43,59,0.07999948064615378,1.209535007566151
Fusion-LSTM without derivatives,5,43,60,0.07114128033759362,1.2442461356551893
Fusion-LSTM without derivatives,5,44,1,0.9991213435277507,0.691134148923606
Fusion-LSTM without derivatives,5,44,2,0.3744353471982727,0.659117240825789
Fusion-LSTM without derivatives,5,44,3,0.2852634178928237,0.6977951859028334
Fusion-LSTM without derivatives,5,44,4,0.257514271262755,0.7526064298625262
Fusion-LSTM without derivatives,5,44,5,0.22947333103121056,0.7972461978906855
Fusion-LSTM without derivatives,5,44,6,0.20422251272668454,0.8303369581074584
Fusion-LSTM without derivatives,5,44,7,0.22547969898731063,0.8015696555376053
Fusion-LSTM without derivatives,5,44,8,0.20801314160756704,0.8190523511896094
Fusion-LSTM without derivatives,5,44,9,0.21294751314667476,0.8827273420817697
Fusion-LSTM without derivatives,5,44,10,0.19557678660735797,0.8077746590665801
Fusion-LSTM without derivatives,5,44,11,0.18580775757946047,0.9709072855596023
Fusion-LSTM without derivatives,5,44,12,0.1758424148722717,0.9170699667818142
Fusion-LSTM without derivatives,5,44,13,0.17201291176869085,0.8176366289769079
Fusion-LSTM without derivatives,5,44,14,0.17471361937254412,0.9178879783026077
Fusion-LSTM without derivatives,5,44,15,0.17652213074166598,1.0143813371533368
Fusion-LSTM without derivatives,5,44,16,0.15517566698709345,0.9321606110476848
Fusion-LSTM without derivatives,5,44,17,0.1383213397648956,1.0016919780889646
Fusion-LSTM without derivatives,5,44,18,0.15909216098824797,1.0597747928878796
Fusion-LSTM without derivatives,5,44,19,0.14064410345963996,1.0657381622171502
Fusion-LSTM without derivatives,5,44,20,0.14769992239390256,0.9139509606536329
Fusion-LSTM without derivatives,5,44,21,0.15131642143361754,0.8735751738650743
Fusion-LSTM without derivatives,5,44,22,0.13676142780112518,0.8664648624711067
Fusion-LSTM without derivatives,5,44,23,0.13165723117503864,0.9095012026700334
Fusion-LSTM without derivatives,5,44,24,0.11509244461946254,1.184495474026388
Fusion-LSTM without derivatives,5,44,25,0.1253957481578339,1.1781398027323078
Fusion-LSTM without derivatives,5,44,26,0.11933376805143228,1.0122386510767027
Fusion-LSTM without derivatives,5,44,27,0.12631775062950726,1.0382404169009167
Fusion-LSTM without derivatives,5,44,28,0.11126139284210733,1.3851146388728663
Fusion-LSTM without derivatives,5,44,29,0.1195627137405326,1.0256442983382903
Fusion-LSTM without derivatives,5,44,30,0.1063608317026091,1.1262287596236735
Fusion-LSTM without derivatives,5,44,31,0.10616693502540542,1.2398284357861153
Fusion-LSTM without derivatives,5,44,32,0.123684671145466,0.8963450088440997
Fusion-LSTM without derivatives,5,44,33,0.14462137910807585,0.8768339610074801
Fusion-LSTM without derivatives,5,44,34,0.13427889249498431,0.9133772440801377
Fusion-LSTM without derivatives,5,44,35,0.11049463520809151,1.057221076054893
Fusion-LSTM without derivatives,5,44,36,0.09805381441867318,1.0934472483908855
Fusion-LSTM without derivatives,5,44,37,0.09871165800470326,1.2070306639501385
Fusion-LSTM without derivatives,5,44,38,0.1056100720507771,0.9577256249306837
Fusion-LSTM without derivatives,5,44,39,0.09014988513327132,1.2771702432220087
Fusion-LSTM without derivatives,5,44,40,0.09814245555654734,0.9361237525252676
Fusion-LSTM without derivatives,5,44,41,0.09517483418691114,1.016312329149346
Fusion-LSTM without derivatives,5,44,42,0.11991380373155071,1.124594189617119
Fusion-LSTM without derivatives,5,44,43,0.08728752900091669,1.129916188445731
Fusion-LSTM without derivatives,5,44,44,0.06918620390901878,1.8041494710827775
Fusion-LSTM without derivatives,5,44,45,0.08402317599464673,1.079865643407064
Fusion-LSTM without derivatives,5,44,46,0.07846456124006133,1.2135894813377652
Fusion-LSTM without derivatives,5,44,47,0.06989440497015506,1.1640418009594302
Fusion-LSTM without derivatives,5,44,48,0.07088471949299982,1.1508631591277052
Fusion-LSTM without derivatives,5,44,49,0.08551450115098473,1.1044479285208684
Fusion-LSTM without derivatives,5,44,50,0.07929677278204676,1.1199717063230288
Fusion-LSTM without derivatives,5,44,51,0.08329899298372556,1.1585740485156357
Fusion-LSTM without derivatives,5,44,52,0.08114484787777276,1.2978281135704033
Fusion-LSTM without derivatives,5,44,53,0.07413807313067376,1.2635982863964275
Fusion-LSTM without derivatives,5,44,54,0.06884748472705611,1.1755708513675995
Fusion-LSTM without derivatives,5,44,55,0.06428162794961449,1.3002372729265965
Fusion-LSTM without derivatives,5,44,56,0.07165896816400302,1.216064075035369
Fusion-LSTM without derivatives,5,44,57,0.0874099510321747,1.2472066520957328
Fusion-LSTM without derivatives,5,44,58,0.07131042471412008,1.355756484050171
Fusion-LSTM without derivatives,5,44,59,0.059924487234292736,1.427206343090634
Fusion-LSTM without derivatives,5,44,60,0.06123305581888524,1.2464931616930592
Fusion-LSTM without derivatives,5,45,1,1.0681586881490788,0.7250702356142568
Fusion-LSTM without derivatives,5,45,2,0.36927862186326826,0.6423808724875221
Fusion-LSTM without derivatives,5,45,3,0.28972950165537315,0.6121231478715093
Fusion-LSTM without derivatives,5,45,4,0.26380196566188496,0.5987195456302891
Fusion-LSTM without derivatives,5,45,5,0.24749331325269788,0.6184213601318296
Fusion-LSTM without derivatives,5,45,6,0.23324072672649215,0.6861000986968946
Fusion-LSTM without derivatives,5,45,7,0.220921326766071,0.6955041088148233
Fusion-LSTM without derivatives,5,45,8,0.19743550943627936,1.140155861087815
Fusion-LSTM without derivatives,5,45,9,0.21581216944402112,0.7929244748076553
Fusion-LSTM without derivatives,5,45,10,0.199692662673087,0.6820564053843357
Fusion-LSTM without derivatives,5,45,11,0.20018701134032982,0.8272713849504538
Fusion-LSTM without derivatives,5,45,12,0.19049207611987537,0.7830233279639071
Fusion-LSTM without derivatives,5,45,13,0.1853343317529695,0.8662243584167033
Fusion-LSTM without derivatives,5,45,14,0.17648720553411557,0.9143697128668271
Fusion-LSTM without derivatives,5,45,15,0.1824303903825572,0.7879646453592513
Fusion-LSTM without derivatives,5,45,16,0.16764537072221827,0.8729592328363994
Fusion-LSTM without derivatives,5,45,17,0.17829131481843014,1.0077134091211815
Fusion-LSTM without derivatives,5,45,18,0.17350983751465815,0.9951444954867134
Fusion-LSTM without derivatives,5,45,19,0.1577900434049665,1.176546357837613
Fusion-LSTM without derivatives,5,45,20,0.16399807972550526,1.081572943669695
Fusion-LSTM without derivatives,5,45,21,0.15501417712544432,1.9391761349369645
Fusion-LSTM without derivatives,5,45,22,0.1450274737102676,1.0357768449393459
Fusion-LSTM without derivatives,5,45,23,0.17511187590011185,0.8881140087635512
Fusion-LSTM without derivatives,5,45,24,0.16492344375079637,0.927090011021626
Fusion-LSTM without derivatives,5,45,25,0.15627431435877573,0.9198544905745508
Fusion-LSTM without derivatives,5,45,26,0.14291021417520913,1.0031205938359726
Fusion-LSTM without derivatives,5,45,27,0.15779735855393412,0.9982617333125269
Fusion-LSTM without derivatives,5,45,28,0.14664664612615633,0.967127201754592
Fusion-LSTM without derivatives,5,45,29,0.1664545792251862,0.9803121029330999
Fusion-LSTM without derivatives,5,45,30,0.14915806467267553,0.9554231085617337
Fusion-LSTM without derivatives,5,45,31,0.15947887791386797,1.073783550778525
Fusion-LSTM without derivatives,5,45,32,0.13673182392682118,0.8413294052053047
Fusion-LSTM without derivatives,5,45,33,0.12886025468936257,0.9164887605473181
Fusion-LSTM without derivatives,5,45,34,0.12387722358563538,1.046077513750994
Fusion-LSTM without derivatives,5,45,35,0.11135172590298745,0.9813491430609981
Fusion-LSTM without derivatives,5,45,36,0.1260304857533302,0.8735799815044963
Fusion-LSTM without derivatives,5,45,37,0.10941991982286206,1.125247799188086
Fusion-LSTM without derivatives,5,45,38,0.11174801681213528,1.1478501455214039
Fusion-LSTM without derivatives,5,45,39,0.12242395625132817,0.8947244338706855
Fusion-LSTM without derivatives,5,45,40,0.11529611672287307,1.087826103096988
Fusion-LSTM without derivatives,5,45,41,0.13892500426032042,0.9546831874977367
Fusion-LSTM without derivatives,5,45,42,0.14760067797809692,0.8599731219889483
Fusion-LSTM without derivatives,5,45,43,0.11907563512606804,0.9140067283587385
Fusion-LSTM without derivatives,5,45,44,0.11052488722078128,0.984711464158644
Fusion-LSTM without derivatives,5,45,45,0.09884252938521157,0.969049512840167
Fusion-LSTM without derivatives,5,45,46,0.09309319000704855,1.0902296369680569
Fusion-LSTM without derivatives,5,45,47,0.08947421323264079,1.2222287148487143
Fusion-LSTM without derivatives,5,45,48,0.08456919688818067,1.0490580238636185
Fusion-LSTM without derivatives,5,45,49,0.08978056932048305,1.140925583849413
Fusion-LSTM without derivatives,5,45,50,0.09659978381678408,0.9833298507976332
Fusion-LSTM without derivatives,5,45,51,0.0882805478776209,1.1602555465273388
Fusion-LSTM without derivatives,5,45,52,0.0841690044362221,1.298562251578087
Fusion-LSTM without derivatives,5,45,53,0.10804267773562028,1.2023829023043315
Fusion-LSTM without derivatives,5,45,54,0.09151081272872276,1.1948549412893799
Fusion-LSTM without derivatives,5,45,55,0.08840610502593246,1.236682091369069
Fusion-LSTM without derivatives,5,45,56,0.0818194178830162,1.0878823710375112
Fusion-LSTM without derivatives,5,45,57,0.07601881899951868,1.0908691132093626
Fusion-LSTM without derivatives,5,45,58,0.07021515726623657,1.2445672025408134
Fusion-LSTM without derivatives,5,45,59,0.06868603701088828,1.2674075216679703
Fusion-LSTM without derivatives,5,45,60,0.07256057503037018,1.3662902451661147
Fusion-LSTM without derivatives,5,46,1,1.0225557429554122,0.6992440522341858
Fusion-LSTM without derivatives,5,46,2,0.42950571429627327,0.6315877033979388
Fusion-LSTM without derivatives,5,46,3,0.3032416716272711,0.6428594711691579
Fusion-LSTM without derivatives,5,46,4,0.2866361564346743,0.6030250041739745
Fusion-LSTM without derivatives,5,46,5,0.24742653836453998,0.6251201827071248
Fusion-LSTM without derivatives,5,46,6,0.24005309482318243,0.6335804145041252
Fusion-LSTM without derivatives,5,46,7,0.21108025109060247,0.7390149927988992
Fusion-LSTM without derivatives,5,46,8,0.20957869006779087,0.6875209964546267
Fusion-LSTM without derivatives,5,46,9,0.2297962065808922,0.658718077641613
Fusion-LSTM without derivatives,5,46,10,0.1881533517539866,0.6866146116449148
Fusion-LSTM without derivatives,5,46,11,0.19120281314616397,0.7249368967437644
Fusion-LSTM without derivatives,5,46,12,0.18460254651816924,0.7214647294090479
Fusion-LSTM without derivatives,5,46,13,0.17335866578607256,0.7212373501224838
Fusion-LSTM without derivatives,5,46,14,0.1533297821696998,0.7726335796982488
Fusion-LSTM without derivatives,5,46,15,0.16830340989282858,0.7913382821550409
Fusion-LSTM without derivatives,5,46,16,0.14379613702453337,0.7826223031654798
Fusion-LSTM without derivatives,5,46,17,0.168844336174164,0.8948464339259286
Fusion-LSTM without derivatives,5,46,18,0.14023935280152058,0.8345270451759642
Fusion-LSTM without derivatives,5,46,19,0.14514436814455245,0.8034022785332717
Fusion-LSTM without derivatives,5,46,20,0.13874134924513545,0.8788433902168674
Fusion-LSTM without derivatives,5,46,21,0.14021981385453278,0.8135857288130175
Fusion-LSTM without derivatives,5,46,22,0.13114509661311474,0.8432798588675773
Fusion-LSTM without derivatives,5,46,23,0.16241403323492193,0.7456474264837661
Fusion-LSTM without derivatives,5,46,24,0.15288800171677894,0.7952264805384902
Fusion-LSTM without derivatives,5,46,25,0.12907007846906052,0.8635469830635959
Fusion-LSTM without derivatives,5,46,26,0.13211496225404332,0.8307521854931453
Fusion-LSTM without derivatives,5,46,27,0.11492100558579971,0.8952258196454378
Fusion-LSTM without derivatives,5,46,28,0.10932887962938376,1.023573500617745
Fusion-LSTM without derivatives,5,46,29,0.1229501667579538,0.9495083181113317
Fusion-LSTM without derivatives,5,46,30,0.12144508129817912,0.8878404552144324
Fusion-LSTM without derivatives,5,46,31,0.09826247963080846,1.0416341379784688
Fusion-LSTM without derivatives,5,46,32,0.1311599173408681,0.8953094279053826
Fusion-LSTM without derivatives,5,46,33,0.11314091976444754,0.8780319562935479
Fusion-LSTM without derivatives,5,46,34,0.10202515096092457,0.9050709477604311
Fusion-LSTM without derivatives,5,46,35,0.10977224506992925,0.937996544740485
Fusion-LSTM without derivatives,5,46,36,0.08906331801887618,1.1042575067694083
Fusion-LSTM without derivatives,5,46,37,0.09436056825857851,0.9781735376445128
Fusion-LSTM without derivatives,5,46,38,0.09523587972385981,1.1104229133521486
Fusion-LSTM without derivatives,5,46,39,0.09435686374178916,1.043106303337485
Fusion-LSTM without derivatives,5,46,40,0.10658016360411592,0.9943778383500671
Fusion-LSTM without derivatives,5,46,41,0.11163909541502266,1.128178597574339
Fusion-LSTM without derivatives,5,46,42,0.0906368876597787,1.1375830617325235
Fusion-LSTM without derivatives,5,46,43,0.10132939387409237,1.0302870156130202
Fusion-LSTM without derivatives,5,46,44,0.09702235737740264,1.110599770767134
Fusion-LSTM without derivatives,5,46,45,0.09599063951280447,1.1213799964410078
Fusion-LSTM without derivatives,5,46,46,0.09448072827116767,1.0874377596709464
Fusion-LSTM without derivatives,5,46,47,0.07780483395933183,1.2618222980597984
Fusion-LSTM without derivatives,5,46,48,0.07968105272717108,1.1809676158978004
Fusion-LSTM without derivatives,5,46,49,0.10639462717597896,1.0928010860344775
Fusion-LSTM without derivatives,5,46,50,0.09302059631433333,1.1015067504215166
Fusion-LSTM without derivatives,5,46,51,0.07921936816360341,1.1571458181214032
Fusion-LSTM without derivatives,5,46,52,0.08531398755627043,1.1852319933458444
Fusion-LSTM without derivatives,5,46,53,0.07972287145902653,1.216148704798029
Fusion-LSTM without derivatives,5,46,54,0.07883432725925486,1.114520704299524
Fusion-LSTM without derivatives,5,46,55,0.07555063744389078,1.2500819351867747
Fusion-LSTM without derivatives,5,46,56,0.08339615344928265,1.2197867910645168
Fusion-LSTM without derivatives,5,46,57,0.08283175204309431,1.2744545508215137
Fusion-LSTM without derivatives,5,46,58,0.0973769087874511,1.4184284353749808
Fusion-LSTM without derivatives,5,46,59,0.08897615068180617,1.212069420842942
Fusion-LSTM without derivatives,5,46,60,0.08397565784578005,1.274736649499312
Fusion-LSTM without derivatives,5,47,1,0.9767450656345162,0.5249736359034445
Fusion-LSTM without derivatives,5,47,2,0.3220671801993138,0.6371878696687566
Fusion-LSTM without derivatives,5,47,3,0.2663359123862359,0.6053838432459961
Fusion-LSTM without derivatives,5,47,4,0.2509340107978995,0.6209252839068446
Fusion-LSTM without derivatives,5,47,5,0.23362067844285522,0.6177341129544895
Fusion-LSTM without derivatives,5,47,6,0.21831871001927622,0.682833398663023
Fusion-LSTM without derivatives,5,47,7,0.2234602715532812,0.6261849339028325
Fusion-LSTM without derivatives,5,47,8,0.2053706658732789,0.687357725306127
Fusion-LSTM without derivatives,5,47,9,0.19325751404881003,0.7343186504311032
Fusion-LSTM without derivatives,5,47,10,0.18651389797170267,0.7362593410524932
Fusion-LSTM without derivatives,5,47,11,0.16851472987758048,0.8477044635661243
Fusion-LSTM without derivatives,5,47,12,0.16705371933730462,0.8459475011695606
Fusion-LSTM without derivatives,5,47,13,0.25661440498242327,0.7394887647070225
Fusion-LSTM without derivatives,5,47,14,0.19395946360203453,0.7671543809915239
Fusion-LSTM without derivatives,5,47,15,0.18109693914546998,0.8051156795249795
Fusion-LSTM without derivatives,5,47,16,0.17172243357995112,0.8121248762312675
Fusion-LSTM without derivatives,5,47,17,0.16167337397390447,0.837270705611201
Fusion-LSTM without derivatives,5,47,18,0.15139743866002234,0.9760473204046425
Fusion-LSTM without derivatives,5,47,19,0.1519713045042031,0.962942121538726
Fusion-LSTM without derivatives,5,47,20,0.1607904037291975,0.9294412920497498
Fusion-LSTM without derivatives,5,47,21,0.15238520601534056,1.0074562395706117
Fusion-LSTM without derivatives,5,47,22,0.14350645709668847,0.9348876659037932
Fusion-LSTM without derivatives,5,47,23,0.15358251744979307,0.9449947162431741
Fusion-LSTM without derivatives,5,47,24,0.14019972186266574,1.0275214458474073
Fusion-LSTM without derivatives,5,47,25,0.13146355933101672,1.0798167345861844
Fusion-LSTM without derivatives,5,47,26,0.12950536561274908,1.078456902981929
Fusion-LSTM without derivatives,5,47,27,0.1354430100106551,0.9761548243166266
Fusion-LSTM without derivatives,5,47,28,0.12333925904630885,1.1172921306978856
Fusion-LSTM without derivatives,5,47,29,0.12499750940860996,1.1889305670806196
Fusion-LSTM without derivatives,5,47,30,0.11919517306248444,1.1057846715958863
Fusion-LSTM without derivatives,5,47,31,0.12019791525151384,1.1419085771532678
Fusion-LSTM without derivatives,5,47,32,0.11881454798622078,1.1254691277128845
Fusion-LSTM without derivatives,5,47,33,0.11520505195877981,1.175738277058244
Fusion-LSTM without derivatives,5,47,34,0.11132830962841299,1.1870000117714175
Fusion-LSTM without derivatives,5,47,35,0.10590930140806383,1.1864241514925062
Fusion-LSTM without derivatives,5,47,36,0.11298389768859456,1.1511412218556714
Fusion-LSTM without derivatives,5,47,37,0.1082257736225486,1.1601402230318674
Fusion-LSTM without derivatives,5,47,38,0.11324855230045887,1.2023044747087628
Fusion-LSTM without derivatives,5,47,39,0.09836625232107053,1.1804332893763512
Fusion-LSTM without derivatives,5,47,40,0.11263624803964482,1.0883127079663537
Fusion-LSTM without derivatives,5,47,41,0.11992327419692146,1.238740170647857
Fusion-LSTM without derivatives,5,47,42,0.10255421174181718,1.0126271362512116
Fusion-LSTM without derivatives,5,47,43,0.10782765413980662,1.2328039766630974
Fusion-LSTM without derivatives,5,47,44,0.0976919358461694,1.2092785681880995
Fusion-LSTM without derivatives,5,47,45,0.09579581608955898,1.1851619632731132
Fusion-LSTM without derivatives,5,47,46,0.1007132208113863,1.202550106914226
Fusion-LSTM without derivatives,5,47,47,0.10298345187115238,1.2407585092638649
Fusion-LSTM without derivatives,5,47,48,0.09755823200414951,1.2133347907316416
Fusion-LSTM without derivatives,5,47,49,0.08233864805313464,1.331866629558383
Fusion-LSTM without derivatives,5,47,50,0.08631195361364628,1.3007243350031052
Fusion-LSTM without derivatives,5,47,51,0.08008930883843411,1.1471737391340782
Fusion-LSTM without derivatives,5,47,52,0.08512996557320274,1.2273681683688418
Fusion-LSTM without derivatives,5,47,53,0.09625724572661479,1.2866170951311693
Fusion-LSTM without derivatives,5,47,54,0.08713559586661064,1.1827678495834522
Fusion-LSTM without derivatives,5,47,55,0.0726138330089828,1.2788135773410525
Fusion-LSTM without derivatives,5,47,56,0.07775046676169338,1.220001435438386
Fusion-LSTM without derivatives,5,47,57,0.08978711176681306,1.2092236567745513
Fusion-LSTM without derivatives,5,47,58,0.10052634013684625,1.236186981380798
Fusion-LSTM without derivatives,5,47,59,0.08361675661408333,1.4023391683341884
Fusion-LSTM without derivatives,5,47,60,0.1028921712768997,1.1673599047121637
Fusion-LSTM without derivatives,5,48,1,1.0320955793233075,0.6368058557530369
Fusion-LSTM without derivatives,5,48,2,0.3364477645665079,0.6143613998744972
Fusion-LSTM without derivatives,5,48,3,0.30831495982525253,0.6102857204853114
Fusion-LSTM without derivatives,5,48,4,0.2773322819104028,0.6115340870381402
Fusion-LSTM without derivatives,5,48,5,0.24500637855312377,0.655894523396682
Fusion-LSTM without derivatives,5,48,6,0.24675270163361782,0.6780817032610096
Fusion-LSTM without derivatives,5,48,7,0.2274793100109007,0.6921385100552621
Fusion-LSTM without derivatives,5,48,8,0.20741229879155737,0.6231487119722666
Fusion-LSTM without derivatives,5,48,9,0.20988953113555908,0.6730695604278356
Fusion-LSTM without derivatives,5,48,10,0.21448885028408965,0.6949319473352572
Fusion-LSTM without derivatives,5,48,11,0.1867650265063329,0.7497164363693641
Fusion-LSTM without derivatives,5,48,12,0.1771777972357856,0.7367519928724261
Fusion-LSTM without derivatives,5,48,13,0.18274398191377175,0.7478026026699778
Fusion-LSTM without derivatives,5,48,14,0.1629973512719701,0.8820430424603276
Fusion-LSTM without derivatives,5,48,15,0.16026060204129927,0.7782768182909464
Fusion-LSTM without derivatives,5,48,16,0.17288315030569473,0.9650769672303829
Fusion-LSTM without derivatives,5,48,17,0.16882641254975533,0.8188595997962312
Fusion-LSTM without derivatives,5,48,18,0.15452116912269606,0.8267235167371402
Fusion-LSTM without derivatives,5,48,19,0.15624342003388095,0.8747661390519492
Fusion-LSTM without derivatives,5,48,20,0.14628863676264198,0.8748293004820682
Fusion-LSTM without derivatives,5,48,21,0.13485413022462456,0.9086072244359262
Fusion-LSTM without derivatives,5,48,22,0.14023741454141375,0.9011422449437827
Fusion-LSTM without derivatives,5,48,23,0.1579095436718356,1.0448981144893095
Fusion-LSTM without derivatives,5,48,24,0.15866206041018557,0.913415470556893
Fusion-LSTM without derivatives,5,48,25,0.1377263857345832,0.873217867855256
Fusion-LSTM without derivatives,5,48,26,0.13904881298643476,0.8791168455026684
Fusion-LSTM without derivatives,5,48,27,0.140404606700819,0.8534159954301466
Fusion-LSTM without derivatives,5,48,28,0.12979276861363936,0.8939463524011196
Fusion-LSTM without derivatives,5,48,29,0.12405991201793987,0.8898238988136346
Fusion-LSTM without derivatives,5,48,30,0.12792928697714626,0.9043422794004656
Fusion-LSTM without derivatives,5,48,31,0.11775211353342857,0.9571738369778517
Fusion-LSTM without derivatives,5,48,32,0.13068604571437017,0.9686967372519415
Fusion-LSTM without derivatives,5,48,33,0.11429907052493865,1.0143834821395654
Fusion-LSTM without derivatives,5,48,34,0.11208066887779657,1.105459450082209
Fusion-LSTM without derivatives,5,48,35,0.11975862942077448,1.0182169907466672
Fusion-LSTM without derivatives,5,48,36,0.11003890287044436,0.9873907204787686
Fusion-LSTM without derivatives,5,48,37,0.11090257708910874,1.0196146682779494
Fusion-LSTM without derivatives,5,48,38,0.09633360909739215,1.0759479860214818
Fusion-LSTM without derivatives,5,48,39,0.10121770708330405,1.1506274194228199
Fusion-LSTM without derivatives,5,48,40,0.12363805349191224,1.0505926274153672
Fusion-LSTM without derivatives,5,48,41,0.1110329599538077,1.0691925707728107
Fusion-LSTM without derivatives,5,48,42,0.09738950363863054,1.2276242178409855
Fusion-LSTM without derivatives,5,48,43,0.09491091310029515,1.1525367442479424
Fusion-LSTM without derivatives,5,48,44,0.1021861323734547,1.1896332743688949
Fusion-LSTM without derivatives,5,48,45,0.09775488468222183,1.2310395881502383
Fusion-LSTM without derivatives,5,48,46,0.10977409953294798,1.167513969121989
Fusion-LSTM without derivatives,5,48,47,0.10430954048362182,1.249954304511442
Fusion-LSTM without derivatives,5,48,48,0.09525418297286206,1.3210385000212137
Fusion-LSTM without derivatives,5,48,49,0.0903364126970923,1.21540511938386
Fusion-LSTM without derivatives,5,48,50,0.08661881859062041,1.7548720390229355
Fusion-LSTM without derivatives,5,48,51,0.0785912756535659,1.3447680255277101
Fusion-LSTM without derivatives,5,48,52,0.1086548082473502,1.219350817380961
Fusion-LSTM without derivatives,5,48,53,0.08273408317814765,1.3074895029172957
Fusion-LSTM without derivatives,5,48,54,0.07420874489163536,1.2821737426944249
Fusion-LSTM without derivatives,5,48,55,0.08379725944319218,1.3178726865654222
Fusion-LSTM without derivatives,5,48,56,0.08365844835933627,1.3756576841169934
Fusion-LSTM without derivatives,5,48,57,0.08253602582888366,1.2678696572062105
Fusion-LSTM without derivatives,5,48,58,0.0719362387434788,1.5048314807643681
Fusion-LSTM without derivatives,5,48,59,0.07915628186979459,1.3070626344289669
Fusion-LSTM without derivatives,5,48,60,0.12224778500978346,1.0940336112003282
Fusion-LSTM without derivatives,5,49,1,1.0084141206128507,0.6049715303025156
Fusion-LSTM without derivatives,5,49,2,0.3957272540399465,1.1870179178829714
Fusion-LSTM without derivatives,5,49,3,0.35159829350113136,0.5660122854154814
Fusion-LSTM without derivatives,5,49,4,0.2846177895912488,0.6094504704765303
Fusion-LSTM without derivatives,5,49,5,0.24349156645841377,1.038792241294429
Fusion-LSTM without derivatives,5,49,6,0.2454951687498221,0.6111716094506862
Fusion-LSTM without derivatives,5,49,7,0.23067476754755037,0.7635064646133087
Fusion-LSTM without derivatives,5,49,8,0.20915078817703733,0.8389957250414155
Fusion-LSTM without derivatives,5,49,9,0.19392483287480644,0.9421061466699876
Fusion-LSTM without derivatives,5,49,10,0.193141977563774,0.8302817001970059
Fusion-LSTM without derivatives,5,49,11,0.18066531109693146,0.9201972645783575
Fusion-LSTM without derivatives,5,49,12,0.170079963179157,0.8933961318661332
Fusion-LSTM without derivatives,5,49,13,0.1515826122194638,1.1275479074106776
Fusion-LSTM without derivatives,5,49,14,0.14574148100567128,1.1892873058466542
Fusion-LSTM without derivatives,5,49,15,0.1563081676124041,1.1634174323869202
Fusion-LSTM without derivatives,5,49,16,0.14820575336310124,1.409170789413732
Fusion-LSTM without derivatives,5,49,17,0.16287007644907042,0.8805378137831917
Fusion-LSTM without derivatives,5,49,18,0.1458807685748746,0.913857997338477
Fusion-LSTM without derivatives,5,49,19,0.13952025498127887,0.9280841325251561
Fusion-LSTM without derivatives,5,49,20,0.12644619786498595,1.2571572160008568
Fusion-LSTM without derivatives,5,49,21,0.1326596211377563,1.1447053537303797
Fusion-LSTM without derivatives,5,49,22,0.13990197358983528,0.9185405737823911
Fusion-LSTM without derivatives,5,49,23,0.14320706404663505,0.9305851528229704
Fusion-LSTM without derivatives,5,49,24,0.12724501239261254,1.1014368484105204
Fusion-LSTM without derivatives,5,49,25,0.11588735052246504,1.485455331890463
Fusion-LSTM without derivatives,5,49,26,0.11394601152933942,1.0463920399015554
Fusion-LSTM without derivatives,5,49,27,0.10494207245248713,1.3109098576805875
Fusion-LSTM without derivatives,5,49,28,0.10382138513657863,1.3894292529617716
Fusion-LSTM without derivatives,5,49,29,0.0972034277685381,1.1742071440009951
Fusion-LSTM without derivatives,5,49,30,0.12055465542455403,1.3643121705146455
Fusion-LSTM without derivatives,5,49,31,0.11164183151706451,1.2608383531746625
Fusion-LSTM without derivatives,5,49,32,0.10594736898148084,1.34525475640092
Fusion-LSTM without derivatives,5,49,33,0.1130456523684787,1.1817289022904522
Fusion-LSTM without derivatives,5,49,34,0.11699156960269558,0.9952910596532142
Fusion-LSTM without derivatives,5,49,35,0.12383949586081705,1.0126625689476791
Fusion-LSTM without derivatives,5,49,36,0.09324459981964388,1.0587532355038125
Fusion-LSTM without derivatives,5,49,37,0.10082653450928948,1.1854596198448595
Fusion-LSTM without derivatives,5,49,38,0.08513098715199215,1.2495858761983722
Fusion-LSTM without derivatives,5,49,39,0.08897033727282118,1.2732980997697987
Fusion-LSTM without derivatives,5,49,40,0.10103609219576475,1.150408280330009
Fusion-LSTM without derivatives,5,49,41,0.08207438306910336,1.2691537341575452
Fusion-LSTM without derivatives,5,49,42,0.09518991313966486,1.2803545726357766
Fusion-LSTM without derivatives,5,49,43,0.08575392194374977,1.2584614705224082
Fusion-LSTM without derivatives,5,49,44,0.07121102036704863,1.1393855652328682
Fusion-LSTM without derivatives,5,49,45,0.08079744408658342,1.348788470029831
Fusion-LSTM without derivatives,5,49,46,0.08529785804386676,1.2513311745157656
Fusion-LSTM without derivatives,5,49,47,0.0905938626995431,1.2376118483611498
Fusion-LSTM without derivatives,5,49,48,0.0862926756652503,1.4582326432116002
Fusion-LSTM without derivatives,5,49,49,0.06983930565590082,1.3410265140657156
Fusion-LSTM without derivatives,5,49,50,0.0713798702769141,1.3023992564443272
Fusion-LSTM without derivatives,5,49,51,0.07015547118032285,1.6233446079792466
Fusion-LSTM without derivatives,5,49,52,0.1495244959950666,1.4796606650423703
Fusion-LSTM without derivatives,5,49,53,0.10164767234116528,1.4018292000177521
Fusion-LSTM without derivatives,5,49,54,0.09875530484183766,1.3805944518473163
Fusion-LSTM without derivatives,5,49,55,0.09635725191018044,1.3789074592198591
Fusion-LSTM without derivatives,5,49,56,0.07783029988368761,1.2787281506903767
Fusion-LSTM without derivatives,5,49,57,0.08129978694267927,1.3964193537362717
Fusion-LSTM without derivatives,5,49,58,0.08747697648258294,1.3528316485494438
Fusion-LSTM without derivatives,5,49,59,0.08273596248978173,1.2965999092844236
Fusion-LSTM without derivatives,5,49,60,0.06622494743553285,1.3380881347410396
Fusion-LSTM without derivatives,5,50,1,1.048174399203157,0.7222930865217805
Fusion-LSTM without derivatives,5,50,2,0.3736475661050442,0.7109368368514679
Fusion-LSTM without derivatives,5,50,3,0.29996313608845415,0.6296692495575991
Fusion-LSTM without derivatives,5,50,4,0.26789596959073075,0.6595307279932674
Fusion-LSTM without derivatives,5,50,5,0.248009301311675,0.6836567016267676
Fusion-LSTM without derivatives,5,50,6,0.22293944971013535,0.7122177917752376
Fusion-LSTM without derivatives,5,50,7,0.2083522817997702,0.6992897959875111
Fusion-LSTM without derivatives,5,50,8,0.20196376203911579,0.7013553050454058
Fusion-LSTM without derivatives,5,50,9,0.17901700311950253,0.8151273941718807
Fusion-LSTM without derivatives,5,50,10,0.17645329426383574,0.8062215723581534
Fusion-LSTM without derivatives,5,50,11,0.1716442198208744,0.8277545460427582
Fusion-LSTM without derivatives,5,50,12,0.17361062921405823,0.8231868847923459
Fusion-LSTM without derivatives,5,50,13,0.1556084195432348,0.8858608478520151
Fusion-LSTM without derivatives,5,50,14,0.17150377958438462,0.8596524945470022
Fusion-LSTM without derivatives,5,50,15,0.15939362421905395,0.9967216938046789
Fusion-LSTM without derivatives,5,50,16,0.17961517349227515,0.9277199547839364
Fusion-LSTM without derivatives,5,50,17,0.1703586805899111,0.9675467549598692
Fusion-LSTM without derivatives,5,50,18,0.17236034894952576,0.9227728043805878
Fusion-LSTM without derivatives,5,50,19,0.14901261239550834,0.9896387590770951
Fusion-LSTM without derivatives,5,50,20,0.1355221086299113,1.0827502485528682
Fusion-LSTM without derivatives,5,50,21,0.1359811109129335,1.0621228741806008
Fusion-LSTM without derivatives,5,50,22,0.16152014306517298,0.9904239771251159
Fusion-LSTM without derivatives,5,50,23,0.12106073539216194,1.074099856914964
Fusion-LSTM without derivatives,5,50,24,0.13173252880354405,1.0434112115929086
Fusion-LSTM without derivatives,5,50,25,0.11351649765628578,1.09096277802714
Fusion-LSTM without derivatives,5,50,26,0.11798833607441793,1.1119117491470505
Fusion-LSTM without derivatives,5,50,27,0.11251558538032137,1.2729061393446017
Fusion-LSTM without derivatives,5,50,28,0.11059126560775748,1.2274275319475048
Fusion-LSTM without derivatives,5,50,29,0.10340345571743213,1.1823055763734773
Fusion-LSTM without derivatives,5,50,30,0.10755467993313289,1.121281348121991
Fusion-LSTM without derivatives,5,50,31,0.10818771807752742,1.226069006529994
Fusion-LSTM without derivatives,5,50,32,0.10409945258833674,1.272223853365571
Fusion-LSTM without derivatives,5,50,33,0.10371759071954123,1.1848545865872309
Fusion-LSTM without derivatives,5,50,34,0.09852528929065758,1.146739981869388
Fusion-LSTM without derivatives,5,50,35,0.09153910729500626,1.2130039973922495
Fusion-LSTM without derivatives,5,50,36,0.0777595107166984,1.2174039408935535
Fusion-LSTM without derivatives,5,50,37,0.09912318339391248,1.2095243675435114
Fusion-LSTM without derivatives,5,50,38,0.11401062173315187,1.1394527371215246
Fusion-LSTM without derivatives,5,50,39,0.09084667708292134,1.2464493173691962
Fusion-LSTM without derivatives,5,50,40,0.08720929388155206,1.2470459781794085
Fusion-LSTM without derivatives,5,50,41,0.0875323980732056,1.2598237026076708
Fusion-LSTM without derivatives,5,50,42,0.08090961635605212,1.265487774819979
Fusion-LSTM without derivatives,5,50,43,0.07625185783081569,1.2498964565792423
Fusion-LSTM without derivatives,5,50,44,0.07110184823838832,1.2426203646925542
Fusion-LSTM without derivatives,5,50,45,0.06848800161253829,1.223908857635732
Fusion-LSTM without derivatives,5,50,46,0.07727837586955531,1.234057193510703
Fusion-LSTM without derivatives,5,50,47,0.07387027552526905,1.1950448764218662
Fusion-LSTM without derivatives,5,50,48,0.09625144787293755,1.3244296745973125
Fusion-LSTM without derivatives,5,50,49,0.11858992112017917,1.2685605334840417
Fusion-LSTM without derivatives,5,50,50,0.08341772260538768,1.299496928647754
Fusion-LSTM without derivatives,5,50,51,0.075873926890509,1.2237901479490023
Fusion-LSTM without derivatives,5,50,52,0.05980538427966534,1.4352861608552359
Fusion-LSTM without derivatives,5,50,53,0.06907977378155439,1.2446471297063042
Fusion-LSTM without derivatives,5,50,54,0.06902307471673083,1.3139353134948566
Fusion-LSTM without derivatives,5,50,55,0.05451355189269675,1.3828569650220484
Fusion-LSTM without derivatives,5,50,56,0.06460404964974674,1.369631524247545
Fusion-LSTM without derivatives,5,50,57,0.07228810373908011,1.3655670189193256
Fusion-LSTM without derivatives,5,50,58,0.06911420161062692,1.2963344873665232
Fusion-LSTM without derivatives,5,50,59,0.06330121967644001,1.426861496339601
Fusion-LSTM without derivatives,5,50,60,0.08253053861192565,1.3222515461204936
Fusion-LSTM without derivatives,5,51,1,0.989894374475485,0.9150811196373194
Fusion-LSTM without derivatives,5,51,2,0.38611063052930916,0.6071867030621575
Fusion-LSTM without derivatives,5,51,3,0.32570331758446763,0.6791885338364407
Fusion-LSTM without derivatives,5,51,4,0.2636664681036294,0.714835993648825
Fusion-LSTM without derivatives,5,51,5,0.23196827942184017,0.7378463176561352
Fusion-LSTM without derivatives,5,51,6,0.22418253328035628,0.7980217612514456
Fusion-LSTM without derivatives,5,51,7,0.18851855464879255,1.0520474780780464
Fusion-LSTM without derivatives,5,51,8,0.1935856829111258,0.8134281888323011
Fusion-LSTM without derivatives,5,51,9,0.19574803865379045,0.8577059078141578
Fusion-LSTM without derivatives,5,51,10,0.2010649723027043,0.8359655162448403
Fusion-LSTM without derivatives,5,51,11,0.17678777421191974,0.9257039711722788
Fusion-LSTM without derivatives,5,51,12,0.19517475880928692,0.9118239243575362
Fusion-LSTM without derivatives,5,51,13,0.16688937709337348,0.9017989756988529
Fusion-LSTM without derivatives,5,51,14,0.1609909703346332,1.103669426413702
Fusion-LSTM without derivatives,5,51,15,0.16941631438536625,0.8091348501496345
Fusion-LSTM without derivatives,5,51,16,0.15805774806762704,0.7595468038532969
Fusion-LSTM without derivatives,5,51,17,0.158367408131736,0.8139888068477563
Fusion-LSTM without derivatives,5,51,18,0.14126399006224905,0.8767950950303668
Fusion-LSTM without derivatives,5,51,19,0.17876240211929967,0.8647925272365287
Fusion-LSTM without derivatives,5,51,20,0.14714890891729399,0.9920316452562684
Fusion-LSTM without derivatives,5,51,21,0.14202605457828268,0.8754267520749593
Fusion-LSTM without derivatives,5,51,22,0.12679760326030623,0.971593180261318
Fusion-LSTM without derivatives,5,51,23,0.11992043667248332,1.0038497945922475
Fusion-LSTM without derivatives,5,51,24,0.11497326292818004,1.0035497255514003
Fusion-LSTM without derivatives,5,51,25,0.11243400852466082,1.0373385813188754
Fusion-LSTM without derivatives,5,51,26,0.11360907150977353,1.1870063523951317
Fusion-LSTM without derivatives,5,51,27,0.11892677972468262,1.1693622457562503
Fusion-LSTM without derivatives,5,51,28,0.10855452126693414,1.083293690246606
Fusion-LSTM without derivatives,5,51,29,0.09421115714003363,1.2948437513045545
Fusion-LSTM without derivatives,5,51,30,0.10280404726300968,1.0698839467120371
Fusion-LSTM without derivatives,5,51,31,0.09834377853384509,1.1672461866957586
Fusion-LSTM without derivatives,5,51,32,0.09639220649770927,1.2334016480910703
Fusion-LSTM without derivatives,5,51,33,0.11568648163616803,1.3727603007412557
Fusion-LSTM without derivatives,5,51,34,0.1146813509655225,1.1616229519513543
Fusion-LSTM without derivatives,5,51,35,0.10385059656101112,1.2104177935443334
Fusion-LSTM without derivatives,5,51,36,0.08268113993906223,1.175994636065305
Fusion-LSTM without derivatives,5,51,37,0.11013524309993349,1.254185710375664
Fusion-LSTM without derivatives,5,51,38,0.09224926432192261,1.276888137749656
Fusion-LSTM without derivatives,5,51,39,0.09416512648017582,1.2823918756386519
Fusion-LSTM without derivatives,5,51,40,0.0837995279899535,1.136963380832592
Fusion-LSTM without derivatives,5,51,41,0.08456982053004689,1.124774830739953
Fusion-LSTM without derivatives,5,51,42,0.13426199512535678,1.1025834763949771
Fusion-LSTM without derivatives,5,51,43,0.11884870275033176,1.126498868880282
Fusion-LSTM without derivatives,5,51,44,0.10853585933484457,1.058611403471269
Fusion-LSTM without derivatives,5,51,45,0.09501989042342811,1.0798500987468775
Fusion-LSTM without derivatives,5,51,46,0.08621070876653732,1.083403643931358
Fusion-LSTM without derivatives,5,51,47,0.07625042751084926,1.0903512040149241
Fusion-LSTM without derivatives,5,51,48,0.07710757455817051,1.1745686269906082
Fusion-LSTM without derivatives,5,51,49,0.08590650794779109,1.145550173236764
Fusion-LSTM without derivatives,5,51,50,0.08480788947902665,1.200227742792113
Fusion-LSTM without derivatives,5,51,51,0.07630839453260055,1.310640746575294
Fusion-LSTM without derivatives,5,51,52,0.08067195861619718,1.0869925501961377
Fusion-LSTM without derivatives,5,51,53,0.10561717513178087,1.1177569407524552
Fusion-LSTM without derivatives,5,51,54,0.07439620759237826,1.2250261330504588
Fusion-LSTM without derivatives,5,51,55,0.06965191443217063,1.2055856369404547
Fusion-LSTM without derivatives,5,51,56,0.06575656237324068,1.2262833733463063
Fusion-LSTM without derivatives,5,51,57,0.09495618472242275,1.1262552677116804
Fusion-LSTM without derivatives,5,51,58,0.08676525201569249,1.1841946900148623
Fusion-LSTM without derivatives,5,51,59,0.07363870477254275,1.1500587123612125
Fusion-LSTM without derivatives,5,51,60,0.06451974100361474,1.1662206970256768
Fusion-LSTM with derivatives,1,42,1,1.032951279613218,0.5485668697197232
Fusion-LSTM with derivatives,1,42,2,0.39985032539086146,0.6434363739670448
Fusion-LSTM with derivatives,1,42,3,0.29601987120483486,0.6170199378793845
Fusion-LSTM with derivatives,1,42,4,0.26865871538388625,0.6199924142980475
Fusion-LSTM with derivatives,1,42,5,0.24017751799738274,0.6810137684490196
Fusion-LSTM with derivatives,1,42,6,0.2416572416473872,0.4476694228826579
Fusion-LSTM with derivatives,1,42,7,0.27442619182526845,0.7236835728526365
Fusion-LSTM with derivatives,1,42,8,0.2726951185957532,0.4751670637345664
Fusion-LSTM with derivatives,1,42,9,0.23289246274316444,0.4484683452037395
Fusion-LSTM with derivatives,1,42,10,0.22325309568518936,0.4986375152314984
Fusion-LSTM with derivatives,1,42,11,0.22363233269360672,0.5320311823793428
Fusion-LSTM with derivatives,1,42,12,0.2037148525134224,0.7230359758845915
Fusion-LSTM with derivatives,1,42,13,0.20595615633006173,0.7344036723957622
Fusion-LSTM with derivatives,1,42,14,0.2254889414979083,0.7477976590457452
Fusion-LSTM with derivatives,1,42,15,0.20196092755592177,1.0855147164447752
Fusion-LSTM with derivatives,1,42,16,0.20628669942290434,0.6326722621886486
Fusion-LSTM with derivatives,1,42,17,0.19628445382561044,0.6913804926087521
Fusion-LSTM with derivatives,1,42,18,0.19364175904281025,0.8420823612240625
Fusion-LSTM with derivatives,1,42,19,0.19605658880605614,0.8378231241611814
Fusion-LSTM with derivatives,1,42,20,0.18696670938022023,0.9011553319120307
Fusion-LSTM with derivatives,1,42,21,0.1866655739397727,0.9208743520377817
Fusion-LSTM with derivatives,1,42,22,0.19349558702767408,0.6618930550616242
Fusion-LSTM with derivatives,1,42,23,0.18635420559883703,1.4282185348762155
Fusion-LSTM with derivatives,1,42,24,0.17686817101300276,0.9103898789335347
Fusion-LSTM with derivatives,1,42,25,0.16825266511421216,0.6428138274129331
Fusion-LSTM with derivatives,1,42,26,0.20120551082480878,0.6766414770571441
Fusion-LSTM with derivatives,1,42,27,0.18672837788035215,0.7171645406282173
Fusion-LSTM with derivatives,1,42,28,0.18433397734333815,1.3548034025000826
Fusion-LSTM with derivatives,1,42,29,0.17814511180767129,0.6903955307896532
Fusion-LSTM with derivatives,1,42,30,0.16671417188013904,1.0424679022446368
Fusion-LSTM with derivatives,1,42,31,0.15748324724507654,1.1731844978012629
Fusion-LSTM with derivatives,1,42,32,0.14727796245764982,1.4875679419413053
Fusion-LSTM with derivatives,1,42,33,0.13684671356595896,2.2992285364141503
Fusion-LSTM with derivatives,1,42,34,0.21930232852110856,0.595251480644604
Fusion-LSTM with derivatives,1,42,35,0.18783745103656585,0.564750543211741
Fusion-LSTM with derivatives,1,42,36,0.15218740441409132,0.7147772243125383
Fusion-LSTM with derivatives,1,42,37,0.1542271132985311,0.7020648199619737
Fusion-LSTM with derivatives,1,42,38,0.1742410547069078,1.0057942064584426
Fusion-LSTM with derivatives,1,42,39,0.16151840229682524,0.7509157720882937
Fusion-LSTM with derivatives,1,42,40,0.18354342704201243,1.0864112432147972
Fusion-LSTM with derivatives,1,42,41,0.14796842872949836,1.0927741262023054
Fusion-LSTM with derivatives,1,42,42,0.1435128263625125,0.8080519043393355
Fusion-LSTM with derivatives,1,42,43,0.144229785588468,0.9764970580361924
Fusion-LSTM with derivatives,1,42,44,0.13538772106024025,1.5958640088856346
Fusion-LSTM with derivatives,1,42,45,0.14407268227942902,1.3708265210566282
Fusion-LSTM with derivatives,1,42,46,0.13621962396714374,1.4294269678165328
Fusion-LSTM with derivatives,1,42,47,0.13243322906532265,0.8084780180073134
Fusion-LSTM with derivatives,1,42,48,0.1302492799189258,1.0484697646236893
Fusion-LSTM with derivatives,1,42,49,0.15509933953575541,1.162449231914067
Fusion-LSTM with derivatives,1,42,50,0.1370956187501898,1.1970541021499619
Fusion-LSTM with derivatives,1,42,51,0.14549149702982417,1.18963509466913
Fusion-LSTM with derivatives,1,42,52,0.12956140068477665,1.4743283645130802
Fusion-LSTM with derivatives,1,42,53,0.12837370211971055,2.1112885399247117
Fusion-LSTM with derivatives,1,42,54,0.12656312297484384,1.7611345428098735
Fusion-LSTM with derivatives,1,42,55,0.1281563796350437,2.096561884074091
Fusion-LSTM with derivatives,1,42,56,0.15118573658250795,1.3353581694296446
Fusion-LSTM with derivatives,1,42,57,0.1423569486406603,1.6251186082682394
Fusion-LSTM with derivatives,1,42,58,0.13266230104685856,2.4450455638277395
Fusion-LSTM with derivatives,1,42,59,0.12366067706108973,2.633183060670799
Fusion-LSTM with derivatives,1,42,60,0.11870866855388784,2.9093829155694575
Fusion-LSTM with derivatives,1,43,1,1.006695192165187,0.5493992094723683
Fusion-LSTM with derivatives,1,43,2,0.3514297824870763,0.9499803161096273
Fusion-LSTM with derivatives,1,43,3,0.3032878539072485,1.0766057486429155
Fusion-LSTM with derivatives,1,43,4,0.28030383920464275,0.9874457417981429
Fusion-LSTM with derivatives,1,43,5,0.24381474485256574,1.5997089474955946
Fusion-LSTM with derivatives,1,43,6,0.23355567924504203,1.0658040753013183
Fusion-LSTM with derivatives,1,43,7,0.22996210461759625,1.111957163180945
Fusion-LSTM with derivatives,1,43,8,0.22707825930282785,1.2862184689979632
Fusion-LSTM with derivatives,1,43,9,0.2123748917604578,2.061961320226922
Fusion-LSTM with derivatives,1,43,10,0.22960897058083563,1.4151201340637367
Fusion-LSTM with derivatives,1,43,11,0.20886879776310072,1.113011148615703
Fusion-LSTM with derivatives,1,43,12,0.20758788817336493,1.4925902707178138
Fusion-LSTM with derivatives,1,43,13,0.21604872999889238,2.0239568175259874
Fusion-LSTM with derivatives,1,43,14,0.20209521800279617,2.5905778237171395
Fusion-LSTM with derivatives,1,43,15,0.20274366834286833,2.045508579169429
Fusion-LSTM with derivatives,1,43,16,0.19689559045752916,3.0062754472221718
Fusion-LSTM with derivatives,1,43,17,0.1983871784743934,2.46412778125619
Fusion-LSTM with derivatives,1,43,18,0.18628410940020726,1.8650372814020022
Fusion-LSTM with derivatives,1,43,19,0.23591227759807606,1.934479377211015
Fusion-LSTM with derivatives,1,43,20,0.1958931691550534,0.8559837767413078
Fusion-LSTM with derivatives,1,43,21,0.20817708862810264,0.5585904175130576
Fusion-LSTM with derivatives,1,43,22,0.19427747571746948,1.1354912347326238
Fusion-LSTM with derivatives,1,43,23,0.17912929504193356,1.6755750929034732
Fusion-LSTM with derivatives,1,43,24,0.18428305880170026,1.8229145484837845
Fusion-LSTM with derivatives,1,43,25,0.1815942138030227,1.8027256504950784
Fusion-LSTM with derivatives,1,43,26,0.18465517164376388,2.1286491242782124
Fusion-LSTM with derivatives,1,43,27,0.15762968689459864,1.9729521267537802
Fusion-LSTM with derivatives,1,43,28,0.16870692215612454,2.013418549449189
Fusion-LSTM with derivatives,1,43,29,0.1569653947140018,1.6220607345990166
Fusion-LSTM with derivatives,1,43,30,0.15499008228363145,2.308744419936239
Fusion-LSTM with derivatives,1,43,31,0.15586006843919098,2.849582331219934
Fusion-LSTM with derivatives,1,43,32,0.16580750412899922,1.8228499005300693
Fusion-LSTM with derivatives,1,43,33,0.152232063065889,2.769893459585228
Fusion-LSTM with derivatives,1,43,34,0.1571955114584714,2.735145661597232
Fusion-LSTM with derivatives,1,43,35,0.14419802004267515,3.157933272561937
Fusion-LSTM with derivatives,1,43,36,0.1434689612846093,2.184920221410957
Fusion-LSTM with derivatives,1,43,37,0.13865251452427216,3.8771180204844073
Fusion-LSTM with derivatives,1,43,38,0.1516019363061675,2.9038489645257184
Fusion-LSTM with derivatives,1,43,39,0.13481206405646687,2.4552846469563008
Fusion-LSTM with derivatives,1,43,40,0.14380628398423706,1.9533831146574996
Fusion-LSTM with derivatives,1,43,41,0.15008847904821163,2.9811705815404714
Fusion-LSTM with derivatives,1,43,42,0.13826054922988934,2.547827179795541
Fusion-LSTM with derivatives,1,43,43,0.13119396953620155,2.7811378183651647
Fusion-LSTM with derivatives,1,43,44,0.14329571114236725,3.0923040965552473
Fusion-LSTM with derivatives,1,43,45,0.13426507296450757,3.256307721216099
Fusion-LSTM with derivatives,1,43,46,0.13735730063083135,3.1567128460221694
Fusion-LSTM with derivatives,1,43,47,0.13332975691534937,3.2428542555581226
Fusion-LSTM with derivatives,1,43,48,0.14615461472215688,2.9989080016093186
Fusion-LSTM with derivatives,1,43,49,0.13083826164917753,3.4653861663134404
Fusion-LSTM with derivatives,1,43,50,0.12703167368184778,3.945407252212053
Fusion-LSTM with derivatives,1,43,51,0.1385291947869797,2.5319692660396456
Fusion-LSTM with derivatives,1,43,52,0.15044296981920321,2.8191713496605306
Fusion-LSTM with derivatives,1,43,53,0.13008591260069116,3.407582950791973
Fusion-LSTM with derivatives,1,43,54,0.13750879469282953,2.973405663066581
Fusion-LSTM with derivatives,1,43,55,0.13384616437286762,2.5529182725576236
Fusion-LSTM with derivatives,1,43,56,0.1307803119222323,3.3672709410221353
Fusion-LSTM with derivatives,1,43,57,0.12720521195788226,3.491630729053568
Fusion-LSTM with derivatives,1,43,58,0.12339454363266333,3.634630730723185
Fusion-LSTM with derivatives,1,43,59,0.12363537139778208,3.69135988165724
Fusion-LSTM with derivatives,1,43,60,0.12018380279287348,4.2285884526856945
Fusion-LSTM with derivatives,1,44,1,1.0808905684566732,0.7932199634283593
Fusion-LSTM with derivatives,1,44,2,0.39780202181723434,0.6958452633716775
Fusion-LSTM with derivatives,1,44,3,0.3554445412032865,0.44547267404992125
Fusion-LSTM with derivatives,1,44,4,0.2813379158979559,0.4707453067510133
Fusion-LSTM with derivatives,1,44,5,0.25799860872172486,0.5668447397227557
Fusion-LSTM with derivatives,1,44,6,0.24171691907507906,0.49343534652729454
Fusion-LSTM with derivatives,1,44,7,0.25096450727730807,0.5259698860550327
Fusion-LSTM with derivatives,1,44,8,0.24835848518696513,0.4720526872753347
Fusion-LSTM with derivatives,1,44,9,0.23710048359991734,0.7297025593602933
Fusion-LSTM with derivatives,1,44,10,0.23317300481549927,0.6739972078200406
Fusion-LSTM with derivatives,1,44,11,0.22426692741896687,0.6267797530665837
Fusion-LSTM with derivatives,1,44,12,0.23154415909617881,0.5153499531171107
Fusion-LSTM with derivatives,1,44,13,0.21802533476591696,0.6478736549928253
Fusion-LSTM with derivatives,1,44,14,0.21786418166767627,1.0473206512458169
Fusion-LSTM with derivatives,1,44,15,0.20504539136443778,0.9270841405889023
Fusion-LSTM with derivatives,1,44,16,0.21345740617201336,0.8685761846024035
Fusion-LSTM with derivatives,1,44,17,0.2082927530908643,1.294029963247681
Fusion-LSTM with derivatives,1,44,18,0.18631602983193205,1.5484880504493193
Fusion-LSTM with derivatives,1,44,19,0.1864443636175158,1.65361205646202
Fusion-LSTM with derivatives,1,44,20,0.21358285739852934,0.6571444751581555
Fusion-LSTM with derivatives,1,44,21,0.198914062437976,0.898149836113368
Fusion-LSTM with derivatives,1,44,22,0.1820366244584432,1.2773380998358037
Fusion-LSTM with derivatives,1,44,23,0.17746833663291744,1.0893153516688936
Fusion-LSTM with derivatives,1,44,24,0.18726274164033846,1.2333102687037465
Fusion-LSTM with derivatives,1,44,25,0.18563218887661656,1.0168571770191193
Fusion-LSTM with derivatives,1,44,26,0.1771494394298849,1.293178837597995
Fusion-LSTM with derivatives,1,44,27,0.17361097404822654,1.8687676728958853
Fusion-LSTM with derivatives,1,44,28,0.16088829832873222,1.7535299540378262
Fusion-LSTM with derivatives,1,44,29,0.16588622800831718,2.2385273633575538
Fusion-LSTM with derivatives,1,44,30,0.1599325368806335,2.7783345128067882
Fusion-LSTM with derivatives,1,44,31,0.19811573031680318,1.3708879881747364
Fusion-LSTM with derivatives,1,44,32,0.17104574094032743,1.4824297840490281
Fusion-LSTM with derivatives,1,44,33,0.1574467125670643,1.6639368700593773
Fusion-LSTM with derivatives,1,44,34,0.16775956904792844,1.6247139340988994
Fusion-LSTM with derivatives,1,44,35,0.15840554706578178,2.0247984825783805
Fusion-LSTM with derivatives,1,44,36,0.14523463584895063,2.4847842900383146
Fusion-LSTM with derivatives,1,44,37,0.14012663838938152,2.8026034119431578
Fusion-LSTM with derivatives,1,44,38,0.15496697592999223,2.2158265105083554
Fusion-LSTM with derivatives,1,44,39,0.14915748737834916,2.3698871079324677
Fusion-LSTM with derivatives,1,44,40,0.14514436111825565,3.040734873096648
Fusion-LSTM with derivatives,1,44,41,0.13254499264968717,2.940243881734662
Fusion-LSTM with derivatives,1,44,42,0.13662874416378298,1.9301795761883884
Fusion-LSTM with derivatives,1,44,43,0.1422002814975905,2.2982763693564467
Fusion-LSTM with derivatives,1,44,44,0.13867629154471894,2.712913444785077
Fusion-LSTM with derivatives,1,44,45,0.12933099894872596,2.911758149148158
Fusion-LSTM with derivatives,1,44,46,0.11821535145371309,2.1079432142730528
Fusion-LSTM with derivatives,1,44,47,0.12247926207559429,2.420891673177231
Fusion-LSTM with derivatives,1,44,48,0.11123024330441215,2.8693382017767406
Fusion-LSTM with derivatives,1,44,49,0.11945281712038197,3.0564918052444168
Fusion-LSTM with derivatives,1,44,50,0.10546529975342868,3.213103996117285
Fusion-LSTM with derivatives,1,44,51,0.12917982106902356,1.796014947695677
Fusion-LSTM with derivatives,1,44,52,0.09964319374435208,2.377642041060535
Fusion-LSTM with derivatives,1,44,53,0.09233214441334042,2.586716533050847
Fusion-LSTM with derivatives,1,44,54,0.09738665723171988,2.7893144030366055
Fusion-LSTM with derivatives,1,44,55,0.10867519482402051,3.2458630916926094
Fusion-LSTM with derivatives,1,44,56,0.08298889791356975,3.7477403225404538
Fusion-LSTM with derivatives,1,44,57,0.09226677671239825,3.472194353864378
Fusion-LSTM with derivatives,1,44,58,0.07814901501288567,3.3598862507105247
Fusion-LSTM with derivatives,1,44,59,0.0777194844913952,3.228203107128447
Fusion-LSTM with derivatives,1,44,60,0.0594680164499623,3.8532528017903336
Fusion-LSTM with derivatives,1,45,1,1.0888142112876216,0.6772500595206734
Fusion-LSTM with derivatives,1,45,2,0.4320892702059552,0.6244940651537737
Fusion-LSTM with derivatives,1,45,3,0.30965537732744275,1.4873064941330276
Fusion-LSTM with derivatives,1,45,4,0.27416826419871376,1.3568302170847946
Fusion-LSTM with derivatives,1,45,5,0.2512499626638851,1.2469565885559317
Fusion-LSTM with derivatives,1,45,6,0.2331451737902701,1.2149992439919297
Fusion-LSTM with derivatives,1,45,7,0.23128293562785873,1.8245600021485262
Fusion-LSTM with derivatives,1,45,8,0.23419133954089214,1.0544072554546333
Fusion-LSTM with derivatives,1,45,9,0.24117302133954904,1.5462386033632471
Fusion-LSTM with derivatives,1,45,10,0.22473388059846003,1.0790933494766553
Fusion-LSTM with derivatives,1,45,11,0.22291073985718565,1.5640535034723502
Fusion-LSTM with derivatives,1,45,12,0.21251233169513434,1.8510687412924487
Fusion-LSTM with derivatives,1,45,13,0.2097153827309755,1.3152587274772816
Fusion-LSTM with derivatives,1,45,14,0.20194049240038403,0.8200103212108902
Fusion-LSTM with derivatives,1,45,15,0.20619966100722661,1.078048905798974
Fusion-LSTM with derivatives,1,45,16,0.1978398770423833,1.2553649844925858
Fusion-LSTM with derivatives,1,45,17,0.20956183960810212,0.7910050793045222
Fusion-LSTM with derivatives,1,45,18,0.18957795582134346,1.3860346861105546
Fusion-LSTM with derivatives,1,45,19,0.191057559382285,1.7706763372918595
Fusion-LSTM with derivatives,1,45,20,0.18129871112980672,0.7713595359455364
Fusion-LSTM with derivatives,1,45,21,0.18557754576866037,1.129460484070598
Fusion-LSTM with derivatives,1,45,22,0.17889610372786152,1.0909910014277984
Fusion-LSTM with derivatives,1,45,23,0.1858573933057533,1.4878879799907812
Fusion-LSTM with derivatives,1,45,24,0.17247380506875037,2.056957509688861
Fusion-LSTM with derivatives,1,45,25,0.18878616406358917,1.4767002085969634
Fusion-LSTM with derivatives,1,45,26,0.1695835236986918,1.7148546255672004
Fusion-LSTM with derivatives,1,45,27,0.16038574578943873,2.6370209684474415
Fusion-LSTM with derivatives,1,45,28,0.19468325400337816,1.3459968703722804
Fusion-LSTM with derivatives,1,45,29,0.16100339660235435,1.3786494432474083
Fusion-LSTM with derivatives,1,45,30,0.15268829046561855,2.0566740658923015
Fusion-LSTM with derivatives,1,45,31,0.16772569778293994,1.4137992678479578
Fusion-LSTM with derivatives,1,45,32,0.1516665125318412,2.3836160916483626
Fusion-LSTM with derivatives,1,45,33,0.15037176509698233,1.2823050278131567
Fusion-LSTM with derivatives,1,45,34,0.1408040101787701,2.0094995389475763
Fusion-LSTM with derivatives,1,45,35,0.141957593048484,2.051152311484144
Fusion-LSTM with derivatives,1,45,36,0.1363596116154836,2.746883473478148
Fusion-LSTM with derivatives,1,45,37,0.14453087904723075,2.3890514738967084
Fusion-LSTM with derivatives,1,45,38,0.13553704709950995,1.7008051173117176
Fusion-LSTM with derivatives,1,45,39,0.13528892641651089,1.7870810261656154
Fusion-LSTM with derivatives,1,45,40,0.13106572855296023,2.126117984824804
Fusion-LSTM with derivatives,1,45,41,0.12485573753293003,1.7389578491886706
Fusion-LSTM with derivatives,1,45,42,0.13830375002392398,2.142841940995626
Fusion-LSTM with derivatives,1,45,43,0.13862320926008337,2.0206181674149177
Fusion-LSTM with derivatives,1,45,44,0.12611608394177637,2.476404849264138
Fusion-LSTM with derivatives,1,45,45,0.13790934489808546,1.9985816406097803
Fusion-LSTM with derivatives,1,45,46,0.1310978808782784,2.4432148455136478
Fusion-LSTM with derivatives,1,45,47,0.13176610329054378,2.550551962376859
Fusion-LSTM with derivatives,1,45,48,0.1322813106638919,3.03106336433253
Fusion-LSTM with derivatives,1,45,49,0.13001464320138226,2.8386064496719174
Fusion-LSTM with derivatives,1,45,50,0.12207613022125076,3.516647483083562
Fusion-LSTM with derivatives,1,45,51,0.12270426877566956,3.848939525029882
Fusion-LSTM with derivatives,1,45,52,0.12166520719946823,1.089176699845218
Fusion-LSTM with derivatives,1,45,53,0.12015916330128139,1.5837781749825839
Fusion-LSTM with derivatives,1,45,54,0.11936282990145214,1.6258902876760881
Fusion-LSTM with derivatives,1,45,55,0.11973793164976995,1.7334126795464404
Fusion-LSTM with derivatives,1,45,56,0.11029939972973105,2.174044642993786
Fusion-LSTM with derivatives,1,45,57,0.09596890878266807,2.31908667749243
Fusion-LSTM with derivatives,1,45,58,0.09330363621131081,3.3886740700941167
Fusion-LSTM with derivatives,1,45,59,0.10504845297479541,2.8645151004788763
Fusion-LSTM with derivatives,1,45,60,0.11603042313561009,2.8332010082552985
Fusion-LSTM with derivatives,1,46,1,0.9972220244662788,0.7689925285067948
Fusion-LSTM with derivatives,1,46,2,0.3470734382760774,1.3154913817124296
Fusion-LSTM with derivatives,1,46,3,0.29543035907205767,1.5566998354044101
Fusion-LSTM with derivatives,1,46,4,0.26503206604374585,1.3725358037516255
Fusion-LSTM with derivatives,1,46,5,0.24455391015367167,0.4290691174925998
Fusion-LSTM with derivatives,1,46,6,0.2497929837944176,0.803143026881248
Fusion-LSTM with derivatives,1,46,7,0.2323338680455019,0.7228197017118366
Fusion-LSTM with derivatives,1,46,8,0.2242237852581606,0.8698672226452477
Fusion-LSTM with derivatives,1,46,9,0.2430326611280148,1.129460347773394
Fusion-LSTM with derivatives,1,46,10,0.21319305535685384,0.9161715845516892
Fusion-LSTM with derivatives,1,46,11,0.21677033813053978,1.16394832883366
Fusion-LSTM with derivatives,1,46,12,0.20358212341681617,1.3098268474704065
Fusion-LSTM with derivatives,1,46,13,0.22722240050780376,1.1187269986300599
Fusion-LSTM with derivatives,1,46,14,0.20779285469031716,1.6688343079397514
Fusion-LSTM with derivatives,1,46,15,0.2117310568122113,0.8175773961582774
Fusion-LSTM with derivatives,1,46,16,0.19275695727026917,0.7933394680545515
Fusion-LSTM with derivatives,1,46,17,0.20368115789042773,0.716507583325514
Fusion-LSTM with derivatives,1,46,18,0.20126579799958555,0.9584390841721239
Fusion-LSTM with derivatives,1,46,19,0.18163325017155463,1.1142690727795694
Fusion-LSTM with derivatives,1,46,20,0.17723904192667606,0.8308197557613785
Fusion-LSTM with derivatives,1,46,21,0.17853253747154427,0.996936294986267
Fusion-LSTM with derivatives,1,46,22,0.18212956816947767,1.0885551955621198
Fusion-LSTM with derivatives,1,46,23,0.16540380537070032,1.76650931169152
Fusion-LSTM with derivatives,1,46,24,0.1712481761660523,1.7676380825867444
Fusion-LSTM with derivatives,1,46,25,0.16423481669813064,2.576724662970697
Fusion-LSTM with derivatives,1,46,26,0.1627590366505169,1.4343711393934127
Fusion-LSTM with derivatives,1,46,27,0.1540064787787705,1.8666132638851802
Fusion-LSTM with derivatives,1,46,28,0.1570369645971507,1.4993480570161368
Fusion-LSTM with derivatives,1,46,29,0.15584431812258812,1.9798173486124295
Fusion-LSTM with derivatives,1,46,30,0.15025152891031196,2.1735077741276667
Fusion-LSTM with derivatives,1,46,31,0.14457637162336123,2.2288286100206136
Fusion-LSTM with derivatives,1,46,32,0.14265181342320835,2.619738758773986
Fusion-LSTM with derivatives,1,46,33,0.13522258800480785,3.023586742775183
Fusion-LSTM with derivatives,1,46,34,0.13938861777421732,3.4233664569778823
Fusion-LSTM with derivatives,1,46,35,0.13932358447879295,2.363359146562075
Fusion-LSTM with derivatives,1,46,36,0.13655731213928587,2.608863669832235
Fusion-LSTM with derivatives,1,46,37,0.1397287361094726,2.237559562131169
Fusion-LSTM with derivatives,1,46,38,0.1366413311888481,2.6474201190021804
Fusion-LSTM with derivatives,1,46,39,0.12919157499683445,3.058260445211637
Fusion-LSTM with derivatives,1,46,40,0.12906376856206234,3.609825676260223
Fusion-LSTM with derivatives,1,46,41,0.12933003658664768,2.4726446879172475
Fusion-LSTM with derivatives,1,46,42,0.13002003064931245,3.385808214178188
Fusion-LSTM with derivatives,1,46,43,0.12453397342346398,3.8736042405285365
Fusion-LSTM with derivatives,1,46,44,0.16580085278583775,2.791042248536862
Fusion-LSTM with derivatives,1,46,45,0.1612633314409819,1.5464613474417377
Fusion-LSTM with derivatives,1,46,46,0.14610310331408535,2.2747053859571866
Fusion-LSTM with derivatives,1,46,47,0.14080675330292547,2.562922258609496
Fusion-LSTM with derivatives,1,46,48,0.1362360172056184,3.332819393203365
Fusion-LSTM with derivatives,1,46,49,0.14598937756021085,2.565566661662229
Fusion-LSTM with derivatives,1,46,50,0.1342216884261421,3.1423080078691275
Fusion-LSTM with derivatives,1,46,51,0.13084511774125868,3.5697196195355034
Fusion-LSTM with derivatives,1,46,52,0.1225015266281799,4.233008075185292
Fusion-LSTM with derivatives,1,46,53,0.1150491992779177,4.3477472500949785
Fusion-LSTM with derivatives,1,46,54,0.11940454457958687,3.7837417562193467
Fusion-LSTM with derivatives,1,46,55,0.13267025588879872,2.7041306362899347
Fusion-LSTM with derivatives,1,46,56,0.13012983501965564,3.3445872085118196
Fusion-LSTM with derivatives,1,46,57,0.12872138315626175,3.461108828627307
Fusion-LSTM with derivatives,1,46,58,0.1434922583428696,3.3353081964331226
Fusion-LSTM with derivatives,1,46,59,0.12044845148462797,2.942766441004956
Fusion-LSTM with derivatives,1,46,60,0.12179223523185409,3.3737037519160933
Fusion-LSTM with derivatives,1,47,1,1.0665405396312513,0.8319762341006497
Fusion-LSTM with derivatives,1,47,2,0.3084409057287566,0.808280889468123
Fusion-LSTM with derivatives,1,47,3,0.267310848956765,0.6444302061943638
Fusion-LSTM with derivatives,1,47,4,0.2545997510683639,0.4834861860647641
Fusion-LSTM with derivatives,1,47,5,0.26471337228830155,0.7485037037099183
Fusion-LSTM with derivatives,1,47,6,0.2592277688880395,0.7897466845669836
Fusion-LSTM with derivatives,1,47,7,0.2417342268929417,0.5506493039663483
Fusion-LSTM with derivatives,1,47,8,0.22054826824720788,0.5867186422055622
Fusion-LSTM with derivatives,1,47,9,0.22409961705278206,1.1652578344759952
Fusion-LSTM with derivatives,1,47,10,0.212758103575727,0.4958726192357905
Fusion-LSTM with derivatives,1,47,11,0.21178724725821216,0.7669590335940665
Fusion-LSTM with derivatives,1,47,12,0.2108609923980626,0.7199101960384121
Fusion-LSTM with derivatives,1,47,13,0.2072881201023252,0.7476242620740047
Fusion-LSTM with derivatives,1,47,14,0.20605891404116725,0.5710467481263278
Fusion-LSTM with derivatives,1,47,15,0.233141428760057,1.7911722503243253
Fusion-LSTM with derivatives,1,47,16,0.18697515313329147,2.044423339626824
Fusion-LSTM with derivatives,1,47,17,0.17394337772883173,1.9053057132277098
Fusion-LSTM with derivatives,1,47,18,0.16855502167091158,2.164674654009457
Fusion-LSTM with derivatives,1,47,19,0.17114312544483393,2.4275430837954617
Fusion-LSTM with derivatives,1,47,20,0.1606504450131753,2.408481674639809
Fusion-LSTM with derivatives,1,47,21,0.16794723264992165,0.8942113411251604
Fusion-LSTM with derivatives,1,47,22,0.16352786382186016,1.1961866767776337
Fusion-LSTM with derivatives,1,47,23,0.15525602429262092,1.8171376223115552
Fusion-LSTM with derivatives,1,47,24,0.17031451038842124,1.312505836444331
Fusion-LSTM with derivatives,1,47,25,0.16559735252115265,1.1472174575712446
Fusion-LSTM with derivatives,1,47,26,0.15053559452762683,1.659921568207271
Fusion-LSTM with derivatives,1,47,27,0.13952403384527742,2.3273453462783023
Fusion-LSTM with derivatives,1,47,28,0.15550766454558237,1.0199409438496303
Fusion-LSTM with derivatives,1,47,29,0.1397573532030298,1.3025320392156672
Fusion-LSTM with derivatives,1,47,30,0.13227714216943742,0.9540681531164693
Fusion-LSTM with derivatives,1,47,31,0.13789055109949644,1.638671845595979
Fusion-LSTM with derivatives,1,47,32,0.12734546689236442,1.841961512047274
Fusion-LSTM with derivatives,1,47,33,0.12770420911310637,1.7810510157312676
Fusion-LSTM with derivatives,1,47,34,0.12636196371374095,2.117618236526753
Fusion-LSTM with derivatives,1,47,35,0.13245142862512324,1.8747926233902543
Fusion-LSTM with derivatives,1,47,36,0.12835926689931534,1.5595243514615036
Fusion-LSTM with derivatives,1,47,37,0.1133309612634877,2.0140537014680153
Fusion-LSTM with derivatives,1,47,38,0.11081357739251771,1.8327872549189523
Fusion-LSTM with derivatives,1,47,39,0.10851592867466796,1.631562820883698
Fusion-LSTM with derivatives,1,47,40,0.11604411740584566,2.0017609726696177
Fusion-LSTM with derivatives,1,47,41,0.09987679276005955,1.7115928677400765
Fusion-LSTM with derivatives,1,47,42,0.0937047766070231,1.8732348240099739
Fusion-LSTM with derivatives,1,47,43,0.13824454000331965,1.160629868097369
Fusion-LSTM with derivatives,1,47,44,0.0966312150948602,1.926606183770099
Fusion-LSTM with derivatives,1,47,45,0.08979922708989949,2.27876712370125
Fusion-LSTM with derivatives,1,47,46,0.07764860208926386,2.0998166495469444
Fusion-LSTM with derivatives,1,47,47,0.08017717501627417,2.807781762617252
Fusion-LSTM with derivatives,1,47,48,0.10120230410270951,2.413464725618905
Fusion-LSTM with derivatives,1,47,49,0.07330535119456705,2.3808611084002242
Fusion-LSTM with derivatives,1,47,50,0.06881381214572274,2.4444902767202734
Fusion-LSTM with derivatives,1,47,51,0.06947761763065943,2.8458333490064964
Fusion-LSTM with derivatives,1,47,52,0.07527008826808883,2.8171535124279856
Fusion-LSTM with derivatives,1,47,53,0.07063781525733506,2.3430504460762442
Fusion-LSTM with derivatives,1,47,54,0.07080224657667225,2.5116127641262405
Fusion-LSTM with derivatives,1,47,55,0.06523857436166919,2.5927538021586725
Fusion-LSTM with derivatives,1,47,56,0.08814665221988348,2.1055912046773315
Fusion-LSTM with derivatives,1,47,57,0.07315451195429172,2.701159671204754
Fusion-LSTM with derivatives,1,47,58,0.09717812457867654,2.3355911589355505
Fusion-LSTM with derivatives,1,47,59,0.06886320866800176,3.0103522544547103
Fusion-LSTM with derivatives,1,47,60,0.05406465579791116,3.021523009162724
Fusion-LSTM with derivatives,1,48,1,1.074634015853408,0.5767634133622831
Fusion-LSTM with derivatives,1,48,2,0.36961025195734676,0.45807083553987976
Fusion-LSTM with derivatives,1,48,3,0.25102733558577656,1.1057155171342865
Fusion-LSTM with derivatives,1,48,4,0.24581177442862687,1.2519829482215006
Fusion-LSTM with derivatives,1,48,5,0.24082279377611215,1.4396224672626898
Fusion-LSTM with derivatives,1,48,6,0.23788506406626284,1.7957370754495356
Fusion-LSTM with derivatives,1,48,7,0.22814467284475598,0.5685553027773803
Fusion-LSTM with derivatives,1,48,8,0.22157665489637837,0.8274595265743367
Fusion-LSTM with derivatives,1,48,9,0.22005087179378097,0.7668569123907409
Fusion-LSTM with derivatives,1,48,10,0.23414385307758936,0.5848083088420472
Fusion-LSTM with derivatives,1,48,11,0.222926591008645,1.4208942275002319
Fusion-LSTM with derivatives,1,48,12,0.20710902256939245,1.0540488334196918
Fusion-LSTM with derivatives,1,48,13,0.20413583027700657,1.7817496331545293
Fusion-LSTM with derivatives,1,48,14,0.20587738272522063,1.338394301492463
Fusion-LSTM with derivatives,1,48,15,0.19246180513174918,1.66565769320389
Fusion-LSTM with derivatives,1,48,16,0.19388001519375622,1.4143394208991553
Fusion-LSTM with derivatives,1,48,17,0.19363475058498125,1.7594720872911767
Fusion-LSTM with derivatives,1,48,18,0.18956265947695589,1.497190107901891
Fusion-LSTM with derivatives,1,48,19,0.17914397242910896,2.361135392115926
Fusion-LSTM with derivatives,1,48,20,0.18758291611848868,2.216694882487101
Fusion-LSTM with derivatives,1,48,21,0.20109783525396538,0.6916655060255302
Fusion-LSTM with derivatives,1,48,22,0.18618533752061345,1.021601218175713
Fusion-LSTM with derivatives,1,48,23,0.19080306738065178,0.954476949116469
Fusion-LSTM with derivatives,1,48,24,0.17715313585262016,0.6336890214612899
Fusion-LSTM with derivatives,1,48,25,0.17490060042777772,0.9898429730090955
Fusion-LSTM with derivatives,1,48,26,0.1682049167625432,0.9382661097142182
Fusion-LSTM with derivatives,1,48,27,0.1610940339600468,1.5035392596099362
Fusion-LSTM with derivatives,1,48,28,0.1696348262980562,0.7371799634843752
Fusion-LSTM with derivatives,1,48,29,0.18782836884296836,1.5254361292726089
Fusion-LSTM with derivatives,1,48,30,0.1618749199648185,1.0422595717497092
Fusion-LSTM with derivatives,1,48,31,0.16635713729947843,1.2553516154644124
Fusion-LSTM with derivatives,1,48,32,0.17029227091854054,0.8992032451512179
Fusion-LSTM with derivatives,1,48,33,0.16585165418015488,1.2368521895923454
Fusion-LSTM with derivatives,1,48,34,0.15513723344527194,1.5737503726714812
Fusion-LSTM with derivatives,1,48,35,0.15296077867568933,1.842856553474937
Fusion-LSTM with derivatives,1,48,36,0.15573131583566888,1.5233699923822466
Fusion-LSTM with derivatives,1,48,37,0.1463872089450503,2.199573581643887
Fusion-LSTM with derivatives,1,48,38,0.15977753060990155,1.8767346182771698
Fusion-LSTM with derivatives,1,48,39,0.14870240064601323,1.5314496329964082
Fusion-LSTM with derivatives,1,48,40,0.13471457737911524,2.2555171345952174
Fusion-LSTM with derivatives,1,48,41,0.1338104264945855,2.9588500615560784
Fusion-LSTM with derivatives,1,48,42,0.14325334693489625,2.0476301293546797
Fusion-LSTM with derivatives,1,48,43,0.1348739901985996,2.805820024675793
Fusion-LSTM with derivatives,1,48,44,0.1340919091637724,3.3011785206742257
Fusion-LSTM with derivatives,1,48,45,0.1369840511170114,3.168165319917462
Fusion-LSTM with derivatives,1,48,46,0.15607210993766785,2.7413122245741217
Fusion-LSTM with derivatives,1,48,47,0.1409604281443658,2.7980931292930364
Fusion-LSTM with derivatives,1,48,48,0.1304874747606661,2.395768524778214
Fusion-LSTM with derivatives,1,48,49,0.14154915176194532,2.4883263222560816
Fusion-LSTM with derivatives,1,48,50,0.13440739702511245,3.5572892432755143
Fusion-LSTM with derivatives,1,48,51,0.12792713689041607,2.8035989653014535
Fusion-LSTM with derivatives,1,48,52,0.12854887704567716,2.5560094576985017
Fusion-LSTM with derivatives,1,48,53,0.15422934130622307,1.6797903723081484
Fusion-LSTM with derivatives,1,48,54,0.13306132682941643,1.9397530633276738
Fusion-LSTM with derivatives,1,48,55,0.12849409511681706,2.46588517582743
Fusion-LSTM with derivatives,1,48,56,0.12123883303671819,2.678707679889831
Fusion-LSTM with derivatives,1,48,57,0.12232363728066359,3.1026637773781203
Fusion-LSTM with derivatives,1,48,58,0.1324066501225346,1.453723019338457
Fusion-LSTM with derivatives,1,48,59,0.12048547070697958,0.8613025485664856
Fusion-LSTM with derivatives,1,48,60,0.12652767767618797,1.8477348399444227
Fusion-LSTM with derivatives,1,49,1,1.0061603778329429,0.8596643245382629
Fusion-LSTM with derivatives,1,49,2,0.34075241296713643,1.2701022274776574
Fusion-LSTM with derivatives,1,49,3,0.3026333424877857,0.6739366677447185
Fusion-LSTM with derivatives,1,49,4,0.25196653241600936,0.8118929422813891
Fusion-LSTM with derivatives,1,49,5,0.24523949223544178,0.9946787649418073
Fusion-LSTM with derivatives,1,49,6,0.23556545739684157,1.7068036838085145
Fusion-LSTM with derivatives,1,49,7,0.23095028915271842,1.9138683329494495
Fusion-LSTM with derivatives,1,49,8,0.2291622995450488,1.143483104789532
Fusion-LSTM with derivatives,1,49,9,0.23040973201742324,1.7372526861024353
Fusion-LSTM with derivatives,1,49,10,0.21229186569779268,1.0806693300386145
Fusion-LSTM with derivatives,1,49,11,0.21273949243778967,1.3422189348961073
Fusion-LSTM with derivatives,1,49,12,0.2044857366498546,1.3862191005541593
Fusion-LSTM with derivatives,1,49,13,0.2080104095542856,1.1996871644877038
Fusion-LSTM with derivatives,1,49,14,0.22698487471537104,1.1060511371124715
Fusion-LSTM with derivatives,1,49,15,0.20634886046910492,0.5779820654845838
Fusion-LSTM with derivatives,1,49,16,0.20988324662122926,0.7463435768706244
Fusion-LSTM with derivatives,1,49,17,0.19286750836199354,1.2804498415229455
Fusion-LSTM with derivatives,1,49,18,0.18927903035323412,1.3374902189277753
Fusion-LSTM with derivatives,1,49,19,0.19440780993353984,1.055889773247002
Fusion-LSTM with derivatives,1,49,20,0.18963504496499034,1.2281859603942815
Fusion-LSTM with derivatives,1,49,21,0.18303863376122412,1.4783843290412202
Fusion-LSTM with derivatives,1,49,22,0.1712897519270579,2.1752273915979847
Fusion-LSTM with derivatives,1,49,23,0.17471575005687912,1.097711293124428
Fusion-LSTM with derivatives,1,49,24,0.1675557674700337,2.4186011451595233
Fusion-LSTM with derivatives,1,49,25,0.16510957252202146,2.4882186959405863
Fusion-LSTM with derivatives,1,49,26,0.15845907616072769,1.972956151488692
Fusion-LSTM with derivatives,1,49,27,0.16042049335450997,1.8983304356566515
Fusion-LSTM with derivatives,1,49,28,0.1518913733086756,2.29099367193456
Fusion-LSTM with derivatives,1,49,29,0.14993742522571654,2.644450883211205
Fusion-LSTM with derivatives,1,49,30,0.13961609757217827,2.2988288495338187
Fusion-LSTM with derivatives,1,49,31,0.15453867772811747,3.044917478970012
Fusion-LSTM with derivatives,1,49,32,0.14750364645490788,2.6476706245160453
Fusion-LSTM with derivatives,1,49,33,0.1342076609761146,2.9501803918142238
Fusion-LSTM with derivatives,1,49,34,0.1415563133919811,2.4021972176038995
Fusion-LSTM with derivatives,1,49,35,0.14142207712448243,3.0917338398861185
Fusion-LSTM with derivatives,1,49,36,0.1311187797843457,3.69052745741587
Fusion-LSTM with derivatives,1,49,37,0.1365047192698182,4.4107049406590075
Fusion-LSTM with derivatives,1,49,38,0.2035148819910791,1.4034386408716377
Fusion-LSTM with derivatives,1,49,39,0.14013910339400631,2.010763897336004
Fusion-LSTM with derivatives,1,49,40,0.14015827195084257,1.5876430220730149
Fusion-LSTM with derivatives,1,49,41,0.13289444143041915,2.2559777424676613
Fusion-LSTM with derivatives,1,49,42,0.12814334360252594,2.4647440874882713
Fusion-LSTM with derivatives,1,49,43,0.13296522586841278,2.017473202440849
Fusion-LSTM with derivatives,1,49,44,0.12459471838280724,2.614949225762418
Fusion-LSTM with derivatives,1,49,45,0.11981491310130186,2.6996625967058248
Fusion-LSTM with derivatives,1,49,46,0.12117685454577977,2.4538183307794528
Fusion-LSTM with derivatives,1,49,47,0.11045917108893248,2.702813384870938
Fusion-LSTM with derivatives,1,49,48,0.12930579438603965,2.5922264557456756
Fusion-LSTM with derivatives,1,49,49,0.12459189709170572,3.0299361017171442
Fusion-LSTM with derivatives,1,49,50,0.13097231619307476,1.8097819655985266
Fusion-LSTM with derivatives,1,49,51,0.1210905022800042,2.0345836011829554
Fusion-LSTM with derivatives,1,49,52,0.12056988913927864,2.40404774086546
Fusion-LSTM with derivatives,1,49,53,0.09858722546966094,2.924360395703988
Fusion-LSTM with derivatives,1,49,54,0.09652004838860416,2.9467916601187154
Fusion-LSTM with derivatives,1,49,55,0.09584736129839481,3.153682000724212
Fusion-LSTM with derivatives,1,49,56,0.09060140396726088,3.98736717394969
Fusion-LSTM with derivatives,1,49,57,0.09682399802010731,2.924000236785637
Fusion-LSTM with derivatives,1,49,58,0.08278838111612337,2.9969278573130786
Fusion-LSTM with derivatives,1,49,59,0.0893430763633342,3.3376312585473373
Fusion-LSTM with derivatives,1,49,60,0.09652073628201549,3.3860340246958054
Fusion-LSTM with derivatives,1,50,1,1.0464596781343551,0.641177113451048
Fusion-LSTM with derivatives,1,50,2,0.35179514486484714,1.0745585551739238
Fusion-LSTM with derivatives,1,50,3,0.29647446230402147,0.8077227346114892
Fusion-LSTM with derivatives,1,50,4,0.26877727323792516,0.644947176381352
Fusion-LSTM with derivatives,1,50,5,0.2716969434918806,1.0580162082484432
Fusion-LSTM with derivatives,1,50,6,0.253380128983202,0.6495438631725511
Fusion-LSTM with derivatives,1,50,7,0.23906111845524403,0.797705943057747
Fusion-LSTM with derivatives,1,50,8,0.2310397657594411,0.8539919331669807
Fusion-LSTM with derivatives,1,50,9,0.2266039045901023,0.6828260101237387
Fusion-LSTM with derivatives,1,50,10,0.2142912975499844,1.0585365298221696
Fusion-LSTM with derivatives,1,50,11,0.21324891892123193,0.9886807258274071
Fusion-LSTM with derivatives,1,50,12,0.20378378636649322,1.4965151885301813
Fusion-LSTM with derivatives,1,50,13,0.19541322338185188,0.6144123483816283
Fusion-LSTM with derivatives,1,50,14,0.21276456645494018,0.7415995235775502
Fusion-LSTM with derivatives,1,50,15,0.21341450184327063,0.6579819907994641
Fusion-LSTM with derivatives,1,50,16,0.1947995710013684,0.8638193987981578
Fusion-LSTM with derivatives,1,50,17,0.20124084050658297,0.6243656403551062
Fusion-LSTM with derivatives,1,50,18,0.19184494550084422,1.0122612193070617
Fusion-LSTM with derivatives,1,50,19,0.1745792243900041,1.4999354946694534
Fusion-LSTM with derivatives,1,50,20,0.17662931043026925,1.5717192572430245
Fusion-LSTM with derivatives,1,50,21,0.17301296894089174,1.7349057096355367
Fusion-LSTM with derivatives,1,50,22,0.16084959989397582,2.135860487631282
Fusion-LSTM with derivatives,1,50,23,0.15685910627997376,2.0787732682231836
Fusion-LSTM with derivatives,1,50,24,0.15712235632454483,1.6088316880744458
Fusion-LSTM with derivatives,1,50,25,0.1587469074027418,2.2721752883472033
Fusion-LSTM with derivatives,1,50,26,0.1409659469442907,2.6871228105226526
Fusion-LSTM with derivatives,1,50,27,0.13644291121434754,2.6628516572732597
Fusion-LSTM with derivatives,1,50,28,0.1401941138989811,2.8757883702371605
Fusion-LSTM with derivatives,1,50,29,0.13381311006449978,2.0732921445878922
Fusion-LSTM with derivatives,1,50,30,0.14986500979789508,2.6355833366778785
Fusion-LSTM with derivatives,1,50,31,0.12200501398040213,2.036484621133288
Fusion-LSTM with derivatives,1,50,32,0.12701632065966562,2.26720252530005
Fusion-LSTM with derivatives,1,50,33,0.1284922083237221,1.5557930964109659
Fusion-LSTM with derivatives,1,50,34,0.12664254460607507,2.4805340614732145
Fusion-LSTM with derivatives,1,50,35,0.10438675786223066,2.801159504570645
Fusion-LSTM with derivatives,1,50,36,0.09735805518366167,2.879574981734813
Fusion-LSTM with derivatives,1,50,37,0.10131224995389636,2.9018495589791478
Fusion-LSTM with derivatives,1,50,38,0.0973971702185944,2.306495172836558
Fusion-LSTM with derivatives,1,50,39,0.10229347241174104,2.708879241442593
Fusion-LSTM with derivatives,1,50,40,0.09558138962340201,2.5901790789603814
Fusion-LSTM with derivatives,1,50,41,0.08176879046386312,2.7470170943968513
Fusion-LSTM with derivatives,1,50,42,0.08336849088195213,2.561947847320161
Fusion-LSTM with derivatives,1,50,43,0.05634722746404628,2.9267579753662556
Fusion-LSTM with derivatives,1,50,44,0.08890111075409518,2.178159168747642
Fusion-LSTM with derivatives,1,50,45,0.11273173052189828,2.2996876681656957
Fusion-LSTM with derivatives,1,50,46,0.09208835989493432,3.068414184274601
Fusion-LSTM with derivatives,1,50,47,0.07968534013716937,3.0948685601712898
Fusion-LSTM with derivatives,1,50,48,0.08315147682944218,3.03076634839552
Fusion-LSTM with derivatives,1,50,49,0.0783588623978555,2.832535013968449
Fusion-LSTM with derivatives,1,50,50,0.04728311760554968,3.605063656077523
Fusion-LSTM with derivatives,1,50,51,0.05565317575607866,3.202611315741635
Fusion-LSTM with derivatives,1,50,52,0.060253047573335494,3.1987845157614796
Fusion-LSTM with derivatives,1,50,53,0.0517759343373233,3.007682746346548
Fusion-LSTM with derivatives,1,50,54,0.03775144821585031,3.17127262388768
Fusion-LSTM with derivatives,1,50,55,0.0478724697501677,3.580173394372355
Fusion-LSTM with derivatives,1,50,56,0.03739976826115875,3.4968911070392252
Fusion-LSTM with derivatives,1,50,57,0.030302912998041838,3.8284925949843736
Fusion-LSTM with derivatives,1,50,58,0.05118093426771196,3.311550648145932
Fusion-LSTM with derivatives,1,50,59,0.05550860366148262,3.246348149692776
Fusion-LSTM with derivatives,1,50,60,0.04914178818390965,3.751714776100228
Fusion-LSTM with derivatives,1,51,1,1.0475080184830952,0.6021571331803903
Fusion-LSTM with derivatives,1,51,2,0.4003822046159085,0.8981578083283246
Fusion-LSTM with derivatives,1,51,3,0.3102284760786012,0.6904679152263286
Fusion-LSTM with derivatives,1,51,4,0.26767068720098497,0.8212960169687711
Fusion-LSTM with derivatives,1,51,5,0.2663691021492854,0.7107871512197098
Fusion-LSTM with derivatives,1,51,6,0.24573582233024846,0.689595208899655
Fusion-LSTM with derivatives,1,51,7,0.23770380744121758,0.542167959566886
Fusion-LSTM with derivatives,1,51,8,0.2367883320224241,0.4973321334308548
Fusion-LSTM with derivatives,1,51,9,0.2411701870580441,0.42122776259666217
Fusion-LSTM with derivatives,1,51,10,0.23403480166951962,0.5774969208040577
Fusion-LSTM with derivatives,1,51,11,0.22355394144193125,0.4079244270202249
Fusion-LSTM with derivatives,1,51,12,0.2228043914427763,0.5937278188561993
Fusion-LSTM with derivatives,1,51,13,0.23690049616026557,0.38315923883730013
Fusion-LSTM with derivatives,1,51,14,0.23321469775131853,0.7367727732133565
Fusion-LSTM with derivatives,1,51,15,0.21092386684881073,0.6367151837178996
Fusion-LSTM with derivatives,1,51,16,0.20452636914719516,1.0050451003592968
Fusion-LSTM with derivatives,1,51,17,0.19780021588814067,0.9979547956954509
Fusion-LSTM with derivatives,1,51,18,0.18861681745281078,0.8864887639786463
Fusion-LSTM with derivatives,1,51,19,0.1858839067145907,1.4373949382852458
Fusion-LSTM with derivatives,1,51,20,0.18005396130633383,1.2404095212024964
Fusion-LSTM with derivatives,1,51,21,0.1929680041024899,0.472659620130337
Fusion-LSTM with derivatives,1,51,22,0.19733274197446465,0.8477362290618304
Fusion-LSTM with derivatives,1,51,23,0.1836446311604346,0.4947272270949132
Fusion-LSTM with derivatives,1,51,24,0.18019365872110973,0.7332910403328122
Fusion-LSTM with derivatives,1,51,25,0.1688137577175361,0.9152960635299953
Fusion-LSTM with derivatives,1,51,26,0.1651792429286762,0.7777891717148278
Fusion-LSTM with derivatives,1,51,27,0.15422149332467042,1.1523550917673662
Fusion-LSTM with derivatives,1,51,28,0.15523017127282213,1.4783505793481253
Fusion-LSTM with derivatives,1,51,29,0.15549246740480485,0.9514139906446639
Fusion-LSTM with derivatives,1,51,30,0.15198353346240184,1.2673935493926831
Fusion-LSTM with derivatives,1,51,31,0.13588035010433724,1.680393208091614
Fusion-LSTM with derivatives,1,51,32,0.14128287468302586,1.1864944611221115
Fusion-LSTM with derivatives,1,51,33,0.14702433932384734,1.288335176723652
Fusion-LSTM with derivatives,1,51,34,0.14142415766933014,0.8599247719577086
Fusion-LSTM with derivatives,1,51,35,0.13790912068418032,1.552404769171084
Fusion-LSTM with derivatives,1,51,36,0.14909047011153137,1.6913522940746017
Fusion-LSTM with derivatives,1,51,37,0.13683483298744223,1.867612453185381
Fusion-LSTM with derivatives,1,51,38,0.12609815476565345,2.3281936342993936
Fusion-LSTM with derivatives,1,51,39,0.12387378157550631,2.2334482301948144
Fusion-LSTM with derivatives,1,51,40,0.12525634209168354,1.8215925244290374
Fusion-LSTM with derivatives,1,51,41,0.11170726737779592,3.0519018177864625
Fusion-LSTM with derivatives,1,51,42,0.13336891027540884,1.6646344283170045
Fusion-LSTM with derivatives,1,51,43,0.1171702037337448,2.291259308820063
Fusion-LSTM with derivatives,1,51,44,0.10752868786142614,2.5276209070138336
Fusion-LSTM with derivatives,1,51,45,0.11087052241829196,2.0641842163138606
Fusion-LSTM with derivatives,1,51,46,0.122748030012824,2.3271596215946495
Fusion-LSTM with derivatives,1,51,47,0.10942380901925532,2.353113517501007
Fusion-LSTM with derivatives,1,51,48,0.09895304136830502,2.371575468077287
Fusion-LSTM with derivatives,1,51,49,0.09150039772119323,2.6370412212849224
Fusion-LSTM with derivatives,1,51,50,0.08824820425716512,3.1800191435002305
Fusion-LSTM with derivatives,1,51,51,0.10266130002442321,2.286897987916097
Fusion-LSTM with derivatives,1,51,52,0.08938555745694324,2.517525202635699
Fusion-LSTM with derivatives,1,51,53,0.0787488751177565,2.792541554986462
Fusion-LSTM with derivatives,1,51,54,0.07715491969756974,2.6817545871283524
Fusion-LSTM with derivatives,1,51,55,0.0685101789668624,3.369047961859677
Fusion-LSTM with derivatives,1,51,56,0.08090467818383801,2.020992559339828
Fusion-LSTM with derivatives,1,51,57,0.06953140043941078,2.743120051604116
Fusion-LSTM with derivatives,1,51,58,0.05924520702966172,3.1670197908663087
Fusion-LSTM with derivatives,1,51,59,0.060548982698685715,2.7559139562509096
Fusion-LSTM with derivatives,1,51,60,0.04602679206793819,3.266045527977857
Fusion-LSTM with derivatives,2,42,1,1.0325930271295423,0.8515503615076547
Fusion-LSTM with derivatives,2,42,2,0.4190090534247181,0.7058993746922804
Fusion-LSTM with derivatives,2,42,3,0.2595061621084437,0.730219725366545
Fusion-LSTM with derivatives,2,42,4,0.21094026952745856,0.8189009223897694
Fusion-LSTM with derivatives,2,42,5,0.19991141778237023,0.8415174644770298
Fusion-LSTM with derivatives,2,42,6,0.19209544368810147,0.8163655060775916
Fusion-LSTM with derivatives,2,42,7,0.15636957522611078,0.9648007267188948
Fusion-LSTM with derivatives,2,42,8,0.16080662651733246,0.9584138597589043
Fusion-LSTM with derivatives,2,42,9,0.14584868383808952,1.0203031246665037
Fusion-LSTM with derivatives,2,42,10,0.14194150761423643,0.9915123718909388
Fusion-LSTM with derivatives,2,42,11,0.14059884028054098,1.0364735263116158
Fusion-LSTM with derivatives,2,42,12,0.13473797781593838,0.9629205728742268
Fusion-LSTM with derivatives,2,42,13,0.12681189899053028,1.0735279883511493
Fusion-LSTM with derivatives,2,42,14,0.1096048576168212,1.035725985834733
Fusion-LSTM with derivatives,2,42,15,0.11544188013496666,1.0548999837637913
Fusion-LSTM with derivatives,2,42,16,0.09687944052889626,1.1267659113396433
Fusion-LSTM with derivatives,2,42,17,0.09683828516241837,1.0291596837301555
Fusion-LSTM with derivatives,2,42,18,0.10932777343473371,0.8985240164235009
Fusion-LSTM with derivatives,2,42,19,0.09217529347998424,1.1558501847746097
Fusion-LSTM with derivatives,2,42,20,0.09239016848319483,1.186292830372901
Fusion-LSTM with derivatives,2,42,21,0.10618908211616102,1.5331746774763835
Fusion-LSTM with derivatives,2,42,22,0.08703556506668082,1.7086199035397358
Fusion-LSTM with derivatives,2,42,23,0.07619515282035527,1.6115671522255592
Fusion-LSTM with derivatives,2,42,24,0.07915996833057991,1.1613856864978456
Fusion-LSTM with derivatives,2,42,25,0.0776757915821528,1.4388900525007018
Fusion-LSTM with derivatives,2,42,26,0.0775254047058618,1.2749484032593652
Fusion-LSTM with derivatives,2,42,27,0.06537370331185864,1.3154259796051175
Fusion-LSTM with derivatives,2,42,28,0.07180881589176649,1.7032806785298475
Fusion-LSTM with derivatives,2,42,29,0.06164043536778632,1.7194140791796453
Fusion-LSTM with derivatives,2,42,30,0.06242565998647505,1.8865812134890783
Fusion-LSTM with derivatives,2,42,31,0.07053140497163148,1.5470427229324633
Fusion-LSTM with derivatives,2,42,32,0.0621208409114192,1.50364662584553
Fusion-LSTM with derivatives,2,42,33,0.06113079723395239,1.6238418427129029
Fusion-LSTM with derivatives,2,42,34,0.059165057622061985,1.6042575197008722
Fusion-LSTM with derivatives,2,42,35,0.05560683100816319,1.638653038950641
Fusion-LSTM with derivatives,2,42,36,0.06207276520697828,1.4260826192747955
Fusion-LSTM with derivatives,2,42,37,0.07155510521363886,1.5044780048515576
Fusion-LSTM with derivatives,2,42,38,0.05865819806245534,1.3442905390882547
Fusion-LSTM with derivatives,2,42,39,0.075208466806512,1.2654034902581033
Fusion-LSTM with derivatives,2,42,40,0.050668971373550344,1.3764650928561595
Fusion-LSTM with derivatives,2,42,41,0.06427287821028561,1.3687003863679716
Fusion-LSTM with derivatives,2,42,42,0.049936484206084215,1.5597557055725682
Fusion-LSTM with derivatives,2,42,43,0.0583035700661082,1.414529751424052
Fusion-LSTM with derivatives,2,42,44,0.060145228754985555,1.3724096767316707
Fusion-LSTM with derivatives,2,42,45,0.048136712853852966,1.4991276410393735
Fusion-LSTM with derivatives,2,42,46,0.0588689187608573,1.4010750762082347
Fusion-LSTM with derivatives,2,42,47,0.04565046157328654,1.534010712544134
Fusion-LSTM with derivatives,2,42,48,0.043860874398135324,1.3660360682116053
Fusion-LSTM with derivatives,2,42,49,0.03924469072610085,1.545204986748738
Fusion-LSTM with derivatives,2,42,50,0.039422106022985126,1.5816456986697829
Fusion-LSTM with derivatives,2,42,51,0.038114707812548845,1.5307396397067004
Fusion-LSTM with derivatives,2,42,52,0.030326526591612172,1.7878907596668305
Fusion-LSTM with derivatives,2,42,53,0.046971192273000874,1.68780697185167
Fusion-LSTM with derivatives,2,42,54,0.0363255482053889,1.6621853825749355
Fusion-LSTM with derivatives,2,42,55,0.03402015366926358,1.702672624575089
Fusion-LSTM with derivatives,2,42,56,0.03372244909689475,1.6687858925144676
Fusion-LSTM with derivatives,2,42,57,0.03258557584179857,1.358447301094913
Fusion-LSTM with derivatives,2,42,58,0.04007658645133831,1.7053659617414065
Fusion-LSTM with derivatives,2,42,59,0.04673265901792597,1.5734128199767152
Fusion-LSTM with derivatives,2,42,60,0.10724092465595528,1.250171299582271
Fusion-LSTM with derivatives,2,43,1,1.041189784904866,0.6037474581026362
Fusion-LSTM with derivatives,2,43,2,0.34129658734595025,0.6460617088328556
Fusion-LSTM with derivatives,2,43,3,0.21503331450011076,0.7521006387756981
Fusion-LSTM with derivatives,2,43,4,0.19751308601415427,0.669151349109849
Fusion-LSTM with derivatives,2,43,5,0.16201660905140047,0.8773762495629087
Fusion-LSTM with derivatives,2,43,6,0.16190452464174598,0.8471082790189505
Fusion-LSTM with derivatives,2,43,7,0.156969671958852,0.8607532463939639
Fusion-LSTM with derivatives,2,43,8,0.15211107035659566,0.7313707198979852
Fusion-LSTM with derivatives,2,43,9,0.12527079512021805,0.8630464668898616
Fusion-LSTM with derivatives,2,43,10,0.11312523466863514,0.9781085836799659
Fusion-LSTM with derivatives,2,43,11,0.1110814817199832,0.8814984214518292
Fusion-LSTM with derivatives,2,43,12,0.10191900774128258,0.8823697128158151
Fusion-LSTM with derivatives,2,43,13,0.11151587158568671,0.8387591735284864
Fusion-LSTM with derivatives,2,43,14,0.0985593374473503,0.9324096954844039
Fusion-LSTM with derivatives,2,43,15,0.08769940141313763,0.9321980480724226
Fusion-LSTM with derivatives,2,43,16,0.07429955873154853,0.8854725329491027
Fusion-LSTM with derivatives,2,43,17,0.09639194477428975,1.03776476066459
Fusion-LSTM with derivatives,2,43,18,0.0665175685253832,1.0971436593500539
Fusion-LSTM with derivatives,2,43,19,0.07830914181114006,1.0714425928689555
Fusion-LSTM with derivatives,2,43,20,0.07078877595320825,1.1436316537958435
Fusion-LSTM with derivatives,2,43,21,0.06990640259692349,1.0461823567023931
Fusion-LSTM with derivatives,2,43,22,0.05609795511322803,0.9800758427491746
Fusion-LSTM with derivatives,2,43,23,0.07499021783528996,0.9428144837236816
Fusion-LSTM with derivatives,2,43,24,0.06695624746638762,1.082720727691946
Fusion-LSTM with derivatives,2,43,25,0.07234781300382306,1.0686256397016685
Fusion-LSTM with derivatives,2,43,26,0.0725993677056613,0.9455211960929838
Fusion-LSTM with derivatives,2,43,27,0.0573575054201718,1.0603130227819761
Fusion-LSTM with derivatives,2,43,28,0.05914674633642855,1.1777375636795298
Fusion-LSTM with derivatives,2,43,29,0.05469042484266576,1.1093374201042283
Fusion-LSTM with derivatives,2,43,30,0.052622302515502616,1.2557813866108205
Fusion-LSTM with derivatives,2,43,31,0.05833531605133118,1.187801551602813
Fusion-LSTM with derivatives,2,43,32,0.05678907463084146,1.1935997561805078
Fusion-LSTM with derivatives,2,43,33,0.06008829326027781,1.291504737068185
Fusion-LSTM with derivatives,2,43,34,0.05325539225339549,1.212218372416773
Fusion-LSTM with derivatives,2,43,35,0.04843828181516536,1.2834122581467773
Fusion-LSTM with derivatives,2,43,36,0.05015347436147627,1.0741231554563984
Fusion-LSTM with derivatives,2,43,37,0.046034719588406416,1.2729952114193699
Fusion-LSTM with derivatives,2,43,38,0.04446615383147031,1.2122887537842837
Fusion-LSTM with derivatives,2,43,39,0.05523558231133066,1.1966444308414188
Fusion-LSTM with derivatives,2,43,40,0.04973595688604204,1.4682859825734733
Fusion-LSTM with derivatives,2,43,41,0.042397377378035436,1.4729278203850253
Fusion-LSTM with derivatives,2,43,42,0.04112605988924856,1.3827973498719428
Fusion-LSTM with derivatives,2,43,43,0.044750466384334144,1.3009906356558847
Fusion-LSTM with derivatives,2,43,44,0.04076992314181754,1.2269055270197646
Fusion-LSTM with derivatives,2,43,45,0.048167221467075944,1.308797317764221
Fusion-LSTM with derivatives,2,43,46,0.04320047344214474,1.3277089078837732
Fusion-LSTM with derivatives,2,43,47,0.05178063487800634,1.3649924023199593
Fusion-LSTM with derivatives,2,43,48,0.04979619678815896,1.3835932592827158
Fusion-LSTM with derivatives,2,43,49,0.037597666991317544,1.395313871505451
Fusion-LSTM with derivatives,2,43,50,0.04126794751061582,1.4981897970332516
Fusion-LSTM with derivatives,2,43,51,0.0432415904737169,1.25306957253088
Fusion-LSTM with derivatives,2,43,52,0.03646654073071781,1.4000874013432802
Fusion-LSTM with derivatives,2,43,53,0.03347464610347473,1.3438678873244263
Fusion-LSTM with derivatives,2,43,54,0.0335096293079013,1.2718294172972184
Fusion-LSTM with derivatives,2,43,55,0.041648104076320844,1.4768673762886284
Fusion-LSTM with derivatives,2,43,56,0.03636941172995268,1.5154501580216844
Fusion-LSTM with derivatives,2,43,57,0.03379404903305802,1.5360708146007618
Fusion-LSTM with derivatives,2,43,58,0.0417642889467467,1.433716085176215
Fusion-LSTM with derivatives,2,43,59,0.03232245377079333,1.5549069174920405
Fusion-LSTM with derivatives,2,43,60,0.03320514941718577,1.2258225440874406
Fusion-LSTM with derivatives,2,44,1,1.038679722785078,0.737285706349377
Fusion-LSTM with derivatives,2,44,2,0.3203076759193236,0.8387059931709686
Fusion-LSTM with derivatives,2,44,3,0.23094904546255313,0.8633414949380972
Fusion-LSTM with derivatives,2,44,4,0.1920889024642602,0.8813792917068815
Fusion-LSTM with derivatives,2,44,5,0.18575966795866697,2.397631586048567
Fusion-LSTM with derivatives,2,44,6,0.1713471013285324,1.0106008720783353
Fusion-LSTM with derivatives,2,44,7,0.15973254787638594,1.0011442769077439
Fusion-LSTM with derivatives,2,44,8,0.14369435284211823,0.9922631160742311
Fusion-LSTM with derivatives,2,44,9,0.13514614361522767,0.9900823773908757
Fusion-LSTM with derivatives,2,44,10,0.11161722892544605,1.000161093388147
Fusion-LSTM with derivatives,2,44,11,0.12636767106674415,1.0305568949202755
Fusion-LSTM with derivatives,2,44,12,0.11387165948648703,1.0909796944219965
Fusion-LSTM with derivatives,2,44,13,0.107000788597709,1.1820581391781617
Fusion-LSTM with derivatives,2,44,14,0.10423409748802019,1.2097694109355905
Fusion-LSTM with derivatives,2,44,15,0.09530408588640442,1.1192997822167903
Fusion-LSTM with derivatives,2,44,16,0.08758871295897427,1.1167345703509084
Fusion-LSTM with derivatives,2,44,17,0.09351203639212358,1.2812161671976332
Fusion-LSTM with derivatives,2,44,18,0.08667827461205427,1.0851829110345046
Fusion-LSTM with derivatives,2,44,19,0.08792452641299119,0.9709673859903158
Fusion-LSTM with derivatives,2,44,20,0.11989610609958842,1.1688831836049551
Fusion-LSTM with derivatives,2,44,21,0.09638889831060057,0.9884366360181223
Fusion-LSTM with derivatives,2,44,22,0.08669850989349873,1.0159422217286946
Fusion-LSTM with derivatives,2,44,23,0.07880963671113671,1.1970350504048233
Fusion-LSTM with derivatives,2,44,24,0.07387796518353701,1.1468409659566265
Fusion-LSTM with derivatives,2,44,25,0.0699976989551062,1.1445195737433647
Fusion-LSTM with derivatives,2,44,26,0.06354627155770913,1.1209252946376478
Fusion-LSTM with derivatives,2,44,27,0.0798803943911389,1.1245755914550428
Fusion-LSTM with derivatives,2,44,28,0.06471698907403177,1.1495673422647346
Fusion-LSTM with derivatives,2,44,29,0.05154059491475555,1.4505668061530945
Fusion-LSTM with derivatives,2,44,30,0.05797003825137813,1.4103300614065248
Fusion-LSTM with derivatives,2,44,31,0.047840230672016947,1.538759984355621
Fusion-LSTM with derivatives,2,44,32,0.04298700474198092,1.4469674979306388
Fusion-LSTM with derivatives,2,44,33,0.05363633448461219,1.3908998872883633
Fusion-LSTM with derivatives,2,44,34,0.056290480410958264,1.6714428234262066
Fusion-LSTM with derivatives,2,44,35,0.06375668660445578,1.3803419529361807
Fusion-LSTM with derivatives,2,44,36,0.06412777084900358,1.455911236334407
Fusion-LSTM with derivatives,2,44,37,0.05044185617651466,1.6048464035669636
Fusion-LSTM with derivatives,2,44,38,0.04926554427699553,1.5491165251654149
Fusion-LSTM with derivatives,2,44,39,0.0461713917369544,1.6289162147572953
Fusion-LSTM with derivatives,2,44,40,0.03841995162064168,2.0517197349189216
Fusion-LSTM with derivatives,2,44,41,0.03563197659717908,1.6439886362116873
Fusion-LSTM with derivatives,2,44,42,0.04205689632869709,1.9567853381664173
Fusion-LSTM with derivatives,2,44,43,0.0473831782487376,1.8603392136031782
Fusion-LSTM with derivatives,2,44,44,0.04554235145204464,1.9301545621563738
Fusion-LSTM with derivatives,2,44,45,0.03916020567445476,1.7756039263443222
Fusion-LSTM with derivatives,2,44,46,0.041212764985976875,1.9171594907715714
Fusion-LSTM with derivatives,2,44,47,0.04172118212108311,1.9679520528393417
Fusion-LSTM with derivatives,2,44,48,0.030050108451021653,2.471194897542987
Fusion-LSTM with derivatives,2,44,49,0.04108082162024621,1.9791277085977041
Fusion-LSTM with derivatives,2,44,50,0.03210297249380152,1.860267523197421
Fusion-LSTM with derivatives,2,44,51,0.041545481662255176,2.6105908652602596
Fusion-LSTM with derivatives,2,44,52,0.03677886326631019,1.9357203684207132
Fusion-LSTM with derivatives,2,44,53,0.03307042355283966,1.9753978054721077
Fusion-LSTM with derivatives,2,44,54,0.033394505718318854,1.9833111541987383
Fusion-LSTM with derivatives,2,44,55,0.03202851613646397,2.1473217247814325
Fusion-LSTM with derivatives,2,44,56,0.0339260569527429,1.7678451344114878
Fusion-LSTM with derivatives,2,44,57,0.04082132901685366,2.011881812119587
Fusion-LSTM with derivatives,2,44,58,0.031182656196368282,1.963743566193459
Fusion-LSTM with derivatives,2,44,59,0.028861654227492237,1.8701566245113188
Fusion-LSTM with derivatives,2,44,60,0.027671350372500042,1.9021332583829689
Fusion-LSTM with derivatives,2,45,1,1.0504648520915991,0.604270690653803
Fusion-LSTM with derivatives,2,45,2,0.33197939711907226,0.6559658111927963
Fusion-LSTM with derivatives,2,45,3,0.2309722711333845,0.7235341578818552
Fusion-LSTM with derivatives,2,45,4,0.19269889258052575,0.7943396213752083
Fusion-LSTM with derivatives,2,45,5,0.18345011875605452,0.8258495518442879
Fusion-LSTM with derivatives,2,45,6,0.15929558635266505,0.7985808978070451
Fusion-LSTM with derivatives,2,45,7,0.1696576007723009,1.9610327541441948
Fusion-LSTM with derivatives,2,45,8,0.16058795181336308,0.884829228383853
Fusion-LSTM with derivatives,2,45,9,0.19362897505117654,0.6991620550966031
Fusion-LSTM with derivatives,2,45,10,0.14294483277908118,3.0058742406944994
Fusion-LSTM with derivatives,2,45,11,0.13991924486532217,3.234798782233543
Fusion-LSTM with derivatives,2,45,12,0.1250138708562258,3.2209877458201888
Fusion-LSTM with derivatives,2,45,13,0.11793339510359174,3.076506827871434
Fusion-LSTM with derivatives,2,45,14,0.13795475130543194,0.9636912252070065
Fusion-LSTM with derivatives,2,45,15,0.13238258364495165,0.9724857275802682
Fusion-LSTM with derivatives,2,45,16,0.10343833450207544,1.0372032011702221
Fusion-LSTM with derivatives,2,45,17,0.11062269828564361,1.025925134373004
Fusion-LSTM with derivatives,2,45,18,0.1160071566473922,0.9591595412797213
Fusion-LSTM with derivatives,2,45,19,0.11027219430256878,0.9850452590248996
Fusion-LSTM with derivatives,2,45,20,0.10040438605164842,1.0376727373377455
Fusion-LSTM with derivatives,2,45,21,0.08784416454658593,1.0400799059160215
Fusion-LSTM with derivatives,2,45,22,0.07799886673970385,1.157280476498327
Fusion-LSTM with derivatives,2,45,23,0.08265229664648736,1.166002522444968
Fusion-LSTM with derivatives,2,45,24,0.07802749865351837,1.2452403306518531
Fusion-LSTM with derivatives,2,45,25,0.08001165116508874,1.166537269551637
Fusion-LSTM with derivatives,2,45,26,0.07287275531351349,1.158263262876231
Fusion-LSTM with derivatives,2,45,27,0.07612788068819598,1.5985260818869713
Fusion-LSTM with derivatives,2,45,28,0.06840867670633166,1.6378147060586619
Fusion-LSTM with derivatives,2,45,29,0.06964945362734402,1.162543521715292
Fusion-LSTM with derivatives,2,45,30,0.063529988253656,1.207678290922798
Fusion-LSTM with derivatives,2,45,31,0.05978993915298376,1.2583889491276787
Fusion-LSTM with derivatives,2,45,32,0.0687451083468481,1.1709798765821346
Fusion-LSTM with derivatives,2,45,33,0.053989618787931314,1.3334175945977735
Fusion-LSTM with derivatives,2,45,34,0.05601671050114831,1.344808256342106
Fusion-LSTM with derivatives,2,45,35,0.04956273957979136,1.5771525519986518
Fusion-LSTM with derivatives,2,45,36,0.04766268415307305,1.2117072373556204
Fusion-LSTM with derivatives,2,45,37,0.047169101526103756,1.1407353623003798
Fusion-LSTM with derivatives,2,45,38,0.04535615606838468,1.2677676504785618
Fusion-LSTM with derivatives,2,45,39,0.04454140532780257,1.3777529637306147
Fusion-LSTM with derivatives,2,45,40,0.05762721230840625,1.277559824819932
Fusion-LSTM with derivatives,2,45,41,0.0537230616831547,1.3561446848979168
Fusion-LSTM with derivatives,2,45,42,0.05827875779504677,1.2430276043811657
Fusion-LSTM with derivatives,2,45,43,0.048740133286739255,1.2797064182085043
Fusion-LSTM with derivatives,2,45,44,0.045545998073678456,1.3392891819567718
Fusion-LSTM with derivatives,2,45,45,0.05964462433484514,1.348797427361115
Fusion-LSTM with derivatives,2,45,46,0.054437827772933635,2.5700615839570053
Fusion-LSTM with derivatives,2,45,47,0.06504742038679706,1.2864572499228992
Fusion-LSTM with derivatives,2,45,48,0.055285874129903524,1.1614720267827017
Fusion-LSTM with derivatives,2,45,49,0.0413041550260733,1.23102242677205
Fusion-LSTM with derivatives,2,45,50,0.03646477927112728,1.3440233003222393
Fusion-LSTM with derivatives,2,45,51,0.04174705989621801,1.2931406906615845
Fusion-LSTM with derivatives,2,45,52,0.04058357056214416,1.2324758774779947
Fusion-LSTM with derivatives,2,45,53,0.03595193112263369,1.1767556731308535
Fusion-LSTM with derivatives,2,45,54,0.033890809725327584,1.3401566969600887
Fusion-LSTM with derivatives,2,45,55,0.043044397579281864,1.1667722912996075
Fusion-LSTM with derivatives,2,45,56,0.036099808200504825,1.273054630845608
Fusion-LSTM with derivatives,2,45,57,0.03425091635072598,1.2763098941569782
Fusion-LSTM with derivatives,2,45,58,0.03584468647467891,1.3292742123119292
Fusion-LSTM with derivatives,2,45,59,0.03627125171015588,1.3153271753709064
Fusion-LSTM with derivatives,2,45,60,0.039642824970641484,1.2521105447611078
Fusion-LSTM with derivatives,2,46,1,0.9932252402025196,0.6459428476205912
Fusion-LSTM with derivatives,2,46,2,0.3651257358414236,0.5827163365502595
Fusion-LSTM with derivatives,2,46,3,0.21610175595277697,0.6685847024519809
Fusion-LSTM with derivatives,2,46,4,0.21528212876399067,0.6769720378490748
Fusion-LSTM with derivatives,2,46,5,0.18266931286173613,0.8643580401883527
Fusion-LSTM with derivatives,2,46,6,0.16803152783388484,0.7645921468811178
Fusion-LSTM with derivatives,2,46,7,0.167684946660949,0.8405007315602467
Fusion-LSTM with derivatives,2,46,8,0.16546720186433436,0.8166101447167781
Fusion-LSTM with derivatives,2,46,9,0.14699234740580458,0.8501374120552487
Fusion-LSTM with derivatives,2,46,10,0.14277100318555858,0.818369489344195
Fusion-LSTM with derivatives,2,46,11,0.14596617798446374,0.8318303786258396
Fusion-LSTM with derivatives,2,46,12,0.1346902353036411,1.0398303598777008
Fusion-LSTM with derivatives,2,46,13,0.142874746538567,0.8382736380326664
Fusion-LSTM with derivatives,2,46,14,0.1300690986992454,0.8527605809979382
Fusion-LSTM with derivatives,2,46,15,0.12815143921884148,0.8716862448179374
Fusion-LSTM with derivatives,2,46,16,0.1173089560800068,0.853234558497992
Fusion-LSTM with derivatives,2,46,17,0.13290943207626732,0.8358214228488424
Fusion-LSTM with derivatives,2,46,18,0.12218912874758789,0.8738170554107115
Fusion-LSTM with derivatives,2,46,19,0.12076707762177401,2.152449311016703
Fusion-LSTM with derivatives,2,46,20,0.11096014924311079,0.8661214452434017
Fusion-LSTM with derivatives,2,46,21,0.10132039111507131,0.9397703148112844
Fusion-LSTM with derivatives,2,46,22,0.0996746863831586,0.9761218423276262
Fusion-LSTM with derivatives,2,46,23,0.09167493768104469,0.9071093081269357
Fusion-LSTM with derivatives,2,46,24,0.0817590651262976,0.904196771890625
Fusion-LSTM with derivatives,2,46,25,0.08471276251159922,1.0823839842532932
Fusion-LSTM with derivatives,2,46,26,0.08362145542231258,0.9760117820749707
Fusion-LSTM with derivatives,2,46,27,0.07946403255591954,1.2372425340888438
Fusion-LSTM with derivatives,2,46,28,0.08603348639963386,0.9042559394353425
Fusion-LSTM with derivatives,2,46,29,0.07925950078944075,1.7048696413048852
Fusion-LSTM with derivatives,2,46,30,0.06792761590887976,1.7391566955856577
Fusion-LSTM with derivatives,2,46,31,0.054374621170280656,0.966860033496289
Fusion-LSTM with derivatives,2,46,32,0.0686494988377395,0.8195873414433801
Fusion-LSTM with derivatives,2,46,33,0.0647919098781348,1.9493150737611316
Fusion-LSTM with derivatives,2,46,34,0.08285853436621364,0.8898604257961586
Fusion-LSTM with derivatives,2,46,35,0.07278515434824498,0.8509239518439666
Fusion-LSTM with derivatives,2,46,36,0.0570742440529708,0.8410061848939238
Fusion-LSTM with derivatives,2,46,37,0.06137678139751674,0.8768136882209109
Fusion-LSTM with derivatives,2,46,38,0.0516042779878691,1.0009816938017537
Fusion-LSTM with derivatives,2,46,39,0.06578068731444628,0.9219955291687542
Fusion-LSTM with derivatives,2,46,40,0.05360069593708647,0.9761960414996608
Fusion-LSTM with derivatives,2,46,41,0.051433495796381484,1.000582364747868
Fusion-LSTM with derivatives,2,46,42,0.04539450775252486,1.0160898356366557
Fusion-LSTM with derivatives,2,46,43,0.04399101528518429,0.9630948272624232
Fusion-LSTM with derivatives,2,46,44,0.04414342792243864,0.9847753734627566
Fusion-LSTM with derivatives,2,46,45,0.050013507560285976,1.0390959662499941
Fusion-LSTM with derivatives,2,46,46,0.048946482936995266,1.11192401609993
Fusion-LSTM with derivatives,2,46,47,0.051605690134454256,0.8877804885592239
Fusion-LSTM with derivatives,2,46,48,0.040202610553364285,1.1567808928121017
Fusion-LSTM with derivatives,2,46,49,0.04241387239314127,1.2012047300087068
Fusion-LSTM with derivatives,2,46,50,0.03861850704645907,1.1807400320292516
Fusion-LSTM with derivatives,2,46,51,0.037834018693032566,1.2005566290014507
Fusion-LSTM with derivatives,2,46,52,0.042003205017681025,1.1943824833810137
Fusion-LSTM with derivatives,2,46,53,0.03535022879431409,1.1836279009028337
Fusion-LSTM with derivatives,2,46,54,0.03472550812517596,1.1764143158160714
Fusion-LSTM with derivatives,2,46,55,0.0367526635453122,1.2042469993298048
Fusion-LSTM with derivatives,2,46,56,0.045971341584942496,1.1947362081431352
Fusion-LSTM with derivatives,2,46,57,0.040461041687066636,1.0508105330185293
Fusion-LSTM with derivatives,2,46,58,0.03989909569199931,1.1925866123083697
Fusion-LSTM with derivatives,2,46,59,0.033030341133318666,1.2517599799020567
Fusion-LSTM with derivatives,2,46,60,0.035036232002365525,1.309071438767209
Fusion-LSTM with derivatives,2,47,1,0.9986361515442095,0.6420467889849619
Fusion-LSTM with derivatives,2,47,2,0.2706380585102974,1.4684310634630544
Fusion-LSTM with derivatives,2,47,3,0.2056960531605191,1.9531204571412397
Fusion-LSTM with derivatives,2,47,4,0.1883754571496823,1.1775030672357099
Fusion-LSTM with derivatives,2,47,5,0.1785703879678344,0.7979141862189989
Fusion-LSTM with derivatives,2,47,6,0.1547188072724723,0.9112303468436969
Fusion-LSTM with derivatives,2,47,7,0.14517913997572854,0.7825908295621142
Fusion-LSTM with derivatives,2,47,8,0.13888239450094397,0.9197252064020037
Fusion-LSTM with derivatives,2,47,9,0.14780949512899538,1.4672328909581476
Fusion-LSTM with derivatives,2,47,10,0.14275008327362287,1.9422285872034841
Fusion-LSTM with derivatives,2,47,11,0.11252064448324448,1.6735088707110795
Fusion-LSTM with derivatives,2,47,12,0.10772811940721917,1.310642519374388
Fusion-LSTM with derivatives,2,47,13,0.11004695242712369,1.0659827918415692
Fusion-LSTM with derivatives,2,47,14,0.0891627629130334,0.9852053419421336
Fusion-LSTM with derivatives,2,47,15,0.08983314715185084,0.9237461833838478
Fusion-LSTM with derivatives,2,47,16,0.0741405155893363,1.1033510808686104
Fusion-LSTM with derivatives,2,47,17,0.09968628808016061,1.0627092878147155
Fusion-LSTM with derivatives,2,47,18,0.07740270335988882,1.1788148272442622
Fusion-LSTM with derivatives,2,47,19,0.08831793559053408,0.976970928437509
Fusion-LSTM with derivatives,2,47,20,0.06869932859999824,1.1343331533166345
Fusion-LSTM with derivatives,2,47,21,0.06936942728657428,1.2122073349448375
Fusion-LSTM with derivatives,2,47,22,0.0622655238211609,1.234827942060021
Fusion-LSTM with derivatives,2,47,23,0.06920618182961931,1.2274241409572264
Fusion-LSTM with derivatives,2,47,24,0.07668397920677242,1.010955260328337
Fusion-LSTM with derivatives,2,47,25,0.06153852020836981,1.225604222441237
Fusion-LSTM with derivatives,2,47,26,0.05700372230763264,1.2612114230575158
Fusion-LSTM with derivatives,2,47,27,0.0569391056979251,1.1812423402815655
Fusion-LSTM with derivatives,2,47,28,0.061413482552318224,1.1894398508844877
Fusion-LSTM with derivatives,2,47,29,0.06687207010135936,1.2499956040744735
Fusion-LSTM with derivatives,2,47,30,0.06704058552627372,1.2901145283808655
Fusion-LSTM with derivatives,2,47,31,0.06294255948294633,1.3410939382847809
Fusion-LSTM with derivatives,2,47,32,0.057928937326834094,1.308701337259826
Fusion-LSTM with derivatives,2,47,33,0.04856340223804143,1.409154542755249
Fusion-LSTM with derivatives,2,47,34,0.04921349489778771,1.365027891971336
Fusion-LSTM with derivatives,2,47,35,0.046822964023239114,1.4142069089559328
Fusion-LSTM with derivatives,2,47,36,0.04418461801196771,1.4961196411907427
Fusion-LSTM with derivatives,2,47,37,0.049341963194333364,1.4520211987462415
Fusion-LSTM with derivatives,2,47,38,0.04773870555458092,1.454056634218935
Fusion-LSTM with derivatives,2,47,39,0.051718937050344596,1.4770563656897193
Fusion-LSTM with derivatives,2,47,40,0.05438458816652594,1.580060919487525
Fusion-LSTM with derivatives,2,47,41,0.05093616390153016,1.2092274694421155
Fusion-LSTM with derivatives,2,47,42,0.053511756261734614,1.3766309738656521
Fusion-LSTM with derivatives,2,47,43,0.06411552243998829,1.4545646298355643
Fusion-LSTM with derivatives,2,47,44,0.05346740144324795,1.5367447922839008
Fusion-LSTM with derivatives,2,47,45,0.05096070675774138,1.4115629680161808
Fusion-LSTM with derivatives,2,47,46,0.04088783738632402,1.493270158047836
Fusion-LSTM with derivatives,2,47,47,0.041863201202661265,1.5361965046745483
Fusion-LSTM with derivatives,2,47,48,0.044550283163579354,1.61413638405576
Fusion-LSTM with derivatives,2,47,49,0.049978873343419765,1.6824515213760307
Fusion-LSTM with derivatives,2,47,50,0.04280536836563705,1.6331341868613698
Fusion-LSTM with derivatives,2,47,51,0.03626719526242803,1.6258723658711833
Fusion-LSTM with derivatives,2,47,52,0.037203046809348446,1.7210422247574002
Fusion-LSTM with derivatives,2,47,53,0.033713885634345284,1.7358881004336535
Fusion-LSTM with derivatives,2,47,54,0.0326353199231608,1.7454425726890122
Fusion-LSTM with derivatives,2,47,55,0.027598497690561996,1.8119013602590477
Fusion-LSTM with derivatives,2,47,56,0.030830917531473472,1.8165207440280278
Fusion-LSTM with derivatives,2,47,57,0.02844822713151792,1.8358603849905917
Fusion-LSTM with derivatives,2,47,58,0.033778513648355976,1.7468231641143093
Fusion-LSTM with derivatives,2,47,59,0.0339394385565616,1.708835119095003
Fusion-LSTM with derivatives,2,47,60,0.03309958319454684,1.7512936018533125
Fusion-LSTM with derivatives,2,48,1,1.0735109804389973,1.8754877601277493
Fusion-LSTM with derivatives,2,48,2,0.29995346765813125,2.9450284755641905
Fusion-LSTM with derivatives,2,48,3,0.22392235581901,0.6231093582884282
Fusion-LSTM with derivatives,2,48,4,0.19251144697831798,0.7435202712704051
Fusion-LSTM with derivatives,2,48,5,0.18273168255613026,0.8711784274657267
Fusion-LSTM with derivatives,2,48,6,0.165428619688782,0.6586670621618081
Fusion-LSTM with derivatives,2,48,7,0.15544108117520264,0.7822454203720773
Fusion-LSTM with derivatives,2,48,8,0.15538863853155876,0.7882614377242378
Fusion-LSTM with derivatives,2,48,9,0.15335150660764219,0.8566754606771675
Fusion-LSTM with derivatives,2,48,10,0.1356519731788883,0.9694804121009989
Fusion-LSTM with derivatives,2,48,11,0.136944521788342,1.0271833226452813
Fusion-LSTM with derivatives,2,48,12,0.1361729755207651,0.9507082544305396
Fusion-LSTM with derivatives,2,48,13,0.13014670449611546,0.8449728267929129
Fusion-LSTM with derivatives,2,48,14,0.1241565757612133,0.8740503794109332
Fusion-LSTM with derivatives,2,48,15,0.12869274446435414,1.1744622011743406
Fusion-LSTM with derivatives,2,48,16,0.11458063437299784,1.0385267533780302
Fusion-LSTM with derivatives,2,48,17,0.11753069748335826,0.8710089242870298
Fusion-LSTM with derivatives,2,48,18,0.12252218025185435,0.9574857729147178
Fusion-LSTM with derivatives,2,48,19,0.10667639647058276,0.9398310560497735
Fusion-LSTM with derivatives,2,48,20,0.09980076404559692,1.0848149841165544
Fusion-LSTM with derivatives,2,48,21,0.09186377332277373,1.12444261604564
Fusion-LSTM with derivatives,2,48,22,0.09004511621183081,1.0858838615424078
Fusion-LSTM with derivatives,2,48,23,0.08620700971402187,1.0520565447600692
Fusion-LSTM with derivatives,2,48,24,0.08592170060542455,1.0037344045822405
Fusion-LSTM with derivatives,2,48,25,0.09103187150222583,1.079608904384881
Fusion-LSTM with derivatives,2,48,26,0.08861118119997742,1.1877539242702269
Fusion-LSTM with derivatives,2,48,27,0.079020943036354,1.0255495994060138
Fusion-LSTM with derivatives,2,48,28,0.07836216655466195,1.1228705627001927
Fusion-LSTM with derivatives,2,48,29,0.0691384732823122,1.231924782593616
Fusion-LSTM with derivatives,2,48,30,0.0707315819236943,0.9616775907189877
Fusion-LSTM with derivatives,2,48,31,0.06893618632162456,1.0560355851503158
Fusion-LSTM with derivatives,2,48,32,0.0558359588403879,1.0846440651118112
Fusion-LSTM with derivatives,2,48,33,0.07207195201064621,1.070479494745825
Fusion-LSTM with derivatives,2,48,34,0.06256788695715754,0.9452092827702058
Fusion-LSTM with derivatives,2,48,35,0.055206994971602086,1.0399206443156717
Fusion-LSTM with derivatives,2,48,36,0.05333374070865145,1.1901873443698103
Fusion-LSTM with derivatives,2,48,37,0.05240841703983177,1.2451362981507252
Fusion-LSTM with derivatives,2,48,38,0.052035152259476296,0.9201601620715264
Fusion-LSTM with derivatives,2,48,39,0.0586882977017714,1.3915404604082087
Fusion-LSTM with derivatives,2,48,40,0.06966797618841268,0.9431354010369042
Fusion-LSTM with derivatives,2,48,41,0.06305033379358664,1.0052917781195425
Fusion-LSTM with derivatives,2,48,42,0.06141380890142593,1.0919417798776605
Fusion-LSTM with derivatives,2,48,43,0.07353179382034314,1.1516159273539197
Fusion-LSTM with derivatives,2,48,44,0.054371721757516846,1.1226185565697708
Fusion-LSTM with derivatives,2,48,45,0.05170145614307072,1.0457311052704314
Fusion-LSTM with derivatives,2,48,46,0.0542218528147662,1.1531271820819533
Fusion-LSTM with derivatives,2,48,47,0.047418769246953645,1.1004003188522538
Fusion-LSTM with derivatives,2,48,48,0.04211324479233412,1.1507008106570458
Fusion-LSTM with derivatives,2,48,49,0.06344026138775884,1.147453132888089
Fusion-LSTM with derivatives,2,48,50,0.04731670676135798,1.2399340057939183
Fusion-LSTM with derivatives,2,48,51,0.07707839839541825,1.1222715107100507
Fusion-LSTM with derivatives,2,48,52,0.04569147516477293,1.210181075069836
Fusion-LSTM with derivatives,2,48,53,0.03829774797677263,1.2061800474107878
Fusion-LSTM with derivatives,2,48,54,0.03528328349338226,1.2397614153158363
Fusion-LSTM with derivatives,2,48,55,0.030958808912843975,1.2655725579962263
Fusion-LSTM with derivatives,2,48,56,0.03550170165175058,1.2417629179715723
Fusion-LSTM with derivatives,2,48,57,0.027785468945736014,1.3841221643627881
Fusion-LSTM with derivatives,2,48,58,0.03510563930304747,1.2489653809919359
Fusion-LSTM with derivatives,2,48,59,0.04090009875127922,1.3526873313781622
Fusion-LSTM with derivatives,2,48,60,0.04644423945204484,1.3097351658324958
Fusion-LSTM with derivatives,2,49,1,0.9856011206460101,0.6732637545588722
Fusion-LSTM with derivatives,2,49,2,0.292883090942753,0.6870993503789794
Fusion-LSTM with derivatives,2,49,3,0.2107865709032793,0.7378231967531836
Fusion-LSTM with derivatives,2,49,4,0.1809290679708568,0.7552163211616726
Fusion-LSTM with derivatives,2,49,5,0.1737882664914105,0.8192124955102673
Fusion-LSTM with derivatives,2,49,6,0.17235697799525124,0.7944734405412401
Fusion-LSTM with derivatives,2,49,7,0.1757250632693461,0.9548125867259167
Fusion-LSTM with derivatives,2,49,8,0.15597733589187765,0.8256129061453221
Fusion-LSTM with derivatives,2,49,9,0.14722308683584262,0.8675865019202941
Fusion-LSTM with derivatives,2,49,10,0.14855278248397552,0.8544718032143608
Fusion-LSTM with derivatives,2,49,11,0.14589330888172244,0.8592676124465098
Fusion-LSTM with derivatives,2,49,12,0.1279839106065282,0.8842098680888071
Fusion-LSTM with derivatives,2,49,13,0.13350693889457158,0.9097232489965325
Fusion-LSTM with derivatives,2,49,14,0.1336526726483209,0.8993762903032144
Fusion-LSTM with derivatives,2,49,15,0.10485254269204512,0.9704213484922589
Fusion-LSTM with derivatives,2,49,16,0.10781766014090767,0.8989461176449405
Fusion-LSTM with derivatives,2,49,17,0.12505645742600172,0.8156010005482297
Fusion-LSTM with derivatives,2,49,18,0.11191842584694253,0.9506651499202037
Fusion-LSTM with derivatives,2,49,19,0.10377971670663554,0.8739958361100977
Fusion-LSTM with derivatives,2,49,20,0.08907605452595833,0.914978962710437
Fusion-LSTM with derivatives,2,49,21,0.0964428231092868,0.8931564005256729
Fusion-LSTM with derivatives,2,49,22,0.08274361377242569,0.9370987589287996
Fusion-LSTM with derivatives,2,49,23,0.07729727281615056,0.9715753835666177
Fusion-LSTM with derivatives,2,49,24,0.07840951668787555,0.9740799953024553
Fusion-LSTM with derivatives,2,49,25,0.0948391052577043,0.9747216961151451
Fusion-LSTM with derivatives,2,49,26,0.07694737144645433,0.9334612818471041
Fusion-LSTM with derivatives,2,49,27,0.06901170920675971,0.872523672285351
Fusion-LSTM with derivatives,2,49,28,0.06810810219889221,0.9036026634034534
Fusion-LSTM with derivatives,2,49,29,0.06085858928348408,0.9604737890711291
Fusion-LSTM with derivatives,2,49,30,0.08275913157472517,0.8914675268809237
Fusion-LSTM with derivatives,2,49,31,0.06945494386111542,1.4126043031414564
Fusion-LSTM with derivatives,2,49,32,0.0720409811533974,1.0100900632139198
Fusion-LSTM with derivatives,2,49,33,0.05601794605179123,1.0004846350904393
Fusion-LSTM with derivatives,2,49,34,0.046218561102215616,1.0262430753220944
Fusion-LSTM with derivatives,2,49,35,0.047652649851816685,1.0203468442263914
Fusion-LSTM with derivatives,2,49,36,0.053370238810443955,1.3393551018571814
Fusion-LSTM with derivatives,2,49,37,0.06729712275678086,1.0398007481772307
Fusion-LSTM with derivatives,2,49,38,0.05177681046577215,1.078326165201404
Fusion-LSTM with derivatives,2,49,39,0.050516063432588874,1.0001307545163414
Fusion-LSTM with derivatives,2,49,40,0.04729134960373606,1.0869468666178619
Fusion-LSTM with derivatives,2,49,41,0.053185826777988485,1.1172741666862633
Fusion-LSTM with derivatives,2,49,42,0.04615570030769357,1.165270319351319
Fusion-LSTM with derivatives,2,49,43,0.04274172319738066,1.0389814311397094
Fusion-LSTM with derivatives,2,49,44,0.04124856721507675,1.1602373773183827
Fusion-LSTM with derivatives,2,49,45,0.05186238262001005,1.0024691406571051
Fusion-LSTM with derivatives,2,49,46,0.05044003459695888,0.9916177603358817
Fusion-LSTM with derivatives,2,49,47,0.03769272795607637,1.0911073904257211
Fusion-LSTM with derivatives,2,49,48,0.04573109133638973,1.0915892108451157
Fusion-LSTM with derivatives,2,49,49,0.046215288698591525,1.0732317715146544
Fusion-LSTM with derivatives,2,49,50,0.03835239125407737,1.1269280576734495
Fusion-LSTM with derivatives,2,49,51,0.040616935620697056,1.1852907736854352
Fusion-LSTM with derivatives,2,49,52,0.031121220581484917,1.3535969151492224
Fusion-LSTM with derivatives,2,49,53,0.04556163934006661,1.0666680802959752
Fusion-LSTM with derivatives,2,49,54,0.03283663780418821,1.260268188477695
Fusion-LSTM with derivatives,2,49,55,0.030816065780460915,1.3362144981989925
Fusion-LSTM with derivatives,2,49,56,0.03001108622810668,1.3868264819401845
Fusion-LSTM with derivatives,2,49,57,0.04309324207355306,1.4732321801159272
Fusion-LSTM with derivatives,2,49,58,0.0435230567904347,1.3970152371146638
Fusion-LSTM with derivatives,2,49,59,0.042826073008120094,1.2003421035397106
Fusion-LSTM with derivatives,2,49,60,0.05530712408019885,1.4416286068899078
Fusion-LSTM with derivatives,2,50,1,1.051564614958766,0.706967960809786
Fusion-LSTM with derivatives,2,50,2,0.29782213913566236,0.735087194188335
Fusion-LSTM with derivatives,2,50,3,0.2087202644489801,0.7888621306388798
Fusion-LSTM with derivatives,2,50,4,0.17809974603777176,2.3202495094927804
Fusion-LSTM with derivatives,2,50,5,0.16802253565960437,1.8216848092769187
Fusion-LSTM with derivatives,2,50,6,0.16950787519406138,1.4154159162217674
Fusion-LSTM with derivatives,2,50,7,0.15027672562709601,2.9504620037956837
Fusion-LSTM with derivatives,2,50,8,0.1468184488427659,1.096133169824696
Fusion-LSTM with derivatives,2,50,9,0.1558932261513109,2.7831421114391692
Fusion-LSTM with derivatives,2,50,10,0.13436123729206162,1.550746670230161
Fusion-LSTM with derivatives,2,50,11,0.12811741041726707,1.8592742489365213
Fusion-LSTM with derivatives,2,50,12,0.11815848827162288,1.7172229220974007
Fusion-LSTM with derivatives,2,50,13,0.12607175490429023,2.427255558063222
Fusion-LSTM with derivatives,2,50,14,0.11683670794142956,2.7090862894483054
Fusion-LSTM with derivatives,2,50,15,0.1181261848061278,2.4844834557201385
Fusion-LSTM with derivatives,2,50,16,0.11659212303753672,2.5084018083068003
Fusion-LSTM with derivatives,2,50,17,0.09997513299747747,2.881379757036272
Fusion-LSTM with derivatives,2,50,18,0.09096856657041057,2.7836248952710347
Fusion-LSTM with derivatives,2,50,19,0.09464381040073364,2.950735354783983
Fusion-LSTM with derivatives,2,50,20,0.08398640416403648,2.6518024734299845
Fusion-LSTM with derivatives,2,50,21,0.08590719544219215,2.9612675323985824
Fusion-LSTM with derivatives,2,50,22,0.08002366593458317,3.120145491177526
Fusion-LSTM with derivatives,2,50,23,0.07312513152358736,2.353991840235873
Fusion-LSTM with derivatives,2,50,24,0.0869427602550856,2.334082508093595
Fusion-LSTM with derivatives,2,50,25,0.08477160952744653,2.1363023874826617
Fusion-LSTM with derivatives,2,50,26,0.08913570612505542,1.493636646921511
Fusion-LSTM with derivatives,2,50,27,0.08105239400607213,2.955449006582568
Fusion-LSTM with derivatives,2,50,28,0.08666493304614102,0.8376409411631508
Fusion-LSTM with derivatives,2,50,29,0.08427652694162328,0.9944107964027423
Fusion-LSTM with derivatives,2,50,30,0.08025634874482478,0.9940425949935554
Fusion-LSTM with derivatives,2,50,31,0.05873180812963674,1.0118742505124656
Fusion-LSTM with derivatives,2,50,32,0.05747430648399025,1.123047633837812
Fusion-LSTM with derivatives,2,50,33,0.06621861845506882,1.095686587499008
Fusion-LSTM with derivatives,2,50,34,0.05245898142774827,1.083882717628909
Fusion-LSTM with derivatives,2,50,35,0.058300553254912554,1.0930432731549198
Fusion-LSTM with derivatives,2,50,36,0.06299040756726923,1.0281045703040375
Fusion-LSTM with derivatives,2,50,37,0.055101897061270666,0.9898292691362358
Fusion-LSTM with derivatives,2,50,38,0.0556930531313476,0.9962216094136238
Fusion-LSTM with derivatives,2,50,39,0.0642670927413766,0.9410360570248724
Fusion-LSTM with derivatives,2,50,40,0.04724170932007669,0.9636690318182143
Fusion-LSTM with derivatives,2,50,41,0.04537071556983417,1.091670574425251
Fusion-LSTM with derivatives,2,50,42,0.0697780445145442,0.9252227166009821
Fusion-LSTM with derivatives,2,50,43,0.05359693476561364,1.1381692331644846
Fusion-LSTM with derivatives,2,50,44,0.059481323905809035,1.0182891923202038
Fusion-LSTM with derivatives,2,50,45,0.04655354140618093,1.1524327045334724
Fusion-LSTM with derivatives,2,50,46,0.04215187448236381,1.0961649763210803
Fusion-LSTM with derivatives,2,50,47,0.03867405596700549,1.2012107259841318
Fusion-LSTM with derivatives,2,50,48,0.06218577776101942,0.9480858574677701
Fusion-LSTM with derivatives,2,50,49,0.039610555547582964,1.0456452282471482
Fusion-LSTM with derivatives,2,50,50,0.039209995661691366,1.036970999888416
Fusion-LSTM with derivatives,2,50,51,0.03987685030798435,1.0843785140808213
Fusion-LSTM with derivatives,2,50,52,0.03790624245733368,1.0120505208298403
Fusion-LSTM with derivatives,2,50,53,0.04783729412283642,1.0329777507873787
Fusion-LSTM with derivatives,2,50,54,0.0425349859324852,1.1423781281075647
Fusion-LSTM with derivatives,2,50,55,0.03853271747550528,1.1948167591103802
Fusion-LSTM with derivatives,2,50,56,0.04447915022290385,1.1042195669542314
Fusion-LSTM with derivatives,2,50,57,0.04966111005483097,1.1101648363105743
Fusion-LSTM with derivatives,2,50,58,0.04104289131626115,1.1400584692847522
Fusion-LSTM with derivatives,2,50,59,0.03899686915305086,1.0992164058755625
Fusion-LSTM with derivatives,2,50,60,0.03980255440912691,1.0364346904619788
Fusion-LSTM with derivatives,2,51,1,1.0470300200579734,2.9599911771376757
Fusion-LSTM with derivatives,2,51,2,0.3532359876841906,0.6428570180455501
Fusion-LSTM with derivatives,2,51,3,0.23829546080428896,0.6528705669080207
Fusion-LSTM with derivatives,2,51,4,0.19412488469911884,0.6753918847097306
Fusion-LSTM with derivatives,2,51,5,0.1764744536032915,0.749579105960692
Fusion-LSTM with derivatives,2,51,6,0.16474439993745885,1.8442253673018698
Fusion-LSTM with derivatives,2,51,7,0.17191300765451756,0.6959349453171663
Fusion-LSTM with derivatives,2,51,8,0.16026553315933995,0.7908785714492298
Fusion-LSTM with derivatives,2,51,9,0.15295777616297088,0.8130154224076424
Fusion-LSTM with derivatives,2,51,10,0.14864429306422772,0.8716933827406724
Fusion-LSTM with derivatives,2,51,11,0.1448701124622428,0.856492779937776
Fusion-LSTM with derivatives,2,51,12,0.14331275940231983,0.8510305723044659
Fusion-LSTM with derivatives,2,51,13,0.14043550088429582,0.9031528818388882
Fusion-LSTM with derivatives,2,51,14,0.13298079248865083,0.8262602307383156
Fusion-LSTM with derivatives,2,51,15,0.12064912337423878,0.9032276454934806
Fusion-LSTM with derivatives,2,51,16,0.11706979793543536,0.9474001507582566
Fusion-LSTM with derivatives,2,51,17,0.10488548002669464,0.9891831949036407
Fusion-LSTM with derivatives,2,51,18,0.11470763764408287,0.9685001374794608
Fusion-LSTM with derivatives,2,51,19,0.10822918411800586,1.0130681539337567
Fusion-LSTM with derivatives,2,51,20,0.1020073652282212,0.9571834041035008
Fusion-LSTM with derivatives,2,51,21,0.08533085739191243,0.9802189634989175
Fusion-LSTM with derivatives,2,51,22,0.08979061471115592,1.0025075740365967
Fusion-LSTM with derivatives,2,51,23,0.0745275613989756,1.0401810616894462
Fusion-LSTM with derivatives,2,51,24,0.07603100012950395,1.0056181754434148
Fusion-LSTM with derivatives,2,51,25,0.06870172025226079,1.1109514114030559
Fusion-LSTM with derivatives,2,51,26,0.06380299644630985,1.0312716766425507
Fusion-LSTM with derivatives,2,51,27,0.06830934148638224,1.0327244144044696
Fusion-LSTM with derivatives,2,51,28,0.0634495724108363,1.0970410460997957
Fusion-LSTM with derivatives,2,51,29,0.06930177912256799,1.0323162402532247
Fusion-LSTM with derivatives,2,51,30,0.06239038354863051,1.1036334183347687
Fusion-LSTM with derivatives,2,51,31,0.07291501065821708,1.11108375801735
Fusion-LSTM with derivatives,2,51,32,0.06346664302780916,1.2011118247050523
Fusion-LSTM with derivatives,2,51,33,0.0496850368827309,1.174523350070623
Fusion-LSTM with derivatives,2,51,34,0.049443901202651075,1.158748905081151
Fusion-LSTM with derivatives,2,51,35,0.044424960337520226,1.2879013466748326
Fusion-LSTM with derivatives,2,51,36,0.04563909516931443,1.2732712181768286
Fusion-LSTM with derivatives,2,51,37,0.0436291170943844,1.2119555232511354
Fusion-LSTM with derivatives,2,51,38,0.05973578149556097,1.0214483365114801
Fusion-LSTM with derivatives,2,51,39,0.053371007538909665,1.1323555297078465
Fusion-LSTM with derivatives,2,51,40,0.04398650270112036,1.1981631780634625
Fusion-LSTM with derivatives,2,51,41,0.06165493846150759,1.299342623052135
Fusion-LSTM with derivatives,2,51,42,0.0401169906332317,1.3213850240725733
Fusion-LSTM with derivatives,2,51,43,0.03551036830523859,1.3512305509774005
Fusion-LSTM with derivatives,2,51,44,0.043172051857687,1.231160015620082
Fusion-LSTM with derivatives,2,51,45,0.031419436041535874,1.312397720523281
Fusion-LSTM with derivatives,2,51,46,0.03609200503556813,1.372341355545304
Fusion-LSTM with derivatives,2,51,47,0.03851828643953397,1.381148029144737
Fusion-LSTM with derivatives,2,51,48,0.03292220868656567,1.4514910566287877
Fusion-LSTM with derivatives,2,51,49,0.03367749559023349,1.5106519814365387
Fusion-LSTM with derivatives,2,51,50,0.03251685705864524,1.3853397650826977
Fusion-LSTM with derivatives,2,51,51,0.03736951529621024,1.319911920920127
Fusion-LSTM with derivatives,2,51,52,0.03321346252252014,1.403146925589186
Fusion-LSTM with derivatives,2,51,53,0.03304537589162915,1.464819765562236
Fusion-LSTM with derivatives,2,51,54,0.044494783768991075,1.2691091765741642
Fusion-LSTM with derivatives,2,51,55,0.029944457538541698,1.3621039645869932
Fusion-LSTM with derivatives,2,51,56,0.02785748165366986,1.3842969551047846
Fusion-LSTM with derivatives,2,51,57,0.027939958574640805,1.383396320436859
Fusion-LSTM with derivatives,2,51,58,0.0367630395736366,1.309365131920425
Fusion-LSTM with derivatives,2,51,59,0.03902672941493986,1.4098344682275818
Fusion-LSTM with derivatives,2,51,60,0.02913338107117642,1.4843787191291182
Fusion-LSTM with derivatives,3,42,1,1.0211994405186504,0.7617358843985343
Fusion-LSTM with derivatives,3,42,2,0.4523573554619372,0.6431013498166323
Fusion-LSTM with derivatives,3,42,3,0.33851275818325605,0.6195580293297518
Fusion-LSTM with derivatives,3,42,4,0.2839363162579522,0.7626791115326952
Fusion-LSTM with derivatives,3,42,5,0.2456386750353221,0.9727913777908189
Fusion-LSTM with derivatives,3,42,6,0.24821542870560917,0.9860494110569265
Fusion-LSTM with derivatives,3,42,7,0.28810446623268476,0.6367715690245919
Fusion-LSTM with derivatives,3,42,8,0.24416373391900587,0.6588243291687915
Fusion-LSTM with derivatives,3,42,9,0.22927644599559474,0.644679518928068
Fusion-LSTM with derivatives,3,42,10,0.22210556807577472,0.6856418587501694
Fusion-LSTM with derivatives,3,42,11,0.21917205205477705,0.6676137496090535
Fusion-LSTM with derivatives,3,42,12,0.18908764894949187,1.032481731733686
Fusion-LSTM with derivatives,3,42,13,0.19181144680565831,0.8665499113640696
Fusion-LSTM with derivatives,3,42,14,0.18568156950335254,0.6522702354805024
Fusion-LSTM with derivatives,3,42,15,0.173341827217592,0.9247950532901212
Fusion-LSTM with derivatives,3,42,16,0.18673653464069426,0.786857601794057
Fusion-LSTM with derivatives,3,42,17,0.1746660116460425,0.9980094359418381
Fusion-LSTM with derivatives,3,42,18,0.16107500344514847,0.8216524235669922
Fusion-LSTM with derivatives,3,42,19,0.16142970573567195,0.7283888643517684
Fusion-LSTM with derivatives,3,42,20,0.15439551597552242,1.444943675986126
Fusion-LSTM with derivatives,3,42,21,0.148125407575923,1.266329228378192
Fusion-LSTM with derivatives,3,42,22,0.1378996863964068,0.6761093164952297
Fusion-LSTM with derivatives,3,42,23,0.14083672893384547,0.7586347961513251
Fusion-LSTM with derivatives,3,42,24,0.1380148010151831,0.7315382553533938
Fusion-LSTM with derivatives,3,42,25,0.13739090844738192,0.8997199531308759
Fusion-LSTM with derivatives,3,42,26,0.15582298134967673,0.7940369730725478
Fusion-LSTM with derivatives,3,42,27,0.12671605069247224,0.8771627339177162
Fusion-LSTM with derivatives,3,42,28,0.1441085945712317,1.0029599004321628
Fusion-LSTM with derivatives,3,42,29,0.09992011344396376,1.0606834568879888
Fusion-LSTM with derivatives,3,42,30,0.1837400202750476,1.2941430104228686
Fusion-LSTM with derivatives,3,42,31,0.15758907908875644,1.5921733549930766
Fusion-LSTM with derivatives,3,42,32,0.1386899323182733,0.9665018323207551
Fusion-LSTM with derivatives,3,42,33,0.1142509800715184,1.5505233183346954
Fusion-LSTM with derivatives,3,42,34,0.11149545664862026,1.3321682321575452
Fusion-LSTM with derivatives,3,42,35,0.09299960609081141,1.024415493511304
Fusion-LSTM with derivatives,3,42,36,0.08451835459400117,1.2485373457366566
Fusion-LSTM with derivatives,3,42,37,0.0764637092794847,1.1860968930728781
Fusion-LSTM with derivatives,3,42,38,0.07913184941912552,1.136609576751851
Fusion-LSTM with derivatives,3,42,39,0.07629675303702599,1.1421473148733814
Fusion-LSTM with derivatives,3,42,40,0.08847225360367277,1.1898594337126993
Fusion-LSTM with derivatives,3,42,41,0.07202395413025348,1.3146464754075624
Fusion-LSTM with derivatives,3,42,42,0.06609688238447264,1.2376955049092915
Fusion-LSTM with derivatives,3,42,43,0.07344389335937308,1.0436832100715276
Fusion-LSTM with derivatives,3,42,44,0.06560104523332567,1.2819309566693236
Fusion-LSTM with derivatives,3,42,45,0.0772012253643643,1.1189583726461578
Fusion-LSTM with derivatives,3,42,46,0.05842686579021588,1.4694451515404683
Fusion-LSTM with derivatives,3,42,47,0.06540639504380183,1.672752141515164
Fusion-LSTM with derivatives,3,42,48,0.09764735417993062,1.1378038793614826
Fusion-LSTM with derivatives,3,42,49,0.08961678477921253,1.0214203015063543
Fusion-LSTM with derivatives,3,42,50,0.06635179661829538,1.2365809662162133
Fusion-LSTM with derivatives,3,42,51,0.06529556709692019,1.0954306475521383
Fusion-LSTM with derivatives,3,42,52,0.05191652934189419,1.1789979600509632
Fusion-LSTM with derivatives,3,42,53,0.08206993543773616,1.0172301455551223
Fusion-LSTM with derivatives,3,42,54,0.07055768443311392,1.3557328618984803
Fusion-LSTM with derivatives,3,42,55,0.05641340340803796,1.1804398789658237
Fusion-LSTM with derivatives,3,42,56,0.055037653232021796,1.189095363583205
Fusion-LSTM with derivatives,3,42,57,0.049505095972500836,1.2972976175806556
Fusion-LSTM with derivatives,3,42,58,0.04408734920819145,1.321545709385312
Fusion-LSTM with derivatives,3,42,59,0.046915441755182606,1.4328524293202274
Fusion-LSTM with derivatives,3,42,60,0.0434421195839432,1.2975302637560562
Fusion-LSTM with derivatives,3,43,1,1.0386324055333385,0.6541187463316528
Fusion-LSTM with derivatives,3,43,2,0.4287199926804694,0.7026034862240406
Fusion-LSTM with derivatives,3,43,3,0.32055114339524454,0.5754759826500211
Fusion-LSTM with derivatives,3,43,4,0.27629526004149646,0.6029702605566388
Fusion-LSTM with derivatives,3,43,5,0.24687995984409836,0.5946246531774413
Fusion-LSTM with derivatives,3,43,6,0.21587075425215088,0.7276894368340634
Fusion-LSTM with derivatives,3,43,7,0.2196146581583978,0.5680490283596191
Fusion-LSTM with derivatives,3,43,8,0.19336191817081394,0.9636486967404684
Fusion-LSTM with derivatives,3,43,9,0.1993956732435511,0.5737339730532665
Fusion-LSTM with derivatives,3,43,10,0.17130958070944347,0.7399101043022404
Fusion-LSTM with derivatives,3,43,11,0.16768869243174883,1.012617278055325
Fusion-LSTM with derivatives,3,43,12,0.16240337195974242,0.6647074425932746
Fusion-LSTM with derivatives,3,43,13,0.16651351978085274,0.651645936805997
Fusion-LSTM with derivatives,3,43,14,0.16884340617452556,0.6470994437015781
Fusion-LSTM with derivatives,3,43,15,0.1537100228694601,0.6724086226407336
Fusion-LSTM with derivatives,3,43,16,0.14473176910242902,0.711078942196924
Fusion-LSTM with derivatives,3,43,17,0.14420943791303065,0.61942345788019
Fusion-LSTM with derivatives,3,43,18,0.12067933270326084,0.6878695789123231
Fusion-LSTM with derivatives,3,43,19,0.15702790051516408,0.6876236078811642
Fusion-LSTM with derivatives,3,43,20,0.13869068651753463,0.7382763151227804
Fusion-LSTM with derivatives,3,43,21,0.15672155243461378,0.7020759313548885
Fusion-LSTM with derivatives,3,43,22,0.13237901530499122,0.7348240552708288
Fusion-LSTM with derivatives,3,43,23,0.12730354770607905,0.7645731140670037
Fusion-LSTM with derivatives,3,43,24,0.10605293922752872,0.7686827640425984
Fusion-LSTM with derivatives,3,43,25,0.10994438171067733,0.7415287420309814
Fusion-LSTM with derivatives,3,43,26,0.1055758885794322,0.8287496329665934
Fusion-LSTM with derivatives,3,43,27,0.10205676663376459,0.800813856271078
Fusion-LSTM with derivatives,3,43,28,0.08441125614488845,0.7212771812231286
Fusion-LSTM with derivatives,3,43,29,0.08533107433233136,0.6829025830675222
Fusion-LSTM with derivatives,3,43,30,0.09623109589093037,0.7335890126678178
Fusion-LSTM with derivatives,3,43,31,0.09775493642605773,0.850634176369983
Fusion-LSTM with derivatives,3,43,32,0.0786899252585349,0.8065210424629148
Fusion-LSTM with derivatives,3,43,33,0.08328778097001602,0.6963672081254563
Fusion-LSTM with derivatives,3,43,34,0.0722405890538286,0.7099751928504908
Fusion-LSTM with derivatives,3,43,35,0.05999807986560411,0.9095065805209758
Fusion-LSTM with derivatives,3,43,36,0.08904973965434397,0.8218267051741263
Fusion-LSTM with derivatives,3,43,37,0.06612081531725755,0.7924012498973051
Fusion-LSTM with derivatives,3,43,38,0.06584228287829764,0.8522101952469824
Fusion-LSTM with derivatives,3,43,39,0.07428733400209445,0.8473864094172634
Fusion-LSTM with derivatives,3,43,40,0.07280248826660148,1.9531426100173586
Fusion-LSTM with derivatives,3,43,41,0.07486785464900167,1.1363963497572225
Fusion-LSTM with derivatives,3,43,42,0.05278584918502821,1.1606450775634318
Fusion-LSTM with derivatives,3,43,43,0.059830326899111455,1.0627960878223244
Fusion-LSTM with derivatives,3,43,44,0.05964207803853289,1.1209816655585352
Fusion-LSTM with derivatives,3,43,45,0.05047540791213102,1.2747760535036243
Fusion-LSTM with derivatives,3,43,46,0.04684490735560018,1.0219424657789167
Fusion-LSTM with derivatives,3,43,47,0.05472492974832517,1.4805260588975322
Fusion-LSTM with derivatives,3,43,48,0.060100289079608446,1.1804956598851666
Fusion-LSTM with derivatives,3,43,49,0.04833060551252478,1.3279009137451023
Fusion-LSTM with derivatives,3,43,50,0.05014721226710427,1.23392334227417
Fusion-LSTM with derivatives,3,43,51,0.05426477063959892,0.945536745762925
Fusion-LSTM with derivatives,3,43,52,0.04604821658866987,1.2278534782507635
Fusion-LSTM with derivatives,3,43,53,0.05259593083111666,1.0510415980588466
Fusion-LSTM with derivatives,3,43,54,0.045102622831775734,1.1329018749780875
Fusion-LSTM with derivatives,3,43,55,0.04830558561393849,1.07165753054169
Fusion-LSTM with derivatives,3,43,56,0.03862590055901341,1.1532427273393926
Fusion-LSTM with derivatives,3,43,57,0.03776071440878492,1.0939390977270573
Fusion-LSTM with derivatives,3,43,58,0.03570709484615093,1.1836721539669193
Fusion-LSTM with derivatives,3,43,59,0.04575065084439717,1.1929708730187305
Fusion-LSTM with derivatives,3,43,60,0.04211992091094841,1.1812870980433698
Fusion-LSTM with derivatives,3,44,1,1.0814118955478027,0.6330597740549212
Fusion-LSTM with derivatives,3,44,2,0.3923493537698682,0.6216139738414772
Fusion-LSTM with derivatives,3,44,3,0.318072570463933,0.6013684711366329
Fusion-LSTM with derivatives,3,44,4,0.26484304838201506,0.6163875135735646
Fusion-LSTM with derivatives,3,44,5,0.24168215679739594,0.5982083605770295
Fusion-LSTM with derivatives,3,44,6,0.22735461184373323,0.5807444993055092
Fusion-LSTM with derivatives,3,44,7,0.20465276994563025,0.6585387251412094
Fusion-LSTM with derivatives,3,44,8,0.207320959469594,0.7113051126463108
Fusion-LSTM with derivatives,3,44,9,0.20766160108992085,0.6557317080612702
Fusion-LSTM with derivatives,3,44,10,0.17655700917757294,1.2457606858677335
Fusion-LSTM with derivatives,3,44,11,0.16695208606859868,0.648900500852107
Fusion-LSTM with derivatives,3,44,12,0.16135549004821945,0.8224064295084471
Fusion-LSTM with derivatives,3,44,13,0.13922509452219858,0.9865715626150807
Fusion-LSTM with derivatives,3,44,14,0.14418722753404478,1.2650619181072187
Fusion-LSTM with derivatives,3,44,15,0.14643480713032073,0.7078456036137335
Fusion-LSTM with derivatives,3,44,16,0.1454785085052525,0.7520721463537317
Fusion-LSTM with derivatives,3,44,17,0.14178244723491257,0.7296178680483401
Fusion-LSTM with derivatives,3,44,18,0.1214845681044669,0.9769659893942579
Fusion-LSTM with derivatives,3,44,19,0.09984493288425131,0.7684407755888732
Fusion-LSTM with derivatives,3,44,20,0.10314659633494298,0.935105814655122
Fusion-LSTM with derivatives,3,44,21,0.10617839864794085,1.0014324582472787
Fusion-LSTM with derivatives,3,44,22,0.08097128281341325,1.5103335519569225
Fusion-LSTM with derivatives,3,44,23,0.10713732771188111,0.9438053907150993
Fusion-LSTM with derivatives,3,44,24,0.11453896402950976,1.2030296409717396
Fusion-LSTM with derivatives,3,44,25,0.08053734307875145,0.8347657559365347
Fusion-LSTM with derivatives,3,44,26,0.0719328284514242,1.3068080626943577
Fusion-LSTM with derivatives,3,44,27,0.0646109849465185,1.46669818101689
Fusion-LSTM with derivatives,3,44,28,0.07284439004237112,1.673632674153496
Fusion-LSTM with derivatives,3,44,29,0.0716624441642075,1.699770619284432
Fusion-LSTM with derivatives,3,44,30,0.08231816905171864,1.101253971613678
Fusion-LSTM with derivatives,3,44,31,0.08684143732424358,1.5088099045698498
Fusion-LSTM with derivatives,3,44,32,0.08258504285576784,1.9353791982778963
Fusion-LSTM with derivatives,3,44,33,0.06584242309368178,2.0344612758520766
Fusion-LSTM with derivatives,3,44,34,0.0707665192800651,1.7808567785757519
Fusion-LSTM with derivatives,3,44,35,0.07154842666905681,1.5355741785413564
Fusion-LSTM with derivatives,3,44,36,0.06206850209971178,1.5919577463118035
Fusion-LSTM with derivatives,3,44,37,0.05189782665524096,1.2395660117096745
Fusion-LSTM with derivatives,3,44,38,0.05155384001804128,1.2727249368275486
Fusion-LSTM with derivatives,3,44,39,0.056006814786218766,1.4014093360670332
Fusion-LSTM with derivatives,3,44,40,0.04914415640298926,1.3649391393007348
Fusion-LSTM with derivatives,3,44,41,0.05467011075956741,1.7677091099868532
Fusion-LSTM with derivatives,3,44,42,0.05123541741389838,1.63008551532305
Fusion-LSTM with derivatives,3,44,43,0.04461814956056005,1.404620690751563
Fusion-LSTM with derivatives,3,44,44,0.04469778793920914,1.4587828789523312
Fusion-LSTM with derivatives,3,44,45,0.041353500660509586,1.3458695083395802
Fusion-LSTM with derivatives,3,44,46,0.036192427800978255,1.1912272588957094
Fusion-LSTM with derivatives,3,44,47,0.039014559619083136,1.6347765768536482
Fusion-LSTM with derivatives,3,44,48,0.038571946166843084,1.230433538837253
Fusion-LSTM with derivatives,3,44,49,0.055587372499999066,1.2964961031135522
Fusion-LSTM with derivatives,3,44,50,0.05029805262143359,1.3047283269090098
Fusion-LSTM with derivatives,3,44,51,0.038585224528925134,1.287569682709326
Fusion-LSTM with derivatives,3,44,52,0.03393106255737284,1.1085827644656665
Fusion-LSTM with derivatives,3,44,53,0.03869917284959318,1.037455309717379
Fusion-LSTM with derivatives,3,44,54,0.04433905916151075,1.2230224375470504
Fusion-LSTM with derivatives,3,44,55,0.06182230635388079,1.5205685564080562
Fusion-LSTM with derivatives,3,44,56,0.057116923748767603,1.622691302288878
Fusion-LSTM with derivatives,3,44,57,0.05841807208197698,1.4692708423490044
Fusion-LSTM with derivatives,3,44,58,0.04532233793117584,1.1371103659647066
Fusion-LSTM with derivatives,3,44,59,0.03830131701370331,1.3697108959494084
Fusion-LSTM with derivatives,3,44,60,0.07063384088274627,1.0593562334291715
Fusion-LSTM with derivatives,3,45,1,1.076800391287614,0.7615753634670746
Fusion-LSTM with derivatives,3,45,2,0.4108313279824519,0.6463573436941991
Fusion-LSTM with derivatives,3,45,3,0.2960441233823788,1.2921011479145825
Fusion-LSTM with derivatives,3,45,4,0.26947938774339286,1.4071666179712963
Fusion-LSTM with derivatives,3,45,5,0.2839024541210326,1.7882404931561253
Fusion-LSTM with derivatives,3,45,6,0.2627576429271552,0.9531204245625302
Fusion-LSTM with derivatives,3,45,7,0.24018592194110064,0.9568729158842338
Fusion-LSTM with derivatives,3,45,8,0.23077156383327752,1.8095378487115137
Fusion-LSTM with derivatives,3,45,9,0.2255281103131239,1.7950898267063204
Fusion-LSTM with derivatives,3,45,10,0.24030511735081217,1.390913153500677
Fusion-LSTM with derivatives,3,45,11,0.20659986172065092,1.6336023888435505
Fusion-LSTM with derivatives,3,45,12,0.19882983264003506,1.5490648526565585
Fusion-LSTM with derivatives,3,45,13,0.20819941644759035,2.0552263392967247
Fusion-LSTM with derivatives,3,45,14,0.1863726697748225,2.3041158249168276
Fusion-LSTM with derivatives,3,45,15,0.17417255008439406,2.580056505789297
Fusion-LSTM with derivatives,3,45,16,0.2093577616304068,0.6547393265885127
Fusion-LSTM with derivatives,3,45,17,0.1866067421089983,2.1977359945544155
Fusion-LSTM with derivatives,3,45,18,0.20663446004670513,1.240646192893792
Fusion-LSTM with derivatives,3,45,19,0.18894487854195843,0.7037215219728602
Fusion-LSTM with derivatives,3,45,20,0.19887560073554014,0.6705636412092725
Fusion-LSTM with derivatives,3,45,21,0.16412915509273882,1.147225675280489
Fusion-LSTM with derivatives,3,45,22,0.15784430772248392,0.817056688653848
Fusion-LSTM with derivatives,3,45,23,0.14743574710693838,1.8038177796067432
Fusion-LSTM with derivatives,3,45,24,0.1392843751641224,1.9752583405006856
Fusion-LSTM with derivatives,3,45,25,0.1556512408778755,2.186216929642409
Fusion-LSTM with derivatives,3,45,26,0.16097295966899358,1.7587105347862784
Fusion-LSTM with derivatives,3,45,27,0.14009691879312744,1.6952720782729316
Fusion-LSTM with derivatives,3,45,28,0.13141827639505632,1.416734060994984
Fusion-LSTM with derivatives,3,45,29,0.1463058745824598,1.9449110377572119
Fusion-LSTM with derivatives,3,45,30,0.12643796689242312,2.0398665212047926
Fusion-LSTM with derivatives,3,45,31,0.14882613316531484,1.7018179537052878
Fusion-LSTM with derivatives,3,45,32,0.13812384377561213,2.305220116359383
Fusion-LSTM with derivatives,3,45,33,0.14330672809472506,2.7256274883414715
Fusion-LSTM with derivatives,3,45,34,0.12660244413016403,1.9198942755503225
Fusion-LSTM with derivatives,3,45,35,0.15382735025741456,2.5916144936589576
Fusion-LSTM with derivatives,3,45,36,0.13123845979343496,2.37333215941798
Fusion-LSTM with derivatives,3,45,37,0.1525117711856141,0.8406515143327493
Fusion-LSTM with derivatives,3,45,38,0.140359705959985,1.4658331695780065
Fusion-LSTM with derivatives,3,45,39,0.13168598959843317,1.1785600599627826
Fusion-LSTM with derivatives,3,45,40,0.11420308151155097,1.5279988902357389
Fusion-LSTM with derivatives,3,45,41,0.12489950824585894,1.2951169922104422
Fusion-LSTM with derivatives,3,45,42,0.13989962759480773,2.3045104597412065
Fusion-LSTM with derivatives,3,45,43,0.13504755840343438,2.62833280567728
Fusion-LSTM with derivatives,3,45,44,0.17341440745176526,2.629015291761802
Fusion-LSTM with derivatives,3,45,45,0.13152439820249806,0.8569176731244573
Fusion-LSTM with derivatives,3,45,46,0.11869610713322046,1.411410755956198
Fusion-LSTM with derivatives,3,45,47,0.11644746442453577,1.4805540626154006
Fusion-LSTM with derivatives,3,45,48,0.11539386440672277,1.6567021094153263
Fusion-LSTM with derivatives,3,45,49,0.10121314707425756,1.828555015273064
Fusion-LSTM with derivatives,3,45,50,0.11180554150805926,1.5538941289081514
Fusion-LSTM with derivatives,3,45,51,0.10288533382459518,1.8940078477127247
Fusion-LSTM with derivatives,3,45,52,0.09945321243472785,1.9726057268476087
Fusion-LSTM with derivatives,3,45,53,0.09411518195554484,1.156997917801829
Fusion-LSTM with derivatives,3,45,54,0.08837400258800715,2.3472881801348313
Fusion-LSTM with derivatives,3,45,55,0.09356004686553361,1.0147646050158288
Fusion-LSTM with derivatives,3,45,56,0.09004817431855275,1.3328140212742288
Fusion-LSTM with derivatives,3,45,57,0.10233101437896468,1.5261974583381877
Fusion-LSTM with derivatives,3,45,58,0.10116819837201808,2.20161459405967
Fusion-LSTM with derivatives,3,45,59,0.08834954488720596,2.3483555802696654
Fusion-LSTM with derivatives,3,45,60,0.09897735957341092,1.3127996342362098
Fusion-LSTM with derivatives,3,46,1,0.970240716759218,0.5694330527097674
Fusion-LSTM with derivatives,3,46,2,0.38874261244356817,0.5379934443367852
Fusion-LSTM with derivatives,3,46,3,0.3285563344984609,0.607127186012468
Fusion-LSTM with derivatives,3,46,4,0.30337980728630626,1.5638366507784125
Fusion-LSTM with derivatives,3,46,5,0.26468253342565773,1.8686220730250735
Fusion-LSTM with derivatives,3,46,6,0.26128284976752164,0.5926282334002809
Fusion-LSTM with derivatives,3,46,7,0.27372943079526274,0.5738180352207
Fusion-LSTM with derivatives,3,46,8,0.24661275487427317,2.047223185780663
Fusion-LSTM with derivatives,3,46,9,0.21779838371281413,0.7208204399364799
Fusion-LSTM with derivatives,3,46,10,0.2322608435828387,1.434695038655519
Fusion-LSTM with derivatives,3,46,11,0.20943378760772743,0.5659527055122567
Fusion-LSTM with derivatives,3,46,12,0.2246092446339217,0.9897202188988652
Fusion-LSTM with derivatives,3,46,13,0.20297997814178786,0.7290188016631568
Fusion-LSTM with derivatives,3,46,14,0.18729343099052526,0.8733279180226836
Fusion-LSTM with derivatives,3,46,15,0.20476041724876892,0.7725561148403076
Fusion-LSTM with derivatives,3,46,16,0.1998950271066905,0.9116443633970724
Fusion-LSTM with derivatives,3,46,17,0.1884611535509792,2.028871360596121
Fusion-LSTM with derivatives,3,46,18,0.19735983088840403,0.7472183115827212
Fusion-LSTM with derivatives,3,46,19,0.18993141262903127,0.8617901581513306
Fusion-LSTM with derivatives,3,46,20,0.17915151632484902,2.340938561679932
Fusion-LSTM with derivatives,3,46,21,0.17501921929897518,1.363541744383876
Fusion-LSTM with derivatives,3,46,22,0.1817247398206195,1.3541567066149391
Fusion-LSTM with derivatives,3,46,23,0.18295171104986732,1.7467402713666171
Fusion-LSTM with derivatives,3,46,24,0.16937959538231567,2.178160026200912
Fusion-LSTM with derivatives,3,46,25,0.15899839641195965,2.5623890079667233
Fusion-LSTM with derivatives,3,46,26,0.16225291223575672,2.8750137080530203
Fusion-LSTM with derivatives,3,46,27,0.16098024573985956,0.8623645679568345
Fusion-LSTM with derivatives,3,46,28,0.166630812893858,0.7941154908834014
Fusion-LSTM with derivatives,3,46,29,0.1453411369661399,1.0539417608291597
Fusion-LSTM with derivatives,3,46,30,0.11973167687472218,1.0160270698165494
Fusion-LSTM with derivatives,3,46,31,0.14529730130602186,0.8285845647443015
Fusion-LSTM with derivatives,3,46,32,0.11394502971697291,1.0282115501740194
Fusion-LSTM with derivatives,3,46,33,0.1335393264046685,0.9377747555761218
Fusion-LSTM with derivatives,3,46,34,0.09961575165801093,1.3516599931119624
Fusion-LSTM with derivatives,3,46,35,0.11317665168904452,0.9591285553555818
Fusion-LSTM with derivatives,3,46,36,0.09875250890230139,1.0498080708758137
Fusion-LSTM with derivatives,3,46,37,0.08320471814602887,1.1597270036518448
Fusion-LSTM with derivatives,3,46,38,0.07884200336696404,1.190628375881498
Fusion-LSTM with derivatives,3,46,39,0.12122849949638413,2.6494818784655765
Fusion-LSTM with derivatives,3,46,40,0.08599051361823802,1.1239741265273944
Fusion-LSTM with derivatives,3,46,41,0.08408247841470833,1.082134084631562
Fusion-LSTM with derivatives,3,46,42,0.06772493700488308,1.239828381211003
Fusion-LSTM with derivatives,3,46,43,0.0688229141922081,1.0829819721683267
Fusion-LSTM with derivatives,3,46,44,0.08496456258055905,1.4398536544675846
Fusion-LSTM with derivatives,3,46,45,0.07113859332323257,1.2410641805868228
Fusion-LSTM with derivatives,3,46,46,0.06308074596676896,1.2842729956348986
Fusion-LSTM with derivatives,3,46,47,0.06591764640188363,1.2677140549153276
Fusion-LSTM with derivatives,3,46,48,0.06356429684029989,1.2066102700163484
Fusion-LSTM with derivatives,3,46,49,0.06539073424322661,1.251164352165953
Fusion-LSTM with derivatives,3,46,50,0.0590693034767102,1.2685420555794764
Fusion-LSTM with derivatives,3,46,51,0.06484104089484484,1.3555602089851408
Fusion-LSTM with derivatives,3,46,52,0.05432427882498831,1.245695949826913
Fusion-LSTM with derivatives,3,46,53,0.054712411117190295,1.3932495643882632
Fusion-LSTM with derivatives,3,46,54,0.06444771035890513,1.335234677298014
Fusion-LSTM with derivatives,3,46,55,0.07059891946237842,1.2162862644380494
Fusion-LSTM with derivatives,3,46,56,0.06341755492698162,1.3021544662599043
Fusion-LSTM with derivatives,3,46,57,0.07581406106164149,1.0916787204440035
Fusion-LSTM with derivatives,3,46,58,0.06103029518789791,1.1421254774871863
Fusion-LSTM with derivatives,3,46,59,0.06268761269235557,1.5062610213361696
Fusion-LSTM with derivatives,3,46,60,0.05654210336933579,1.4020998368910524
Fusion-LSTM with derivatives,3,47,1,1.0542799571785357,0.6276406499574769
Fusion-LSTM with derivatives,3,47,2,0.35058871904439337,0.5995917502689162
Fusion-LSTM with derivatives,3,47,3,0.29639311522154266,0.575289415488453
Fusion-LSTM with derivatives,3,47,4,0.272300446151958,0.5853624617528616
Fusion-LSTM with derivatives,3,47,5,0.23561036572179297,0.6408941988800056
Fusion-LSTM with derivatives,3,47,6,0.23528981127004375,0.586034303191323
Fusion-LSTM with derivatives,3,47,7,0.21453575708729639,0.5973926928183317
Fusion-LSTM with derivatives,3,47,8,0.20977800714837483,0.7570618241712982
Fusion-LSTM with derivatives,3,47,9,0.20591814697517896,1.1584506985151544
Fusion-LSTM with derivatives,3,47,10,0.202613641326216,0.8095100150918061
Fusion-LSTM with derivatives,3,47,11,0.1831665222251087,0.661095338391308
Fusion-LSTM with derivatives,3,47,12,0.17006714553230468,0.7164005087356647
Fusion-LSTM with derivatives,3,47,13,0.15936692875556488,0.8153903254735395
Fusion-LSTM with derivatives,3,47,14,0.17733843404036415,0.6728776385324307
Fusion-LSTM with derivatives,3,47,15,0.16969207102598036,0.6918852936859151
Fusion-LSTM with derivatives,3,47,16,0.15960542366409886,0.9421885694910146
Fusion-LSTM with derivatives,3,47,17,0.16850140468425343,0.8510266183494771
Fusion-LSTM with derivatives,3,47,18,0.1522407607075727,1.1803385662520207
Fusion-LSTM with derivatives,3,47,19,0.15521081029821973,0.6926088397482906
Fusion-LSTM with derivatives,3,47,20,0.13006648474916907,1.2500468749295242
Fusion-LSTM with derivatives,3,47,21,0.1386060609490773,0.9898956131572744
Fusion-LSTM with derivatives,3,47,22,0.1761655301220191,1.606777605208211
Fusion-LSTM with derivatives,3,47,23,0.1693403642841071,1.5099825904991642
Fusion-LSTM with derivatives,3,47,24,0.1480642690662215,1.9177577141945716
Fusion-LSTM with derivatives,3,47,25,0.12857410503773514,0.7875590022005126
Fusion-LSTM with derivatives,3,47,26,0.12606473749201597,1.4956748620519098
Fusion-LSTM with derivatives,3,47,27,0.1347085517982095,0.8602294748496709
Fusion-LSTM with derivatives,3,47,28,0.11211653907216561,1.808967749355849
Fusion-LSTM with derivatives,3,47,29,0.1102247273247541,2.238870659620507
Fusion-LSTM with derivatives,3,47,30,0.1349771319991063,0.8145330933779791
Fusion-LSTM with derivatives,3,47,31,0.11312588027675582,1.491719008538583
Fusion-LSTM with derivatives,3,47,32,0.10551622387004692,0.9976702357800502
Fusion-LSTM with derivatives,3,47,33,0.09035640956794086,1.3291094548047464
Fusion-LSTM with derivatives,3,47,34,0.09603555111573377,0.8454889740396596
Fusion-LSTM with derivatives,3,47,35,0.09047234041063792,0.9990585219403982
Fusion-LSTM with derivatives,3,47,36,0.07893615149485592,1.3079650594503374
Fusion-LSTM with derivatives,3,47,37,0.07092862892041513,1.2959043184291392
Fusion-LSTM with derivatives,3,47,38,0.09724226632705157,1.8076330379776235
Fusion-LSTM with derivatives,3,47,39,0.0786117820741341,2.317383911749602
Fusion-LSTM with derivatives,3,47,40,0.07809076204850404,1.1865123787297394
Fusion-LSTM with derivatives,3,47,41,0.12390689698563438,1.1425468236739031
Fusion-LSTM with derivatives,3,47,42,0.08646032211430577,1.5046497334255613
Fusion-LSTM with derivatives,3,47,43,0.06313092542715393,1.6777516001487929
Fusion-LSTM with derivatives,3,47,44,0.06328344676039817,2.0723772068943367
Fusion-LSTM with derivatives,3,47,45,0.07835882398262847,1.917542672788322
Fusion-LSTM with derivatives,3,47,46,0.05538884357517921,1.7018307798875953
Fusion-LSTM with derivatives,3,47,47,0.04988917830066943,1.8325486531797446
Fusion-LSTM with derivatives,3,47,48,0.04944355431317554,1.3715008073164232
Fusion-LSTM with derivatives,3,47,49,0.052839982366069745,1.66376179494198
Fusion-LSTM with derivatives,3,47,50,0.05660248798167259,1.173301093483371
Fusion-LSTM with derivatives,3,47,51,0.047019050101712576,1.3612653915331048
Fusion-LSTM with derivatives,3,47,52,0.049223902813922214,1.261144147119807
Fusion-LSTM with derivatives,3,47,53,0.05163015521242531,1.31929117130346
Fusion-LSTM with derivatives,3,47,54,0.07502199001097624,1.3339299455722422
Fusion-LSTM with derivatives,3,47,55,0.05193326288680418,1.6499294814511165
Fusion-LSTM with derivatives,3,47,56,0.057961832358721155,1.2538275904250595
Fusion-LSTM with derivatives,3,47,57,0.053594811237915575,1.4601370519733903
Fusion-LSTM with derivatives,3,47,58,0.10284927481905036,0.9222501869580906
Fusion-LSTM with derivatives,3,47,59,0.076398442598168,0.9865015938690623
Fusion-LSTM with derivatives,3,47,60,0.05697487413552832,0.955571614307365
Fusion-LSTM with derivatives,3,48,1,1.1209124141147742,0.7558048638657704
Fusion-LSTM with derivatives,3,48,2,0.38473448134525834,0.5463016098150417
Fusion-LSTM with derivatives,3,48,3,0.2818913161800177,0.7790074909508103
Fusion-LSTM with derivatives,3,48,4,0.2605664838902903,0.9316597086078716
Fusion-LSTM with derivatives,3,48,5,0.2424093158955512,0.7232881411441467
Fusion-LSTM with derivatives,3,48,6,0.23412645976386667,0.5778819248861237
Fusion-LSTM with derivatives,3,48,7,0.22490180690718717,0.5941469670591615
Fusion-LSTM with derivatives,3,48,8,0.21250804387693742,0.6022952241155336
Fusion-LSTM with derivatives,3,48,9,0.20584464558038507,0.709874787826708
Fusion-LSTM with derivatives,3,48,10,0.1973634715018287,0.6824661073132381
Fusion-LSTM with derivatives,3,48,11,0.18819793373686675,0.8420365755475542
Fusion-LSTM with derivatives,3,48,12,0.17669528148589878,1.2699598443520643
Fusion-LSTM with derivatives,3,48,13,0.17631720562098085,0.9339256324420685
Fusion-LSTM with derivatives,3,48,14,0.17184794697830802,1.1800485810018935
Fusion-LSTM with derivatives,3,48,15,0.173262341395704,1.1288656692647334
Fusion-LSTM with derivatives,3,48,16,0.16956222378150404,1.7046565980781299
Fusion-LSTM with derivatives,3,48,17,0.1746400656229859,0.8323996351012644
Fusion-LSTM with derivatives,3,48,18,0.15890616744938976,1.028355543437244
Fusion-LSTM with derivatives,3,48,19,0.1566037405065805,1.200103468052746
Fusion-LSTM with derivatives,3,48,20,0.15503767499136267,1.2215674673236392
Fusion-LSTM with derivatives,3,48,21,0.1471876108717025,1.3303753481533542
Fusion-LSTM with derivatives,3,48,22,0.15096752035576816,1.2382741236836656
Fusion-LSTM with derivatives,3,48,23,0.1417745126838531,1.1182274013070441
Fusion-LSTM with derivatives,3,48,24,0.12672388331098794,1.379992948044521
Fusion-LSTM with derivatives,3,48,25,0.1309442518501107,1.8339596663131155
Fusion-LSTM with derivatives,3,48,26,0.13315361616079233,1.579691938946582
Fusion-LSTM with derivatives,3,48,27,0.12056636636797624,3.5478916719587095
Fusion-LSTM with derivatives,3,48,28,0.15640581938173245,1.5907388896812182
Fusion-LSTM with derivatives,3,48,29,0.132736929567582,2.970421595799598
Fusion-LSTM with derivatives,3,48,30,0.14752513685574134,1.3260130320580001
Fusion-LSTM with derivatives,3,48,31,0.11969134693207727,2.8563647979960254
Fusion-LSTM with derivatives,3,48,32,0.12901403565950897,1.7638219544035334
Fusion-LSTM with derivatives,3,48,33,0.11127438653226293,1.595619311747561
Fusion-LSTM with derivatives,3,48,34,0.1022702534865326,1.5994922972950045
Fusion-LSTM with derivatives,3,48,35,0.10863426651703108,2.2355285625850128
Fusion-LSTM with derivatives,3,48,36,0.10057662873320988,2.240025553188484
Fusion-LSTM with derivatives,3,48,37,0.10223944774210818,3.464528624616579
Fusion-LSTM with derivatives,3,48,38,0.11089218308983957,3.6657487348940387
Fusion-LSTM with derivatives,3,48,39,0.09537269059762313,1.369638283094645
Fusion-LSTM with derivatives,3,48,40,0.08522602459807405,0.967955274808082
Fusion-LSTM with derivatives,3,48,41,0.08868407984848052,1.0950168638609241
Fusion-LSTM with derivatives,3,48,42,0.07724550655182873,1.3003362206667974
Fusion-LSTM with derivatives,3,48,43,0.08915082594032317,1.314193027824226
Fusion-LSTM with derivatives,3,48,44,0.0697310577291961,1.4554579828707677
Fusion-LSTM with derivatives,3,48,45,0.09063770173242834,1.5508125980445173
Fusion-LSTM with derivatives,3,48,46,0.06591288483151966,2.142168929960493
Fusion-LSTM with derivatives,3,48,47,0.06733482506276402,1.7503661567372597
Fusion-LSTM with derivatives,3,48,48,0.05346158584665268,2.483942881726369
Fusion-LSTM with derivatives,3,48,49,0.056365315340792574,2.8779622608135833
Fusion-LSTM with derivatives,3,48,50,0.06533562905220629,2.1936629076548844
Fusion-LSTM with derivatives,3,48,51,0.059771477801309446,1.865721985947661
Fusion-LSTM with derivatives,3,48,52,0.0568249548067672,2.39829404264751
Fusion-LSTM with derivatives,3,48,53,0.051645486214018745,2.2485425707804083
Fusion-LSTM with derivatives,3,48,54,0.04677860893092662,2.7731970488962636
Fusion-LSTM with derivatives,3,48,55,0.045792379619166344,2.3138434413344107
Fusion-LSTM with derivatives,3,48,56,0.062138393975293055,1.8735004691582806
Fusion-LSTM with derivatives,3,48,57,0.07129069758772805,1.5614307741449065
Fusion-LSTM with derivatives,3,48,58,0.06489345760452091,1.5850105324693695
Fusion-LSTM with derivatives,3,48,59,0.05182147559528994,2.1763694464410626
Fusion-LSTM with derivatives,3,48,60,0.06711294912399912,1.18392020813824
Fusion-LSTM with derivatives,3,49,1,0.9774880953155891,0.6047361849239038
Fusion-LSTM with derivatives,3,49,2,0.36922987532725027,0.6377202373630596
Fusion-LSTM with derivatives,3,49,3,0.31906972742591067,0.5886544896371709
Fusion-LSTM with derivatives,3,49,4,0.2754633500306249,0.8589132170132371
Fusion-LSTM with derivatives,3,49,5,0.2523125320354004,1.2826718987283967
Fusion-LSTM with derivatives,3,49,6,0.23089707392618197,0.7877277953069914
Fusion-LSTM with derivatives,3,49,7,0.2144155231387061,0.898400846517311
Fusion-LSTM with derivatives,3,49,8,0.1964567140701714,1.426949913552972
Fusion-LSTM with derivatives,3,49,9,0.19367099836915846,2.3541760225653396
Fusion-LSTM with derivatives,3,49,10,0.19697821579577363,1.4963776719145305
Fusion-LSTM with derivatives,3,49,11,0.1847831043354962,2.0264565096523777
Fusion-LSTM with derivatives,3,49,12,0.17699419544348977,0.8563100113308905
Fusion-LSTM with derivatives,3,49,13,0.18430069890955536,1.6496377123414345
Fusion-LSTM with derivatives,3,49,14,0.18134121593737274,1.5222034596797056
Fusion-LSTM with derivatives,3,49,15,0.16648910504962325,1.0197886118911348
Fusion-LSTM with derivatives,3,49,16,0.1741992982990174,2.020274275566297
Fusion-LSTM with derivatives,3,49,17,0.1740420457793098,1.6995017292989374
Fusion-LSTM with derivatives,3,49,18,0.16446168521128662,0.9410388349737011
Fusion-LSTM with derivatives,3,49,19,0.17353380278709832,1.5399020069300253
Fusion-LSTM with derivatives,3,49,20,0.17535376053770566,1.92496250682282
Fusion-LSTM with derivatives,3,49,21,0.17457569101170298,1.8385416030009087
Fusion-LSTM with derivatives,3,49,22,0.1578457374820651,2.351011950327415
Fusion-LSTM with derivatives,3,49,23,0.17371814875017613,1.6230863679192602
Fusion-LSTM with derivatives,3,49,24,0.17104440779803998,1.714072427440989
Fusion-LSTM with derivatives,3,49,25,0.16692621502740485,2.0982763167134872
Fusion-LSTM with derivatives,3,49,26,0.16480975937645095,2.7097652814423263
Fusion-LSTM with derivatives,3,49,27,0.15799025846958525,2.1721871459946445
Fusion-LSTM with derivatives,3,49,28,0.1590356203758753,2.3236149088079325
Fusion-LSTM with derivatives,3,49,29,0.16104014902731648,2.38474078007839
Fusion-LSTM with derivatives,3,49,30,0.1533619048327367,2.0704772736353942
Fusion-LSTM with derivatives,3,49,31,0.16526898107397447,3.13995622607647
Fusion-LSTM with derivatives,3,49,32,0.1750275398818178,2.0156480021446757
Fusion-LSTM with derivatives,3,49,33,0.14542901066419547,2.7035966618006086
Fusion-LSTM with derivatives,3,49,34,0.14468191627068416,2.5198307871756063
Fusion-LSTM with derivatives,3,49,35,0.13717310563504514,2.619172836124772
Fusion-LSTM with derivatives,3,49,36,0.13877888662606727,1.3254616870007925
Fusion-LSTM with derivatives,3,49,37,0.1832376041680301,0.7916730696675163
Fusion-LSTM with derivatives,3,49,38,0.16850181450036322,1.4383349833810855
Fusion-LSTM with derivatives,3,49,39,0.14554162439448753,0.9332671832113646
Fusion-LSTM with derivatives,3,49,40,0.1308062699865493,0.9289579653577484
Fusion-LSTM with derivatives,3,49,41,0.13624308278801245,0.9483657714518361
Fusion-LSTM with derivatives,3,49,42,0.11222185684903453,1.1949903261798982
Fusion-LSTM with derivatives,3,49,43,0.11693861088857897,0.9975110325235991
Fusion-LSTM with derivatives,3,49,44,0.10715448098094843,1.1863355141453273
Fusion-LSTM with derivatives,3,49,45,0.11129903944511114,0.9967446632730136
Fusion-LSTM with derivatives,3,49,46,0.11706687532114692,1.0557729262600906
Fusion-LSTM with derivatives,3,49,47,0.09018182690719581,1.1073099321039468
Fusion-LSTM with derivatives,3,49,48,0.10382027845055047,0.8917254423195461
Fusion-LSTM with derivatives,3,49,49,0.08344626242881613,1.3326899534720045
Fusion-LSTM with derivatives,3,49,50,0.0742922463867278,1.3297299922793417
Fusion-LSTM with derivatives,3,49,51,0.0780066245101643,1.2221307638618681
Fusion-LSTM with derivatives,3,49,52,0.09585117944341796,1.7147019808834705
Fusion-LSTM with derivatives,3,49,53,0.07636711859565787,1.4709225161395483
Fusion-LSTM with derivatives,3,49,54,0.06891724183095978,1.155973819832257
Fusion-LSTM with derivatives,3,49,55,0.06164724050682118,2.271285958869277
Fusion-LSTM with derivatives,3,49,56,0.061991883008185464,1.5218603409811136
Fusion-LSTM with derivatives,3,49,57,0.062221680481744424,1.6889273631981958
Fusion-LSTM with derivatives,3,49,58,0.0574189618332397,2.103025719929541
Fusion-LSTM with derivatives,3,49,59,0.06545051903170547,1.4619484912424467
Fusion-LSTM with derivatives,3,49,60,0.06291511509288387,1.8237218948655158
Fusion-LSTM with derivatives,3,50,1,1.0531511125761435,0.7871971505243074
Fusion-LSTM with derivatives,3,50,2,0.41493814271342133,0.6834365321280321
Fusion-LSTM with derivatives,3,50,3,0.2882517278741259,0.6855422752895695
Fusion-LSTM with derivatives,3,50,4,0.2475790835666365,0.7626462010217663
Fusion-LSTM with derivatives,3,50,5,0.2320926373328911,0.7536438825995168
Fusion-LSTM with derivatives,3,50,6,0.21432736047603396,1.4515741027626101
Fusion-LSTM with derivatives,3,50,7,0.2108008212634912,0.7970612009116439
Fusion-LSTM with derivatives,3,50,8,0.19521334889239492,0.9708889824664317
Fusion-LSTM with derivatives,3,50,9,0.1837307742930698,0.8157823808038259
Fusion-LSTM with derivatives,3,50,10,0.18634054621721444,0.8547314370609429
Fusion-LSTM with derivatives,3,50,11,0.1889533295635054,0.7996408455776718
Fusion-LSTM with derivatives,3,50,12,0.17004447641358097,0.9139475428676955
Fusion-LSTM with derivatives,3,50,13,0.17565832327231082,0.9948431605812889
Fusion-LSTM with derivatives,3,50,14,0.17788272880598766,0.7889277068917606
Fusion-LSTM with derivatives,3,50,15,0.15880634948747968,0.86529915640814
Fusion-LSTM with derivatives,3,50,16,0.1535646561088912,1.2169679995290388
Fusion-LSTM with derivatives,3,50,17,0.16845216906347543,0.91074687846989
Fusion-LSTM with derivatives,3,50,18,0.146104326543458,0.875168527853314
Fusion-LSTM with derivatives,3,50,19,0.14078501477518576,0.8522317161318891
Fusion-LSTM with derivatives,3,50,20,0.12857438779695227,1.4925938477618639
Fusion-LSTM with derivatives,3,50,21,0.12694352628002428,1.061638336980118
Fusion-LSTM with derivatives,3,50,22,0.11777538781136912,0.8780295340426313
Fusion-LSTM with derivatives,3,50,23,0.10895329953248924,1.037642358359051
Fusion-LSTM with derivatives,3,50,24,0.13086686444209622,0.8667855372406402
Fusion-LSTM with derivatives,3,50,25,0.13518258265763614,1.3025025458893187
Fusion-LSTM with derivatives,3,50,26,0.13791076190974735,0.8307152665698553
Fusion-LSTM with derivatives,3,50,27,0.1084171539519996,0.8906408830446267
Fusion-LSTM with derivatives,3,50,28,0.09668593032553291,1.153103238225483
Fusion-LSTM with derivatives,3,50,29,0.09404085186461061,1.077889810974243
Fusion-LSTM with derivatives,3,50,30,0.10471642942592183,1.0503691145271625
Fusion-LSTM with derivatives,3,50,31,0.07789798474825053,1.1571118764157564
Fusion-LSTM with derivatives,3,50,32,0.08267724393704616,1.7579279789072413
Fusion-LSTM with derivatives,3,50,33,0.07049535375162504,1.2352300423433695
Fusion-LSTM with derivatives,3,50,34,0.060327374032878,1.2599321288257774
Fusion-LSTM with derivatives,3,50,35,0.10338542850585569,0.9516474047609346
Fusion-LSTM with derivatives,3,50,36,0.08206921382849026,0.9451503536861148
Fusion-LSTM with derivatives,3,50,37,0.07869643302867901,0.9172657237112897
Fusion-LSTM with derivatives,3,50,38,0.07790907744420777,0.954764082871643
Fusion-LSTM with derivatives,3,50,39,0.06303590367055449,1.0205991290181688
Fusion-LSTM with derivatives,3,50,40,0.06553280515352759,1.0373322724889908
Fusion-LSTM with derivatives,3,50,41,0.051443487436536255,1.0965011544541243
Fusion-LSTM with derivatives,3,50,42,0.07510491559845865,1.0334496605415013
Fusion-LSTM with derivatives,3,50,43,0.07173999148818475,1.0438660483737037
Fusion-LSTM with derivatives,3,50,44,0.056454727050509385,1.0841270081339642
Fusion-LSTM with derivatives,3,50,45,0.04982099223665506,1.1074235658600646
Fusion-LSTM with derivatives,3,50,46,0.06538629596568758,1.0140302393515155
Fusion-LSTM with derivatives,3,50,47,0.04770289015036293,1.0217569503831663
Fusion-LSTM with derivatives,3,50,48,0.043068978983327885,1.0794800077360007
Fusion-LSTM with derivatives,3,50,49,0.05083360918470023,1.0782872776987042
Fusion-LSTM with derivatives,3,50,50,0.04457605042201481,1.088129070706556
Fusion-LSTM with derivatives,3,50,51,0.04537810115001253,1.1288658539282326
Fusion-LSTM with derivatives,3,50,52,0.0537492971309099,1.0802334484017495
Fusion-LSTM with derivatives,3,50,53,0.05719045413264988,1.081837707665794
Fusion-LSTM with derivatives,3,50,54,0.036589635206266825,1.1844296794681493
Fusion-LSTM with derivatives,3,50,55,0.041452059825307,1.0477355099527217
Fusion-LSTM with derivatives,3,50,56,0.03496182726123669,1.2033074866624967
Fusion-LSTM with derivatives,3,50,57,0.041168552190521075,1.2407770481358908
Fusion-LSTM with derivatives,3,50,58,0.04411206088735172,1.187231927860208
Fusion-LSTM with derivatives,3,50,59,0.03151061588452387,1.2590565742588986
Fusion-LSTM with derivatives,3,50,60,0.03998302474207834,1.269321873791875
Fusion-LSTM with derivatives,3,51,1,1.0507894947988177,0.7079974079282029
Fusion-LSTM with derivatives,3,51,2,0.4694049656573421,0.5409084654704079
Fusion-LSTM with derivatives,3,51,3,0.31358963709541054,0.5586251182876043
Fusion-LSTM with derivatives,3,51,4,0.26199743724926533,0.7146033479107751
Fusion-LSTM with derivatives,3,51,5,0.24385153959285957,0.6029884980159735
Fusion-LSTM with derivatives,3,51,6,0.23624654548977495,1.5401961668482367
Fusion-LSTM with derivatives,3,51,7,0.22794957711540778,1.1576938924674467
Fusion-LSTM with derivatives,3,51,8,0.21785400608263977,0.6530151096342495
Fusion-LSTM with derivatives,3,51,9,0.2174928066168345,0.6850672961530946
Fusion-LSTM with derivatives,3,51,10,0.20148591616715017,0.7398392161983114
Fusion-LSTM with derivatives,3,51,11,0.18904362057509408,0.8296117245901056
Fusion-LSTM with derivatives,3,51,12,0.21033040129263467,0.7218669241516845
Fusion-LSTM with derivatives,3,51,13,0.20139693936805841,0.7718675250902116
Fusion-LSTM with derivatives,3,51,14,0.19212190966358242,0.7295539206053976
Fusion-LSTM with derivatives,3,51,15,0.18490596507499366,0.7827657055679857
Fusion-LSTM with derivatives,3,51,16,0.18210831630507923,0.7553927173029702
Fusion-LSTM with derivatives,3,51,17,0.1788057136904756,0.8233074615367804
Fusion-LSTM with derivatives,3,51,18,0.1666326000358032,0.8157046221087314
Fusion-LSTM with derivatives,3,51,19,0.1622376116226208,0.8113989344245482
Fusion-LSTM with derivatives,3,51,20,0.15804328658313288,0.9457475548020449
Fusion-LSTM with derivatives,3,51,21,0.15660806105953473,0.8627971106167859
Fusion-LSTM with derivatives,3,51,22,0.15574200803966515,0.8392396614861438
Fusion-LSTM with derivatives,3,51,23,0.15237256718360867,0.9179337449231237
Fusion-LSTM with derivatives,3,51,24,0.18124381157965472,0.7432154819088163
Fusion-LSTM with derivatives,3,51,25,0.16971235919390615,0.8016811368725335
Fusion-LSTM with derivatives,3,51,26,0.14346254277484496,0.8186681345573761
Fusion-LSTM with derivatives,3,51,27,0.12747325621251962,0.9033974032357054
Fusion-LSTM with derivatives,3,51,28,0.11623368489254118,0.9204199188535318
Fusion-LSTM with derivatives,3,51,29,0.115000815845069,1.0205200160824277
Fusion-LSTM with derivatives,3,51,30,0.12301773711446592,0.94385932642084
Fusion-LSTM with derivatives,3,51,31,0.11345051481454015,1.0378403939634748
Fusion-LSTM with derivatives,3,51,32,0.12398785563521884,0.9689686773208203
Fusion-LSTM with derivatives,3,51,33,0.10481598792962206,1.040580715523326
Fusion-LSTM with derivatives,3,51,34,0.1281047281060106,0.9321474638500054
Fusion-LSTM with derivatives,3,51,35,0.09835528323443932,1.007452823018628
Fusion-LSTM with derivatives,3,51,36,0.10296094192687524,1.0457376495659727
Fusion-LSTM with derivatives,3,51,37,0.09566444103187377,1.0474503544516534
Fusion-LSTM with derivatives,3,51,38,0.07990767090977953,1.1716370124611966
Fusion-LSTM with derivatives,3,51,39,0.07523387050760244,1.0823282311110127
Fusion-LSTM with derivatives,3,51,40,0.08058401143423279,1.0550133979233056
Fusion-LSTM with derivatives,3,51,41,0.07315114325108947,1.1751379401772528
Fusion-LSTM with derivatives,3,51,42,0.06893727933407323,1.191638924853107
Fusion-LSTM with derivatives,3,51,43,0.0619662057747922,1.1554803366243713
Fusion-LSTM with derivatives,3,51,44,0.0676090034019903,1.0845206905023608
Fusion-LSTM with derivatives,3,51,45,0.07624351561463948,1.125748916179629
Fusion-LSTM with derivatives,3,51,46,0.0653554745257721,1.2327053437567856
Fusion-LSTM with derivatives,3,51,47,0.05505428867989906,1.1151539317685604
Fusion-LSTM with derivatives,3,51,48,0.05776184185034957,1.2119932371880897
Fusion-LSTM with derivatives,3,51,49,0.053963109596407426,1.2181153286334354
Fusion-LSTM with derivatives,3,51,50,0.05228326823277576,1.2581429388335041
Fusion-LSTM with derivatives,3,51,51,0.054194971425344865,1.1972136951092653
Fusion-LSTM with derivatives,3,51,52,0.05794042319298611,1.2955035676152702
Fusion-LSTM with derivatives,3,51,53,0.05214773720751206,1.286040702057647
Fusion-LSTM with derivatives,3,51,54,0.07670596073116731,1.2791276107887801
Fusion-LSTM with derivatives,3,51,55,0.06441852335920643,1.2313402877882342
Fusion-LSTM with derivatives,3,51,56,0.050613342456246185,1.1502109786624428
Fusion-LSTM with derivatives,3,51,57,0.048621260782558504,1.1509772670500185
Fusion-LSTM with derivatives,3,51,58,0.04059796769624798,1.306130152847813
Fusion-LSTM with derivatives,3,51,59,0.04185236739407689,1.2950287079848584
Fusion-LSTM with derivatives,3,51,60,0.04106530631430994,1.2909436438630961
Fusion-LSTM with derivatives,4,42,1,1.0964954091195245,0.844635853477494
Fusion-LSTM with derivatives,4,42,2,0.47131158183305805,0.5694649015832497
Fusion-LSTM with derivatives,4,42,3,0.35458839065858655,0.617716088297482
Fusion-LSTM with derivatives,4,42,4,0.328384121581544,0.6290974954076783
Fusion-LSTM with derivatives,4,42,5,0.3124459939328566,0.5786619318231346
Fusion-LSTM with derivatives,4,42,6,0.2898724047531523,0.5613972244616324
Fusion-LSTM with derivatives,4,42,7,0.27485382583205265,0.606541234164243
Fusion-LSTM with derivatives,4,42,8,0.2642332773626734,0.5944934853311604
Fusion-LSTM with derivatives,4,42,9,0.2652379440047746,0.6241761594073577
Fusion-LSTM with derivatives,4,42,10,0.2441987674118098,0.8230494050859655
Fusion-LSTM with derivatives,4,42,11,0.2295681276242331,1.2157415443996213
Fusion-LSTM with derivatives,4,42,12,0.23339727327448428,0.6362010339114901
Fusion-LSTM with derivatives,4,42,13,0.19698157079975287,0.7445738649999321
Fusion-LSTM with derivatives,4,42,14,0.2188305849697107,0.7385892644055985
Fusion-LSTM with derivatives,4,42,15,0.19199804331773423,0.8235969101889078
Fusion-LSTM with derivatives,4,42,16,0.18037058149603108,0.7719778342316985
Fusion-LSTM with derivatives,4,42,17,0.1849838722268502,0.7688474273562931
Fusion-LSTM with derivatives,4,42,18,0.1580839155842573,0.7983391065095831
Fusion-LSTM with derivatives,4,42,19,0.15782876171292598,1.0016448737690284
Fusion-LSTM with derivatives,4,42,20,0.18257533983000795,0.854881788598104
Fusion-LSTM with derivatives,4,42,21,0.14667040869940648,0.8523475430452848
Fusion-LSTM with derivatives,4,42,22,0.15377152939350064,0.9201928018758257
Fusion-LSTM with derivatives,4,42,23,0.13886943787609765,0.9579604445435341
Fusion-LSTM with derivatives,4,42,24,0.1168388695881328,0.8985997688228292
Fusion-LSTM with derivatives,4,42,25,0.13330520004107654,1.219994666656202
Fusion-LSTM with derivatives,4,42,26,0.14583024735402791,1.062050350478985
Fusion-LSTM with derivatives,4,42,27,0.11937068602768211,1.0322951484721474
Fusion-LSTM with derivatives,4,42,28,0.11168628445732484,0.9472570033740073
Fusion-LSTM with derivatives,4,42,29,0.1147415804093074,1.043211824051739
Fusion-LSTM with derivatives,4,42,30,0.10160387520682942,1.316923058671834
Fusion-LSTM with derivatives,4,42,31,0.0911313300727536,1.2967038169284537
Fusion-LSTM with derivatives,4,42,32,0.08695025728383196,1.7329860643036585
Fusion-LSTM with derivatives,4,42,33,0.10075425586400943,1.7180348264377572
Fusion-LSTM with derivatives,4,42,34,0.07687609430321019,1.834512818448511
Fusion-LSTM with derivatives,4,42,35,0.07246131554177594,1.4306877911387625
Fusion-LSTM with derivatives,4,42,36,0.07367434043597611,1.908545816446063
Fusion-LSTM with derivatives,4,42,37,0.08440776189280465,1.2378257481728834
Fusion-LSTM with derivatives,4,42,38,0.09726814562868887,1.1332265700543576
Fusion-LSTM with derivatives,4,42,39,0.07326756970761061,1.2618204239576243
Fusion-LSTM with derivatives,4,42,40,0.07065121702266228,1.2823045165268254
Fusion-LSTM with derivatives,4,42,41,0.09102327696290248,1.3102492408073299
Fusion-LSTM with derivatives,4,42,42,0.06975853294147286,1.4161624189161655
Fusion-LSTM with derivatives,4,42,43,0.06258129112960753,1.5196134274438866
Fusion-LSTM with derivatives,4,42,44,0.060442766409969366,1.7420573371386379
Fusion-LSTM with derivatives,4,42,45,0.07616616056768004,1.7053536537261504
Fusion-LSTM with derivatives,4,42,46,0.0626076738446709,1.5773021497097905
Fusion-LSTM with derivatives,4,42,47,0.05054905501916616,1.7665425332290448
Fusion-LSTM with derivatives,4,42,48,0.08266345345288326,1.319053093256503
Fusion-LSTM with derivatives,4,42,49,0.06946156644535131,1.4952971375853885
Fusion-LSTM with derivatives,4,42,50,0.06302046234572889,1.6655460849747967
Fusion-LSTM with derivatives,4,42,51,0.05201554042336465,1.7645814046419892
Fusion-LSTM with derivatives,4,42,52,0.04572117465384562,1.7155524565285731
Fusion-LSTM with derivatives,4,42,53,0.05155101178993452,1.6646360767306272
Fusion-LSTM with derivatives,4,42,54,0.04802857086998354,1.6529002990495547
Fusion-LSTM with derivatives,4,42,55,0.04268600898232881,1.8320144704275567
Fusion-LSTM with derivatives,4,42,56,0.0466614733188858,1.88232102205067
Fusion-LSTM with derivatives,4,42,57,0.05115329270726287,1.7860361067441524
Fusion-LSTM with derivatives,4,42,58,0.06788024207446974,1.446091956540989
Fusion-LSTM with derivatives,4,42,59,0.04369876219187097,1.909007519712004
Fusion-LSTM with derivatives,4,42,60,0.04500683766166005,1.5495827917157978
Fusion-LSTM with derivatives,4,43,1,1.0673151053251644,0.6807040393477466
Fusion-LSTM with derivatives,4,43,2,0.4356030648076038,0.5377837931834927
Fusion-LSTM with derivatives,4,43,3,0.32714276853883106,0.5239914668805944
Fusion-LSTM with derivatives,4,43,4,0.30364476401955626,1.2300914376036927
Fusion-LSTM with derivatives,4,43,5,0.3259310778927113,0.5288346074912034
Fusion-LSTM with derivatives,4,43,6,0.2573265295972602,0.6407930716965933
Fusion-LSTM with derivatives,4,43,7,0.2536231582444069,0.6525249335625887
Fusion-LSTM with derivatives,4,43,8,0.22089729221483814,0.6106910898000689
Fusion-LSTM with derivatives,4,43,9,0.20939024632971473,0.9690476659864999
Fusion-LSTM with derivatives,4,43,10,0.20692267378788223,0.7611359858444152
Fusion-LSTM with derivatives,4,43,11,0.18762296436113965,0.6347344976613607
Fusion-LSTM with derivatives,4,43,12,0.17629734880501902,0.6409749247961574
Fusion-LSTM with derivatives,4,43,13,0.16148607783024801,0.6315981279472885
Fusion-LSTM with derivatives,4,43,14,0.15328460300292612,0.6518492977480469
Fusion-LSTM with derivatives,4,43,15,0.14860774027729168,0.6876613652056368
Fusion-LSTM with derivatives,4,43,16,0.16107941062919842,0.6651614632933894
Fusion-LSTM with derivatives,4,43,17,0.1580191513519516,0.7644942187132076
Fusion-LSTM with derivatives,4,43,18,0.13278529283787133,0.6918658391890786
Fusion-LSTM with derivatives,4,43,19,0.14990153864562386,0.670385836086683
Fusion-LSTM with derivatives,4,43,20,0.13194441480789498,0.7524056613007931
Fusion-LSTM with derivatives,4,43,21,0.12381360144863772,0.7029557681527278
Fusion-LSTM with derivatives,4,43,22,0.12025286904000529,0.6535225105110705
Fusion-LSTM with derivatives,4,43,23,0.13625822695275808,0.6051207655255899
Fusion-LSTM with derivatives,4,43,24,0.12372181101340009,0.7559970356836384
Fusion-LSTM with derivatives,4,43,25,0.107502965636462,0.6634269155233911
Fusion-LSTM with derivatives,4,43,26,0.11249757150349772,0.7148452983462336
Fusion-LSTM with derivatives,4,43,27,0.10690704786633427,0.7715837177615495
Fusion-LSTM with derivatives,4,43,28,0.09322142834862564,0.8795398416259254
Fusion-LSTM with derivatives,4,43,29,0.09779467731819409,0.6933613855946239
Fusion-LSTM with derivatives,4,43,30,0.11331897629615532,0.6935386009967303
Fusion-LSTM with derivatives,4,43,31,0.08780742080681073,0.923595333811622
Fusion-LSTM with derivatives,4,43,32,0.09232544181270337,0.8497332045867009
Fusion-LSTM with derivatives,4,43,33,0.0846693017644888,0.8562287342631154
Fusion-LSTM with derivatives,4,43,34,0.08028156461224391,0.9516189237060787
Fusion-LSTM with derivatives,4,43,35,0.1028536712841493,0.7687320318033986
Fusion-LSTM with derivatives,4,43,36,0.08147512438352796,0.8546227587297153
Fusion-LSTM with derivatives,4,43,37,0.08837454860547561,0.8405531377881078
Fusion-LSTM with derivatives,4,43,38,0.0850900935565155,0.772392299955621
Fusion-LSTM with derivatives,4,43,39,0.07068114613637003,0.8816905317347754
Fusion-LSTM with derivatives,4,43,40,0.07741334219446738,1.0170510021708046
Fusion-LSTM with derivatives,4,43,41,0.08111165250909838,0.8166452677494824
Fusion-LSTM with derivatives,4,43,42,0.0753057097218242,0.9802191487085894
Fusion-LSTM with derivatives,4,43,43,0.06387375522570536,0.913370929752131
Fusion-LSTM with derivatives,4,43,44,0.0627767944743958,1.0023191303826977
Fusion-LSTM with derivatives,4,43,45,0.07465731019210714,0.9770347791757099
Fusion-LSTM with derivatives,4,43,46,0.053016579522630995,1.043192251189075
Fusion-LSTM with derivatives,4,43,47,0.06217091477981485,1.2344252829531703
Fusion-LSTM with derivatives,4,43,48,0.07411613015375175,0.8362282786588624
Fusion-LSTM with derivatives,4,43,49,0.08457931182587135,0.913442493016115
Fusion-LSTM with derivatives,4,43,50,0.06390103211346422,1.036034765772412
Fusion-LSTM with derivatives,4,43,51,0.05362515957025718,1.0396601613376688
Fusion-LSTM with derivatives,4,43,52,0.05475682626697238,1.294307566054587
Fusion-LSTM with derivatives,4,43,53,0.05390767917173718,1.0504042617586173
Fusion-LSTM with derivatives,4,43,54,0.044893688241633714,1.373382782657285
Fusion-LSTM with derivatives,4,43,55,0.04683002389983216,1.0892987376707655
Fusion-LSTM with derivatives,4,43,56,0.04215536814974325,1.1064706403211508
Fusion-LSTM with derivatives,4,43,57,0.039557815699633694,1.2026638526086788
Fusion-LSTM with derivatives,4,43,58,0.03549698806757563,1.3308082539002475
Fusion-LSTM with derivatives,4,43,59,0.038404903685491355,1.1715048364650622
Fusion-LSTM with derivatives,4,43,60,0.04733385674236605,1.2123515600850123
Fusion-LSTM with derivatives,4,44,1,1.131175566072942,0.6467586698272193
Fusion-LSTM with derivatives,4,44,2,0.4308956371030087,0.5859372104738744
Fusion-LSTM with derivatives,4,44,3,0.3206088171092742,0.5449065987169118
Fusion-LSTM with derivatives,4,44,4,0.2930955579353203,0.6404232305925597
Fusion-LSTM with derivatives,4,44,5,0.2898400222636817,0.6056321172094445
Fusion-LSTM with derivatives,4,44,6,0.2673129083072121,0.5552716939954138
Fusion-LSTM with derivatives,4,44,7,0.2505580882108708,0.593324552854402
Fusion-LSTM with derivatives,4,44,8,0.25045547190062495,0.6453582051227678
Fusion-LSTM with derivatives,4,44,9,0.23806218414888805,0.690345158085883
Fusion-LSTM with derivatives,4,44,10,0.2187621124146602,0.7248117696158041
Fusion-LSTM with derivatives,4,44,11,0.2190328880713368,0.7424720303629929
Fusion-LSTM with derivatives,4,44,12,0.20662161688949326,0.7778571635344118
Fusion-LSTM with derivatives,4,44,13,0.19924677538257632,0.7987856988949346
Fusion-LSTM with derivatives,4,44,14,0.19114630229261112,0.7980476754953776
Fusion-LSTM with derivatives,4,44,15,0.18649220217384752,0.750088142359969
Fusion-LSTM with derivatives,4,44,16,0.1802734043882948,0.7916930040707754
Fusion-LSTM with derivatives,4,44,17,0.16605758187462935,0.8207800465965921
Fusion-LSTM with derivatives,4,44,18,0.15845941634942043,0.9092446793284681
Fusion-LSTM with derivatives,4,44,19,0.15876140056904892,0.9000319038484581
Fusion-LSTM with derivatives,4,44,20,0.15819611417717216,1.0450374726010818
Fusion-LSTM with derivatives,4,44,21,0.14928000451748483,0.9310031887885785
Fusion-LSTM with derivatives,4,44,22,0.14698524984492325,0.9859490319149299
Fusion-LSTM with derivatives,4,44,23,0.12970997813770951,1.0143299217275354
Fusion-LSTM with derivatives,4,44,24,0.1338013560105649,0.9229823714883635
Fusion-LSTM with derivatives,4,44,25,0.13166826674760693,0.9666384280907221
Fusion-LSTM with derivatives,4,44,26,0.1310390276898779,1.0268034180411503
Fusion-LSTM with derivatives,4,44,27,0.11636247603129399,0.9899043984305059
Fusion-LSTM with derivatives,4,44,28,0.11890358281707629,1.0088257857557363
Fusion-LSTM with derivatives,4,44,29,0.1151060948572953,1.007890082776656
Fusion-LSTM with derivatives,4,44,30,0.14468944138448342,0.8821169256625123
Fusion-LSTM with derivatives,4,44,31,0.1217139510092133,0.9954389218295645
Fusion-LSTM with derivatives,4,44,32,0.1348454053411832,0.9449803549757294
Fusion-LSTM with derivatives,4,44,33,0.10989724382516272,1.000453728727559
Fusion-LSTM with derivatives,4,44,34,0.09803034655681443,0.9714103943318816
Fusion-LSTM with derivatives,4,44,35,0.10615617046020952,1.0648401139803871
Fusion-LSTM with derivatives,4,44,36,0.08188415710974009,1.1072520162925843
Fusion-LSTM with derivatives,4,44,37,0.07783650708349978,1.1670613263106946
Fusion-LSTM with derivatives,4,44,38,0.08219631967425935,1.2534513299156222
Fusion-LSTM with derivatives,4,44,39,0.06296683780996204,1.3530652680369855
Fusion-LSTM with derivatives,4,44,40,0.06396538926710439,1.4707414087325927
Fusion-LSTM with derivatives,4,44,41,0.08842000152439868,1.328531060148171
Fusion-LSTM with derivatives,4,44,42,0.08219152419507798,1.1153125071456846
Fusion-LSTM with derivatives,4,44,43,0.08194683978022534,1.0973727528154225
Fusion-LSTM with derivatives,4,44,44,0.05782513897642546,1.3278250678616188
Fusion-LSTM with derivatives,4,44,45,0.05334378475022299,1.1868666361048974
Fusion-LSTM with derivatives,4,44,46,0.05350745883185335,1.3494201808771513
Fusion-LSTM with derivatives,4,44,47,0.04960546817238809,1.3846630563527986
Fusion-LSTM with derivatives,4,44,48,0.05113552085892281,1.1701218869456087
Fusion-LSTM with derivatives,4,44,49,0.05675606854948765,1.1835580389537659
Fusion-LSTM with derivatives,4,44,50,0.04690734868055511,1.1803347979236856
Fusion-LSTM with derivatives,4,44,51,0.10021892802453952,0.997837383108725
Fusion-LSTM with derivatives,4,44,52,0.09928017979567962,0.9490246789730534
Fusion-LSTM with derivatives,4,44,53,0.12062015005859929,1.1196355305317267
Fusion-LSTM with derivatives,4,44,54,0.07542532166083597,1.3687540601306367
Fusion-LSTM with derivatives,4,44,55,0.0695113409637561,1.0518965630516786
Fusion-LSTM with derivatives,4,44,56,0.04858796027947109,1.1555365790462657
Fusion-LSTM with derivatives,4,44,57,0.04542988981991144,1.1468881103366348
Fusion-LSTM with derivatives,4,44,58,0.041839554125736235,1.256620444412064
Fusion-LSTM with derivatives,4,44,59,0.05043748793131084,1.1002668695518478
Fusion-LSTM with derivatives,4,44,60,0.0447671118835822,1.104438739256207
Fusion-LSTM with derivatives,4,45,1,1.1241340581261952,0.7465289953619679
Fusion-LSTM with derivatives,4,45,2,0.4446300757587503,0.5917923055604819
Fusion-LSTM with derivatives,4,45,3,0.3330525810039624,0.5749446727819663
Fusion-LSTM with derivatives,4,45,4,0.31460560046415054,0.5256215786908908
Fusion-LSTM with derivatives,4,45,5,0.30089295850560627,0.5307125704718336
Fusion-LSTM with derivatives,4,45,6,0.27982490637517765,0.567365080180658
Fusion-LSTM with derivatives,4,45,7,0.26753057510018263,0.8707080125433844
Fusion-LSTM with derivatives,4,45,8,0.25293272667437605,0.5606917262827076
Fusion-LSTM with derivatives,4,45,9,0.23119299224168377,0.6693128369420579
Fusion-LSTM with derivatives,4,45,10,0.21281758091697073,0.7639400411233213
Fusion-LSTM with derivatives,4,45,11,0.20564011734139356,0.8849710867090045
Fusion-LSTM with derivatives,4,45,12,0.19794123275396094,0.7303179975450663
Fusion-LSTM with derivatives,4,45,13,0.22100586277461,0.742710082379777
Fusion-LSTM with derivatives,4,45,14,0.21999725736230716,0.8037074525573094
Fusion-LSTM with derivatives,4,45,15,0.17904145888400566,0.8515838888128223
Fusion-LSTM with derivatives,4,45,16,0.17405606434932247,0.9140889176657615
Fusion-LSTM with derivatives,4,45,17,0.16663742748969193,1.159298309576024
Fusion-LSTM with derivatives,4,45,18,0.1934687235223717,0.8684732586036064
Fusion-LSTM with derivatives,4,45,19,0.17403036180355216,0.837327784228
Fusion-LSTM with derivatives,4,45,20,0.163632320848753,0.8226828480479103
Fusion-LSTM with derivatives,4,45,21,0.1565157613265489,0.8269808946540521
Fusion-LSTM with derivatives,4,45,22,0.1372690445092167,0.9465795751012847
Fusion-LSTM with derivatives,4,45,23,0.13606857517359539,1.0339779705824468
Fusion-LSTM with derivatives,4,45,24,0.13130843975359735,0.9218031047243992
Fusion-LSTM with derivatives,4,45,25,0.14253743567576943,0.9658205391725904
Fusion-LSTM with derivatives,4,45,26,0.10966912581767406,1.1722007735829558
Fusion-LSTM with derivatives,4,45,27,0.09763458454238755,1.3550951680172414
Fusion-LSTM with derivatives,4,45,28,0.1057608582805014,1.1923633807688265
Fusion-LSTM with derivatives,4,45,29,0.09393748009528757,1.2930541884044744
Fusion-LSTM with derivatives,4,45,30,0.10129793136575815,1.1938665693535995
Fusion-LSTM with derivatives,4,45,31,0.08840650854265514,1.1743131298845169
Fusion-LSTM with derivatives,4,45,32,0.08689087453832614,1.2360123244799532
Fusion-LSTM with derivatives,4,45,33,0.08717230334549343,1.3580697610802495
Fusion-LSTM with derivatives,4,45,34,0.07912432399743362,1.2418647031739074
Fusion-LSTM with derivatives,4,45,35,0.08641304924161336,1.158631305575402
Fusion-LSTM with derivatives,4,45,36,0.07430308223317522,1.41408431472206
Fusion-LSTM with derivatives,4,45,37,0.08116430172469301,1.294738139230875
Fusion-LSTM with derivatives,4,45,38,0.0659514087329217,1.3070702494534057
Fusion-LSTM with derivatives,4,45,39,0.07825028368790457,1.2855447000536904
Fusion-LSTM with derivatives,4,45,40,0.06307666343633525,1.210919443955274
Fusion-LSTM with derivatives,4,45,41,0.06557458246898382,1.2010690353779547
Fusion-LSTM with derivatives,4,45,42,0.0897825362716835,1.3258986682933707
Fusion-LSTM with derivatives,4,45,43,0.07891073982292443,1.2640914109377366
Fusion-LSTM with derivatives,4,45,44,0.06300318178335625,1.4154855466254477
Fusion-LSTM with derivatives,4,45,45,0.05563045430589328,1.4945358727166362
Fusion-LSTM with derivatives,4,45,46,0.08539800909291966,1.2927888785869632
Fusion-LSTM with derivatives,4,45,47,0.061986714727708635,1.4249396464734707
Fusion-LSTM with derivatives,4,45,48,0.05281402066484062,1.4394886893702503
Fusion-LSTM with derivatives,4,45,49,0.05011126469497371,1.3944316181028165
Fusion-LSTM with derivatives,4,45,50,0.07442185839791911,1.4330267550802518
Fusion-LSTM with derivatives,4,45,51,0.060316697207339315,1.494512576797286
Fusion-LSTM with derivatives,4,45,52,0.05810291350581903,1.4667843562478602
Fusion-LSTM with derivatives,4,45,53,0.05217514940933998,1.3820160853772168
Fusion-LSTM with derivatives,4,45,54,0.07119313494454158,1.2785913435668066
Fusion-LSTM with derivatives,4,45,55,0.057127701369657766,1.0879583378015887
Fusion-LSTM with derivatives,4,45,56,0.05824518974031793,1.151070257957314
Fusion-LSTM with derivatives,4,45,57,0.0428829126235166,1.3227833321462512
Fusion-LSTM with derivatives,4,45,58,0.053949723513133103,1.303388383411324
Fusion-LSTM with derivatives,4,45,59,0.0460625775273424,1.2598129944383818
Fusion-LSTM with derivatives,4,45,60,0.051121512384547596,1.367944669056551
Fusion-LSTM with derivatives,4,46,1,1.0608660570314927,0.638290617450978
Fusion-LSTM with derivatives,4,46,2,0.40632537008383446,0.5150570361494268
Fusion-LSTM with derivatives,4,46,3,0.3111431066028316,0.5305266218490321
Fusion-LSTM with derivatives,4,46,4,0.3040084078245459,0.5362539510057157
Fusion-LSTM with derivatives,4,46,5,0.3017897472973852,0.49369920037327575
Fusion-LSTM with derivatives,4,46,6,0.2843970394073529,0.5221011878559424
Fusion-LSTM with derivatives,4,46,7,0.27113470223245273,0.5270104119612736
Fusion-LSTM with derivatives,4,46,8,0.26498840403287616,0.526874550983341
Fusion-LSTM with derivatives,4,46,9,0.2511832862356303,0.5662406749820309
Fusion-LSTM with derivatives,4,46,10,0.23767599675360077,0.5766747286484676
Fusion-LSTM with derivatives,4,46,11,0.21072539742891436,0.6333688481455079
Fusion-LSTM with derivatives,4,46,12,0.20210733889860424,0.652875592842292
Fusion-LSTM with derivatives,4,46,13,0.19414652846674726,0.6869376536450921
Fusion-LSTM with derivatives,4,46,14,0.1825734649429291,0.7528068145475423
Fusion-LSTM with derivatives,4,46,15,0.17235838286394625,0.8015819054557717
Fusion-LSTM with derivatives,4,46,16,0.16849630951208386,0.701909723349962
Fusion-LSTM with derivatives,4,46,17,0.1705323145287762,0.735411146503387
Fusion-LSTM with derivatives,4,46,18,0.1703051369618848,0.8058039129280195
Fusion-LSTM with derivatives,4,46,19,0.1583205959854954,0.9373368305823838
Fusion-LSTM with derivatives,4,46,20,0.15922604278439817,0.8010361573543688
Fusion-LSTM with derivatives,4,46,21,0.15593488067888045,0.8227478922334982
Fusion-LSTM with derivatives,4,46,22,0.15187572132094107,0.8771941714414417
Fusion-LSTM with derivatives,4,46,23,0.15915843417464468,0.8844070625247383
Fusion-LSTM with derivatives,4,46,24,0.1572492423723008,0.9604903268208044
Fusion-LSTM with derivatives,4,46,25,0.15176863040861818,1.1256909495984952
Fusion-LSTM with derivatives,4,46,26,0.14262326414011361,1.0369124250843793
Fusion-LSTM with derivatives,4,46,27,0.13576035020674462,0.957656442211156
Fusion-LSTM with derivatives,4,46,28,0.13590711614954362,0.9689800374832716
Fusion-LSTM with derivatives,4,46,29,0.13073403731083147,0.9994540593378926
Fusion-LSTM with derivatives,4,46,30,0.12999434275953553,1.1663597824088097
Fusion-LSTM with derivatives,4,46,31,0.12917925504180186,0.9776524746096429
Fusion-LSTM with derivatives,4,46,32,0.12997454128260333,1.0493673619333912
Fusion-LSTM with derivatives,4,46,33,0.10955950497645009,1.0481526730240438
Fusion-LSTM with derivatives,4,46,34,0.1276249467916445,1.0761890891723167
Fusion-LSTM with derivatives,4,46,35,0.10282915166527264,1.0983435642201185
Fusion-LSTM with derivatives,4,46,36,0.12154074364467331,1.06864090928802
Fusion-LSTM with derivatives,4,46,37,0.1379823535312711,0.849485703125065
Fusion-LSTM with derivatives,4,46,38,0.12898101725457164,1.3075450885243103
Fusion-LSTM with derivatives,4,46,39,0.1273670855885925,1.0406779851065215
Fusion-LSTM with derivatives,4,46,40,0.10946195088353221,1.058710155104613
Fusion-LSTM with derivatives,4,46,41,0.10959527624709217,1.0658335878042235
Fusion-LSTM with derivatives,4,46,42,0.10775925998294025,1.074402741405701
Fusion-LSTM with derivatives,4,46,43,0.09920316154298937,0.9003897699819335
Fusion-LSTM with derivatives,4,46,44,0.09650491840543256,0.9514254866205976
Fusion-LSTM with derivatives,4,46,45,0.0888004859589992,1.0493833443183604
Fusion-LSTM with derivatives,4,46,46,0.10060878838353311,0.9442821066290632
Fusion-LSTM with derivatives,4,46,47,0.08701424064323696,1.03251228689712
Fusion-LSTM with derivatives,4,46,48,0.07756852818654301,0.8745574845192442
Fusion-LSTM with derivatives,4,46,49,0.08638950965735974,1.1107978953494724
Fusion-LSTM with derivatives,4,46,50,0.09092466865949485,0.7795424317879811
Fusion-LSTM with derivatives,4,46,51,0.07796386341500604,0.7559841910942869
Fusion-LSTM with derivatives,4,46,52,0.07698018017081029,0.8058071504392177
Fusion-LSTM with derivatives,4,46,53,0.06947806056644097,0.8882522720121632
Fusion-LSTM with derivatives,4,46,54,0.056677962208380984,1.036151377470291
Fusion-LSTM with derivatives,4,46,55,0.06630169318731935,1.0522828638762045
Fusion-LSTM with derivatives,4,46,56,0.060267380915250926,1.0466735105908114
Fusion-LSTM with derivatives,4,46,57,0.060033943643431974,1.1204701211319092
Fusion-LSTM with derivatives,4,46,58,0.07265574435112589,1.1302106949925155
Fusion-LSTM with derivatives,4,46,59,0.06565207139547485,1.028055314720702
Fusion-LSTM with derivatives,4,46,60,0.06358572071642946,0.8766968343888318
Fusion-LSTM with derivatives,4,47,1,1.101598274144137,0.721459681382969
Fusion-LSTM with derivatives,4,47,2,0.3895817315317664,0.567316214618443
Fusion-LSTM with derivatives,4,47,3,0.3162989538943759,0.5715522719254283
Fusion-LSTM with derivatives,4,47,4,0.2742061390105737,0.6682842696237864
Fusion-LSTM with derivatives,4,47,5,0.26485924383831766,0.5797853199940808
Fusion-LSTM with derivatives,4,47,6,0.26539175835981615,0.7390587889673325
Fusion-LSTM with derivatives,4,47,7,0.2575580451240528,0.7959880305286223
Fusion-LSTM with derivatives,4,47,8,0.24701091672386513,0.7121351138225891
Fusion-LSTM with derivatives,4,47,9,0.2168601654264905,0.7072685719536036
Fusion-LSTM with derivatives,4,47,10,0.21447776911034916,0.6296721475054383
Fusion-LSTM with derivatives,4,47,11,0.1970565192843081,1.08027023876738
Fusion-LSTM with derivatives,4,47,12,0.18736945712070022,0.6778901083476888
Fusion-LSTM with derivatives,4,47,13,0.1747793112326106,0.703358887813876
Fusion-LSTM with derivatives,4,47,14,0.1758131426913518,0.7352707216074882
Fusion-LSTM with derivatives,4,47,15,0.16494360753323886,0.7540846082461955
Fusion-LSTM with derivatives,4,47,16,0.16543995165749176,0.7970287635672517
Fusion-LSTM with derivatives,4,47,17,0.14601196042651768,0.8204129870114086
Fusion-LSTM with derivatives,4,47,18,0.1578289104879281,0.8748248785468642
Fusion-LSTM with derivatives,4,47,19,0.14994130614847892,0.8153979820306696
Fusion-LSTM with derivatives,4,47,20,0.15043821020200376,0.8393516032107221
Fusion-LSTM with derivatives,4,47,21,0.15247099077619544,0.7738305537080865
Fusion-LSTM with derivatives,4,47,22,0.15146348374615107,0.8278226569076255
Fusion-LSTM with derivatives,4,47,23,0.14318620325733258,0.985225326250809
Fusion-LSTM with derivatives,4,47,24,0.13813976245362447,0.843003954480654
Fusion-LSTM with derivatives,4,47,25,0.1282256872997203,0.915582633844774
Fusion-LSTM with derivatives,4,47,26,0.11676200567603363,0.8622714461567392
Fusion-LSTM with derivatives,4,47,27,0.12418110189129958,0.9276624457047671
Fusion-LSTM with derivatives,4,47,28,0.13450589254445902,0.8748563727445947
Fusion-LSTM with derivatives,4,47,29,0.12963755718868122,1.715941678014129
Fusion-LSTM with derivatives,4,47,30,0.11273345738733496,0.9239366360992756
Fusion-LSTM with derivatives,4,47,31,0.12282880128018858,0.8314098899781829
Fusion-LSTM with derivatives,4,47,32,0.11269945939956792,1.0562300794998054
Fusion-LSTM with derivatives,4,47,33,0.1105954871843546,0.9609297240656689
Fusion-LSTM with derivatives,4,47,34,0.11434847618083173,1.3232772051975663
Fusion-LSTM with derivatives,4,47,35,0.10246904059750309,0.8922998739144837
Fusion-LSTM with derivatives,4,47,36,0.11884732293089932,1.0496163561127971
Fusion-LSTM with derivatives,4,47,37,0.12617677265624389,0.9009803404223244
Fusion-LSTM with derivatives,4,47,38,0.11344476118841555,0.9877855060797818
Fusion-LSTM with derivatives,4,47,39,0.0981817972874591,1.377561716038726
Fusion-LSTM with derivatives,4,47,40,0.08949997701439626,1.0986775625301857
Fusion-LSTM with derivatives,4,47,41,0.08599263385868905,1.0725457583255362
Fusion-LSTM with derivatives,4,47,42,0.08261209238654472,1.1188268781497106
Fusion-LSTM with derivatives,4,47,43,0.08805841394688936,1.0664386300826973
Fusion-LSTM with derivatives,4,47,44,0.0752419842237537,1.0000674935600542
Fusion-LSTM with derivatives,4,47,45,0.10056249333588944,0.9482755563465929
Fusion-LSTM with derivatives,4,47,46,0.07972931065060981,0.9083895311774822
Fusion-LSTM with derivatives,4,47,47,0.07122340089337205,0.9151593311074769
Fusion-LSTM with derivatives,4,47,48,0.0661662322960021,1.0051695111147139
Fusion-LSTM with derivatives,4,47,49,0.07196992716305721,0.9282871314814506
Fusion-LSTM with derivatives,4,47,50,0.09514948651694081,0.9893504167502781
Fusion-LSTM with derivatives,4,47,51,0.08335525018275415,1.0070022588646512
Fusion-LSTM with derivatives,4,47,52,0.06066993429787568,1.0140634931514598
Fusion-LSTM with derivatives,4,47,53,0.06193154807884086,1.0902652381148104
Fusion-LSTM with derivatives,4,47,54,0.0595719002958863,1.0973310614125784
Fusion-LSTM with derivatives,4,47,55,0.05393960341961033,1.569038080156974
Fusion-LSTM with derivatives,4,47,56,0.06533041872128834,1.0922258102200315
Fusion-LSTM with derivatives,4,47,57,0.07371109569985511,1.5520152332928945
Fusion-LSTM with derivatives,4,47,58,0.058313024652912826,1.1818250884815458
Fusion-LSTM with derivatives,4,47,59,0.0846674232418342,1.0209997622628133
Fusion-LSTM with derivatives,4,47,60,0.0951328257275594,1.2591087760040596
Fusion-LSTM with derivatives,4,48,1,1.129488557724357,0.6399432900566725
Fusion-LSTM with derivatives,4,48,2,0.3860079975261096,0.519829611108488
Fusion-LSTM with derivatives,4,48,3,0.31247277033101867,0.5473141297229431
Fusion-LSTM with derivatives,4,48,4,0.2862408607041407,0.5206743847399138
Fusion-LSTM with derivatives,4,48,5,0.2737031039179171,0.6509241793515548
Fusion-LSTM with derivatives,4,48,6,0.2525439081409908,0.8875100727601122
Fusion-LSTM with derivatives,4,48,7,0.25802340605095736,0.760429131409907
Fusion-LSTM with derivatives,4,48,8,0.23445681892151385,0.6126707541117878
Fusion-LSTM with derivatives,4,48,9,0.22771639199684268,0.6169974549636401
Fusion-LSTM with derivatives,4,48,10,0.20971048572320877,0.6823211765889102
Fusion-LSTM with derivatives,4,48,11,0.1906712905529442,0.7758267935154572
Fusion-LSTM with derivatives,4,48,12,0.19160973464172326,0.7814680457083935
Fusion-LSTM with derivatives,4,48,13,0.17953562034042939,0.8138524668615319
Fusion-LSTM with derivatives,4,48,14,0.19880835032097116,0.7943189986815492
Fusion-LSTM with derivatives,4,48,15,0.18474710535260683,0.7763784201015217
Fusion-LSTM with derivatives,4,48,16,0.1876025770382723,0.8297474483492739
Fusion-LSTM with derivatives,4,48,17,0.19092967100940966,0.8097015640754994
Fusion-LSTM with derivatives,4,48,18,0.17013038804224873,0.8218406731071463
Fusion-LSTM with derivatives,4,48,19,0.16493104887244225,0.879331928090167
Fusion-LSTM with derivatives,4,48,20,0.16634318341902637,0.7870942626140652
Fusion-LSTM with derivatives,4,48,21,0.16253311148645513,0.874091541269634
Fusion-LSTM with derivatives,4,48,22,0.169824996751509,0.8092420212377792
Fusion-LSTM with derivatives,4,48,23,0.1581076102813702,0.9177785972269951
Fusion-LSTM with derivatives,4,48,24,0.15859523586450366,0.826132791940771
Fusion-LSTM with derivatives,4,48,25,0.14897562337325507,0.956902688599545
Fusion-LSTM with derivatives,4,48,26,0.15016577688841728,1.068539409244148
Fusion-LSTM with derivatives,4,48,27,0.16658583400151894,1.0872264512086314
Fusion-LSTM with derivatives,4,48,28,0.1439437844653153,0.9718450206240143
Fusion-LSTM with derivatives,4,48,29,0.14407675924146351,1.131223583433863
Fusion-LSTM with derivatives,4,48,30,0.1356337737755741,1.0408888718179687
Fusion-LSTM with derivatives,4,48,31,0.1398913254810204,1.0179223820129781
Fusion-LSTM with derivatives,4,48,32,0.12756046974583252,1.1588214139026478
Fusion-LSTM with derivatives,4,48,33,0.14311929571855717,0.9943212901380701
Fusion-LSTM with derivatives,4,48,34,0.13075435325640059,1.0503294458788521
Fusion-LSTM with derivatives,4,48,35,0.11807642648904863,1.0804825855860296
Fusion-LSTM with derivatives,4,48,36,0.12420041633581896,1.0400467049447621
Fusion-LSTM with derivatives,4,48,37,0.11169019733715327,1.0618989410921462
Fusion-LSTM with derivatives,4,48,38,0.1266983646633933,1.1239459905578155
Fusion-LSTM with derivatives,4,48,39,0.09956029733681056,1.1472481034922588
Fusion-LSTM with derivatives,4,48,40,0.10209709128802649,1.1470717046140406
Fusion-LSTM with derivatives,4,48,41,0.09284584756103267,1.1826829404142574
Fusion-LSTM with derivatives,4,48,42,0.0910964998230601,1.247110129144644
Fusion-LSTM with derivatives,4,48,43,0.07909928095818154,1.28376861864533
Fusion-LSTM with derivatives,4,48,44,0.0726696017054327,1.3370206745163746
Fusion-LSTM with derivatives,4,48,45,0.10181617322486307,1.1065890870713073
Fusion-LSTM with derivatives,4,48,46,0.070072828038499,1.2656694418385595
Fusion-LSTM with derivatives,4,48,47,0.07636642015828957,1.2700259790831954
Fusion-LSTM with derivatives,4,48,48,0.07687683374310095,1.2597907091104337
Fusion-LSTM with derivatives,4,48,49,0.0664049747308628,1.4061583870410748
Fusion-LSTM with derivatives,4,48,50,0.07178535902887141,1.2975938888051912
Fusion-LSTM with derivatives,4,48,51,0.06277912894714736,1.3292093506137561
Fusion-LSTM with derivatives,4,48,52,0.05257287135002011,1.3605213261002467
Fusion-LSTM with derivatives,4,48,53,0.05682405155058753,1.3092779242687427
Fusion-LSTM with derivatives,4,48,54,0.054499988709349675,1.3947377271034542
Fusion-LSTM with derivatives,4,48,55,0.054971113104646634,1.4687791834224164
Fusion-LSTM with derivatives,4,48,56,0.04932658186336176,1.4712890048464466
Fusion-LSTM with derivatives,4,48,57,0.049922641288507506,1.3955555688062649
Fusion-LSTM with derivatives,4,48,58,0.05990703809563065,1.4413040426703252
Fusion-LSTM with derivatives,4,48,59,0.05981352416918092,1.444601725393016
Fusion-LSTM with derivatives,4,48,60,0.044939384847648055,1.4860288998208728
Fusion-LSTM with derivatives,4,49,1,1.0352203341630788,0.7098230798289461
Fusion-LSTM with derivatives,4,49,2,0.36613101200920306,0.7129433831078951
Fusion-LSTM with derivatives,4,49,3,0.3022473529349268,1.0182789817171276
Fusion-LSTM with derivatives,4,49,4,0.3119591980983274,0.5102746915267449
Fusion-LSTM with derivatives,4,49,5,0.28596193027395383,0.5223714470613428
Fusion-LSTM with derivatives,4,49,6,0.271854382210747,0.5846113986814047
Fusion-LSTM with derivatives,4,49,7,0.2679374180129488,0.5630233159105233
Fusion-LSTM with derivatives,4,49,8,0.27318873292725104,0.5425535426074853
Fusion-LSTM with derivatives,4,49,9,0.2687153925589465,0.544778825726899
Fusion-LSTM with derivatives,4,49,10,0.2427235103528434,0.6255360928596441
Fusion-LSTM with derivatives,4,49,11,0.23484072360507854,0.6389132697502272
Fusion-LSTM with derivatives,4,49,12,0.22377423272220368,0.6803833297932173
Fusion-LSTM with derivatives,4,49,13,0.21570142092486883,0.7444536493040731
Fusion-LSTM with derivatives,4,49,14,0.20505297537196374,0.7190145940931838
Fusion-LSTM with derivatives,4,49,15,0.19764944191709236,0.7497455130098876
Fusion-LSTM with derivatives,4,49,16,0.1902585497774031,0.7428135221171929
Fusion-LSTM with derivatives,4,49,17,0.1755078138077688,0.7966639351888523
Fusion-LSTM with derivatives,4,49,18,0.16943850259420817,0.8221793893013986
Fusion-LSTM with derivatives,4,49,19,0.15986368827253644,0.8544002502172623
Fusion-LSTM with derivatives,4,49,20,0.16758219191072352,0.8622604756375903
Fusion-LSTM with derivatives,4,49,21,0.1619943202320084,0.8378233690228727
Fusion-LSTM with derivatives,4,49,22,0.1687268351238213,0.8572667403150529
Fusion-LSTM with derivatives,4,49,23,0.14822816453353568,0.9270974907407096
Fusion-LSTM with derivatives,4,49,24,0.15443256447957954,0.8944391984594068
Fusion-LSTM with derivatives,4,49,25,0.15341970062668087,0.9518583370626472
Fusion-LSTM with derivatives,4,49,26,0.14923021562881217,0.9022134769028463
Fusion-LSTM with derivatives,4,49,27,0.13362302545434418,0.9804740103676259
Fusion-LSTM with derivatives,4,49,28,0.13052110677097326,0.9877167185866108
Fusion-LSTM with derivatives,4,49,29,0.13442794875298997,0.9310935392304162
Fusion-LSTM with derivatives,4,49,30,0.1288258682676159,0.9275585511070628
Fusion-LSTM with derivatives,4,49,31,0.12828794475605393,1.0099543174670178
Fusion-LSTM with derivatives,4,49,32,0.16650032904590614,0.9284441272886295
Fusion-LSTM with derivatives,4,49,33,0.11274119471275394,0.9472273910648543
Fusion-LSTM with derivatives,4,49,34,0.14110758346318147,0.9554907398013324
Fusion-LSTM with derivatives,4,49,35,0.11377669840882845,1.2367369694404882
Fusion-LSTM with derivatives,4,49,36,0.12774105398437888,1.0851044362602245
Fusion-LSTM with derivatives,4,49,37,0.142336973934924,1.2829792696740516
Fusion-LSTM with derivatives,4,49,38,0.11153862753918496,1.2102115509223264
Fusion-LSTM with derivatives,4,49,39,0.10456063689357728,1.2278192800936334
Fusion-LSTM with derivatives,4,49,40,0.12747970631315872,1.0505846003129047
Fusion-LSTM with derivatives,4,49,41,0.1056154832722397,1.0436510085840895
Fusion-LSTM with derivatives,4,49,42,0.08932547660869196,1.1248675870711073
Fusion-LSTM with derivatives,4,49,43,0.09006077786230586,1.068771862875928
Fusion-LSTM with derivatives,4,49,44,0.07963726736490806,1.1509605633481494
Fusion-LSTM with derivatives,4,49,45,0.0805114972087684,1.2740858395503878
Fusion-LSTM with derivatives,4,49,46,0.06771505570950101,1.076865697908264
Fusion-LSTM with derivatives,4,49,47,0.08410682317576698,1.1381455935865827
Fusion-LSTM with derivatives,4,49,48,0.08692130513736372,1.1260420776107027
Fusion-LSTM with derivatives,4,49,49,0.08916275866787116,1.0413825267796997
Fusion-LSTM with derivatives,4,49,50,0.09210503944337116,1.1494771843967448
Fusion-LSTM with derivatives,4,49,51,0.07002198012498383,1.3358264408490192
Fusion-LSTM with derivatives,4,49,52,0.06927044734874072,1.1283915300914076
Fusion-LSTM with derivatives,4,49,53,0.08140640388240929,1.2027772887916435
Fusion-LSTM with derivatives,4,49,54,0.07069270855674209,1.1298104860747635
Fusion-LSTM with derivatives,4,49,55,0.06625741473073764,1.2604065748005793
Fusion-LSTM with derivatives,4,49,56,0.06152379148933529,1.2443661115891778
Fusion-LSTM with derivatives,4,49,57,0.0892389903690248,1.2383261851700846
Fusion-LSTM with derivatives,4,49,58,0.06954241678218608,1.4866762011618484
Fusion-LSTM with derivatives,4,49,59,0.053031583939039464,1.4624552000431146
Fusion-LSTM with derivatives,4,49,60,0.07055077256717644,1.3403145564052295
Fusion-LSTM with derivatives,4,50,1,1.0938773869458605,0.7020178136085814
Fusion-LSTM with derivatives,4,50,2,0.3799481116387738,0.5793487011011792
Fusion-LSTM with derivatives,4,50,3,0.31331642270719157,0.5728158525325967
Fusion-LSTM with derivatives,4,50,4,0.2804544789213148,0.6098673638245344
Fusion-LSTM with derivatives,4,50,5,0.2542015280661317,0.6528449916364761
Fusion-LSTM with derivatives,4,50,6,0.24501957299007693,0.727441538289283
Fusion-LSTM with derivatives,4,50,7,0.22908130110929614,0.701571003735003
Fusion-LSTM with derivatives,4,50,8,0.22864524912859405,0.6929038616689996
Fusion-LSTM with derivatives,4,50,9,0.20228502645710025,0.74663535468827
Fusion-LSTM with derivatives,4,50,10,0.1894355741136917,0.7633603561817975
Fusion-LSTM with derivatives,4,50,11,0.2117345634277387,0.7775454066725022
Fusion-LSTM with derivatives,4,50,12,0.20487900577806298,0.7496903001973152
Fusion-LSTM with derivatives,4,50,13,0.17426816013890753,0.7581013460376103
Fusion-LSTM with derivatives,4,50,14,0.1718978419552913,0.7689621173845023
Fusion-LSTM with derivatives,4,50,15,0.16413749334314967,0.7850122769798623
Fusion-LSTM with derivatives,4,50,16,0.1607178505365497,0.7547604464447474
Fusion-LSTM with derivatives,4,50,17,0.16316696242202566,0.8238087704237277
Fusion-LSTM with derivatives,4,50,18,0.14013936943206975,0.8023478302487662
Fusion-LSTM with derivatives,4,50,19,0.1501092550146933,0.7877718662331564
Fusion-LSTM with derivatives,4,50,20,0.12845905769771476,0.7604864321695933
Fusion-LSTM with derivatives,4,50,21,0.13550076844537434,0.9672141443055505
Fusion-LSTM with derivatives,4,50,22,0.12066278190745715,0.9322397909332184
Fusion-LSTM with derivatives,4,50,23,0.10877441129553209,1.075950078072663
Fusion-LSTM with derivatives,4,50,24,0.09368410711778077,0.8712667910307959
Fusion-LSTM with derivatives,4,50,25,0.10800441689447525,0.7981573609514181
Fusion-LSTM with derivatives,4,50,26,0.09141338328537107,1.1408045938867193
Fusion-LSTM with derivatives,4,50,27,0.08138072206760344,1.1779776940071482
Fusion-LSTM with derivatives,4,50,28,0.08370762867044629,0.9834440452099409
Fusion-LSTM with derivatives,4,50,29,0.08126851693111234,1.3744262964728307
Fusion-LSTM with derivatives,4,50,30,0.08116527067348835,1.1931497714163997
Fusion-LSTM with derivatives,4,50,31,0.07952438712931102,1.6252366484726626
Fusion-LSTM with derivatives,4,50,32,0.09929487233798774,1.4929655752529387
Fusion-LSTM with derivatives,4,50,33,0.07800404562357874,1.1486543181608089
Fusion-LSTM with derivatives,4,50,34,0.08055729877818889,1.575129973716776
Fusion-LSTM with derivatives,4,50,35,0.06832048913165559,1.4578038753797173
Fusion-LSTM with derivatives,4,50,36,0.10283689722339916,1.2240304918315426
Fusion-LSTM with derivatives,4,50,37,0.06592538898144293,1.7898535857980669
Fusion-LSTM with derivatives,4,50,38,0.05532422212156912,1.5019393173247513
Fusion-LSTM with derivatives,4,50,39,0.07181144314873951,1.0758371578716912
Fusion-LSTM with derivatives,4,50,40,0.058473932307710426,1.748377045495455
Fusion-LSTM with derivatives,4,50,41,0.06435104612860469,1.1668481130262278
Fusion-LSTM with derivatives,4,50,42,0.05470933066253815,1.8207974716165811
Fusion-LSTM with derivatives,4,50,43,0.0553524297837565,1.7339053231396906
Fusion-LSTM with derivatives,4,50,44,0.057146386805022674,1.3618982216334499
Fusion-LSTM with derivatives,4,50,45,0.04856387141174469,1.3757609956472159
Fusion-LSTM with derivatives,4,50,46,0.05454419003293476,1.3803976994062495
Fusion-LSTM with derivatives,4,50,47,0.08616002087744877,1.0788854976251538
Fusion-LSTM with derivatives,4,50,48,0.05598591301713767,1.1717992065429483
Fusion-LSTM with derivatives,4,50,49,0.06983512842005031,1.1582832497796454
Fusion-LSTM with derivatives,4,50,50,0.055115388557788095,1.3522790857611235
Fusion-LSTM with derivatives,4,50,51,0.0418114692719368,1.5019189550173302
Fusion-LSTM with derivatives,4,50,52,0.047820650382873114,1.7359203103221015
Fusion-LSTM with derivatives,4,50,53,0.04315307893085076,1.5040339101844202
Fusion-LSTM with derivatives,4,50,54,0.03858479408411889,1.84792659802663
Fusion-LSTM with derivatives,4,50,55,0.048971375930284056,1.7940892090352714
Fusion-LSTM with derivatives,4,50,56,0.038472675725596844,1.6100492070505172
Fusion-LSTM with derivatives,4,50,57,0.04637003074687345,1.5842551280220505
Fusion-LSTM with derivatives,4,50,58,0.03600689457517824,2.056703779029326
Fusion-LSTM with derivatives,4,50,59,0.03352473008202966,2.1912255977634687
Fusion-LSTM with derivatives,4,50,60,0.02893991229666105,1.8607129783688583
Fusion-LSTM with derivatives,4,51,1,1.095006731251385,0.7659892321132764
Fusion-LSTM with derivatives,4,51,2,0.42485552799053905,0.5290788801960975
Fusion-LSTM with derivatives,4,51,3,0.32333049897417354,0.5034437943679482
Fusion-LSTM with derivatives,4,51,4,0.3004576488514349,0.5638806019564094
Fusion-LSTM with derivatives,4,51,5,0.2962202069072885,0.5330032457595602
Fusion-LSTM with derivatives,4,51,6,0.26634503218516886,0.5258932332947569
Fusion-LSTM with derivatives,4,51,7,0.27438940786103927,0.5246916814420208
Fusion-LSTM with derivatives,4,51,8,0.2529733289524797,0.5140096147855123
Fusion-LSTM with derivatives,4,51,9,0.23297742309920286,0.568492239938592
Fusion-LSTM with derivatives,4,51,10,0.22726191026102766,0.7011347490848985
Fusion-LSTM with derivatives,4,51,11,0.2056349881253637,0.5443726052028328
Fusion-LSTM with derivatives,4,51,12,0.20225105183849726,0.8341381414412702
Fusion-LSTM with derivatives,4,51,13,0.1912944519244287,0.5951007431376905
Fusion-LSTM with derivatives,4,51,14,0.17512796930679572,0.643627158516483
Fusion-LSTM with derivatives,4,51,15,0.17841383391280113,0.9364800399610581
Fusion-LSTM with derivatives,4,51,16,0.15520636504943217,0.6900912213375483
Fusion-LSTM with derivatives,4,51,17,0.18347971205223002,0.8930160849193107
Fusion-LSTM with derivatives,4,51,18,0.16070798582061546,1.0628755841740023
Fusion-LSTM with derivatives,4,51,19,0.16284551428356217,1.011208887534134
Fusion-LSTM with derivatives,4,51,20,0.13689855071298657,1.1100780102082644
Fusion-LSTM with derivatives,4,51,21,0.13749047271754847,0.913649384213506
Fusion-LSTM with derivatives,4,51,22,0.11810692888865315,0.8454919169955658
Fusion-LSTM with derivatives,4,51,23,0.11239687520576852,1.0854619915599093
Fusion-LSTM with derivatives,4,51,24,0.10904799786645422,1.3803027494648468
Fusion-LSTM with derivatives,4,51,25,0.1372006113943956,0.920983591364927
Fusion-LSTM with derivatives,4,51,26,0.09710444185038898,0.8039267371551171
Fusion-LSTM with derivatives,4,51,27,0.09296471816431744,1.3538484940348305
Fusion-LSTM with derivatives,4,51,28,0.09256761780320209,1.7224521453119424
Fusion-LSTM with derivatives,4,51,29,0.08372851768239081,0.8384788791869672
Fusion-LSTM with derivatives,4,51,30,0.06664352727844922,1.5979322643962297
Fusion-LSTM with derivatives,4,51,31,0.08366248830784856,1.1023651219873183
Fusion-LSTM with derivatives,4,51,32,0.07762706425926932,1.2517706454034496
Fusion-LSTM with derivatives,4,51,33,0.0684580618887614,1.31643556471547
Fusion-LSTM with derivatives,4,51,34,0.07036696520588645,1.3652549368999038
Fusion-LSTM with derivatives,4,51,35,0.0754817890489031,1.5142324240936798
Fusion-LSTM with derivatives,4,51,36,0.06517728336678585,1.537836972225762
Fusion-LSTM with derivatives,4,51,37,0.05417291464740193,1.3659546465478227
Fusion-LSTM with derivatives,4,51,38,0.062197339515304935,1.4012140214240152
Fusion-LSTM with derivatives,4,51,39,0.05879252216001169,1.6797493859125883
Fusion-LSTM with derivatives,4,51,40,0.05048939162811387,1.2603507169856216
Fusion-LSTM with derivatives,4,51,41,0.05299838324062311,1.7271664971075718
Fusion-LSTM with derivatives,4,51,42,0.059221393949941754,1.23446763734835
Fusion-LSTM with derivatives,4,51,43,0.06416878205754951,1.7446325056145526
Fusion-LSTM with derivatives,4,51,44,0.05515993100866391,1.4681861626230321
Fusion-LSTM with derivatives,4,51,45,0.04616395731626805,1.5638726837542571
Fusion-LSTM with derivatives,4,51,46,0.05368486679328018,1.8256752475065254
Fusion-LSTM with derivatives,4,51,47,0.05294284361612443,1.2574159676751875
Fusion-LSTM with derivatives,4,51,48,0.04782192304371557,1.2644577606950167
Fusion-LSTM with derivatives,4,51,49,0.05154891962733648,1.614673796744404
Fusion-LSTM with derivatives,4,51,50,0.04447223179189563,1.2144775560488865
Fusion-LSTM with derivatives,4,51,51,0.048582598188433246,1.7317688630843062
Fusion-LSTM with derivatives,4,51,52,0.060002165514944236,1.8448318240137096
Fusion-LSTM with derivatives,4,51,53,0.04456356004795392,1.4679422445470307
Fusion-LSTM with derivatives,4,51,54,0.04956490914196028,1.037770806552073
Fusion-LSTM with derivatives,4,51,55,0.0855183580071365,1.2033601070068918
Fusion-LSTM with derivatives,4,51,56,0.0822819745415873,1.5551006295161802
Fusion-LSTM with derivatives,4,51,57,0.05976488195680445,1.3261582059805248
Fusion-LSTM with derivatives,4,51,58,0.09077846865125669,1.4107844544969015
Fusion-LSTM with derivatives,4,51,59,0.07090237920140308,1.3110567349159554
Fusion-LSTM with derivatives,4,51,60,0.035775486403522815,1.409381366289949
Fusion-LSTM with derivatives,5,42,1,1.0447723622567213,0.8660776345234997
Fusion-LSTM with derivatives,5,42,2,0.493758746248418,0.5899786967901314
Fusion-LSTM with derivatives,5,42,3,0.2930887723786157,0.6241297528178936
Fusion-LSTM with derivatives,5,42,4,0.23978070806224022,0.5715754309540275
Fusion-LSTM with derivatives,5,42,5,0.21394101715438077,0.541572766983784
Fusion-LSTM with derivatives,5,42,6,0.2097916843841534,0.6260762730109617
Fusion-LSTM with derivatives,5,42,7,0.17484283083856034,0.6078012706223773
Fusion-LSTM with derivatives,5,42,8,0.16237204787270093,0.6876154266126001
Fusion-LSTM with derivatives,5,42,9,0.1622848700791269,0.6404993612186464
Fusion-LSTM with derivatives,5,42,10,0.13926296739530097,0.7221719593871815
Fusion-LSTM with derivatives,5,42,11,0.12035711129358997,0.8018231178542103
Fusion-LSTM with derivatives,5,42,12,0.12446477691867507,0.7844414698502803
Fusion-LSTM with derivatives,5,42,13,0.13873370978502486,0.7367680853455322
Fusion-LSTM with derivatives,5,42,14,0.11215835184114216,0.9539017083759828
Fusion-LSTM with derivatives,5,42,15,0.17534418585579137,0.8071199091038114
Fusion-LSTM with derivatives,5,42,16,0.13553287193317062,0.7365051126829983
Fusion-LSTM with derivatives,5,42,17,0.10276093458895875,0.7899381921038937
Fusion-LSTM with derivatives,5,42,18,0.11398289038148804,0.8278859030900512
Fusion-LSTM with derivatives,5,42,19,0.09931880117917258,0.8561091252467917
Fusion-LSTM with derivatives,5,42,20,0.1021172047569616,0.9070722730342197
Fusion-LSTM with derivatives,5,42,21,0.09389833814830427,0.9502053762506889
Fusion-LSTM with derivatives,5,42,22,0.0825296375071778,0.9614462043379338
Fusion-LSTM with derivatives,5,42,23,0.0858372274394098,0.8009503372872651
Fusion-LSTM with derivatives,5,42,24,0.0815737309080242,1.0577865698115132
Fusion-LSTM with derivatives,5,42,25,0.07001450731711989,1.0591934360485658
Fusion-LSTM with derivatives,5,42,26,0.06963202293961955,1.0754749786491413
Fusion-LSTM with derivatives,5,42,27,0.07193027389255173,1.0200852750169906
Fusion-LSTM with derivatives,5,42,28,0.07636712037820273,1.0137151472536023
Fusion-LSTM with derivatives,5,42,29,0.06560837229361274,1.1437248624002159
Fusion-LSTM with derivatives,5,42,30,0.06078824863884247,1.1128505928836279
Fusion-LSTM with derivatives,5,42,31,0.06497053321903501,1.0911865382449433
Fusion-LSTM with derivatives,5,42,32,0.07298972296689249,0.9272965946287479
Fusion-LSTM with derivatives,5,42,33,0.06047477800301601,0.9673418520444095
Fusion-LSTM with derivatives,5,42,34,0.06190758561339307,1.0352218774785786
Fusion-LSTM with derivatives,5,42,35,0.05504081305002422,1.0796272974594083
Fusion-LSTM with derivatives,5,42,36,0.047251732634651766,1.1456320217226785
Fusion-LSTM with derivatives,5,42,37,0.06099418771876116,1.0489039871552706
Fusion-LSTM with derivatives,5,42,38,0.06123533386696071,1.02346538725764
Fusion-LSTM with derivatives,5,42,39,0.05638753495192582,1.0807766624310482
Fusion-LSTM with derivatives,5,42,40,0.06366251587737785,1.1593437359455496
Fusion-LSTM with derivatives,5,42,41,0.060248087588475385,1.0536491203920397
Fusion-LSTM with derivatives,5,42,42,0.07193443691870939,0.7970396160954449
Fusion-LSTM with derivatives,5,42,43,0.05347334254726876,1.1117562354548172
Fusion-LSTM with derivatives,5,42,44,0.05136276321939331,0.8224059970623792
Fusion-LSTM with derivatives,5,42,45,0.056107400589356954,0.7451736172290219
Fusion-LSTM with derivatives,5,42,46,0.04983474643164453,0.91998045908705
Fusion-LSTM with derivatives,5,42,47,0.046389273108773145,1.059895832880363
Fusion-LSTM with derivatives,5,42,48,0.04540033093533927,1.0557247881525718
Fusion-LSTM with derivatives,5,42,49,0.05069712353052373,1.0371002543178744
Fusion-LSTM with derivatives,5,42,50,0.04595234947842791,0.9818380677475119
Fusion-LSTM with derivatives,5,42,51,0.043691767530593166,1.175182835540619
Fusion-LSTM with derivatives,5,42,52,0.039240414820496734,1.0527966464137506
Fusion-LSTM with derivatives,5,42,53,0.03648073146845849,1.0932344811259762
Fusion-LSTM with derivatives,5,42,54,0.04000136728647576,0.9790494832282484
Fusion-LSTM with derivatives,5,42,55,0.03333847134230451,1.0986106210589346
Fusion-LSTM with derivatives,5,42,56,0.032883743919099304,1.11150722575044
Fusion-LSTM with derivatives,5,42,57,0.03345021601273898,1.1542536909584604
Fusion-LSTM with derivatives,5,42,58,0.047728128672188154,1.154992799034471
Fusion-LSTM with derivatives,5,42,59,0.04725974741918485,1.0438343534164083
Fusion-LSTM with derivatives,5,42,60,0.04890105652456449,1.1753463235916082
Fusion-LSTM with derivatives,5,43,1,1.023417772394645,0.5818866833700824
Fusion-LSTM with derivatives,5,43,2,0.3847927982112988,0.6297477348795477
Fusion-LSTM with derivatives,5,43,3,0.2666305779608256,0.676685223789335
Fusion-LSTM with derivatives,5,43,4,0.22610499719192012,0.6420370390955007
Fusion-LSTM with derivatives,5,43,5,0.18557812013598377,0.757127531700664
Fusion-LSTM with derivatives,5,43,6,0.16314886746166624,0.7380438571331136
Fusion-LSTM with derivatives,5,43,7,0.15907243975282007,0.7533764875722382
Fusion-LSTM with derivatives,5,43,8,0.14498185809596809,0.7987968724541195
Fusion-LSTM with derivatives,5,43,9,0.12592830986805909,0.7555819573954716
Fusion-LSTM with derivatives,5,43,10,0.12820373477375493,0.8514812962314118
Fusion-LSTM with derivatives,5,43,11,0.13637620506573336,0.7843972094653787
Fusion-LSTM with derivatives,5,43,12,0.10132038158181066,0.8442300110742981
Fusion-LSTM with derivatives,5,43,13,0.09215715935073605,0.8685912330570461
Fusion-LSTM with derivatives,5,43,14,0.08400409722488689,0.8760504715175873
Fusion-LSTM with derivatives,5,43,15,0.1269412061536965,0.8451609890478462
Fusion-LSTM with derivatives,5,43,16,0.09002240332278949,0.8967118469736611
Fusion-LSTM with derivatives,5,43,17,0.09136432721171268,0.8778785305640483
Fusion-LSTM with derivatives,5,43,18,0.07292374016715937,0.9603878509261073
Fusion-LSTM with derivatives,5,43,19,0.08020155931648547,1.0301384226549846
Fusion-LSTM with derivatives,5,43,20,0.09669466113336521,1.0189904002023693
Fusion-LSTM with derivatives,5,43,21,0.07966457487447609,1.0539020661350567
Fusion-LSTM with derivatives,5,43,22,0.06364724797600221,1.0653396549339815
Fusion-LSTM with derivatives,5,43,23,0.06541967239673165,1.0596043027984272
Fusion-LSTM with derivatives,5,43,24,0.06271504592110552,1.1816578629569188
Fusion-LSTM with derivatives,5,43,25,0.07484970306533056,1.0130769493882261
Fusion-LSTM with derivatives,5,43,26,0.06391101499684292,1.125533000134572
Fusion-LSTM with derivatives,5,43,27,0.05915572622407204,1.1542170510102119
Fusion-LSTM with derivatives,5,43,28,0.05850586681792027,1.1553670643073208
Fusion-LSTM with derivatives,5,43,29,0.06819707313667205,1.1454479322306015
Fusion-LSTM with derivatives,5,43,30,0.055711370086892434,1.1519936464055278
Fusion-LSTM with derivatives,5,43,31,0.04710276119583121,1.22845572516697
Fusion-LSTM with derivatives,5,43,32,0.049571744564150075,1.2783892710675608
Fusion-LSTM with derivatives,5,43,33,0.05604255035054508,1.1865615554825566
Fusion-LSTM with derivatives,5,43,34,0.04343605437458491,1.3075378232594557
Fusion-LSTM with derivatives,5,43,35,0.05030522658746129,1.2566982542381346
Fusion-LSTM with derivatives,5,43,36,0.055497829617380715,1.2332256914856423
Fusion-LSTM with derivatives,5,43,37,0.04812639364756124,1.313277378069155
Fusion-LSTM with derivatives,5,43,38,0.04389163950433848,1.2624333188625
Fusion-LSTM with derivatives,5,43,39,0.04397253078155475,1.3695586699674167
Fusion-LSTM with derivatives,5,43,40,0.054379070444417844,1.2461816302697863
Fusion-LSTM with derivatives,5,43,41,0.04629709278809014,1.266318073562606
Fusion-LSTM with derivatives,5,43,42,0.046082271282524644,1.3516505859573558
Fusion-LSTM with derivatives,5,43,43,0.04745252209520617,1.3293178493246842
Fusion-LSTM with derivatives,5,43,44,0.04977983097590545,1.2639732112487156
Fusion-LSTM with derivatives,5,43,45,0.050873693787222646,1.3740437342795062
Fusion-LSTM with derivatives,5,43,46,0.040662531562493213,1.3785575160159256
Fusion-LSTM with derivatives,5,43,47,0.04110866148170708,1.3553635205690842
Fusion-LSTM with derivatives,5,43,48,0.041199639945711616,1.3534456438929685
Fusion-LSTM with derivatives,5,43,49,0.039162987601775744,1.4204989423354466
Fusion-LSTM with derivatives,5,43,50,0.03724882033704284,1.398845382364744
Fusion-LSTM with derivatives,5,43,51,0.041727084039636084,1.3051839342469689
Fusion-LSTM with derivatives,5,43,52,0.03830105876609902,1.4877615591483795
Fusion-LSTM with derivatives,5,43,53,0.03889729847414878,1.440127966763448
Fusion-LSTM with derivatives,5,43,54,0.046738022325159764,1.3498100930203993
Fusion-LSTM with derivatives,5,43,55,0.03446221607851236,1.4615828011729666
Fusion-LSTM with derivatives,5,43,56,0.03545011769297089,1.525382762966166
Fusion-LSTM with derivatives,5,43,57,0.04938766194537118,1.3851031840503591
Fusion-LSTM with derivatives,5,43,58,0.03490647451819298,1.4540035867911276
Fusion-LSTM with derivatives,5,43,59,0.03220050803338938,1.4929287542961929
Fusion-LSTM with derivatives,5,43,60,0.03490145507415302,1.5739758976755187
Fusion-LSTM with derivatives,5,44,1,1.0506475136285895,0.6496045804373624
Fusion-LSTM with derivatives,5,44,2,0.3837031761829535,0.7940597151810268
Fusion-LSTM with derivatives,5,44,3,0.27463249175500404,0.6821310639506366
Fusion-LSTM with derivatives,5,44,4,0.22336056847535665,0.7085630207691552
Fusion-LSTM with derivatives,5,44,5,0.20357194399709655,0.7029204682546591
Fusion-LSTM with derivatives,5,44,6,0.1899820984941947,0.7162101548985116
Fusion-LSTM with derivatives,5,44,7,0.18278140127955225,0.7603963453877147
Fusion-LSTM with derivatives,5,44,8,0.1977733775991559,0.7746540936221616
Fusion-LSTM with derivatives,5,44,9,0.1686028318076122,0.8381409849385796
Fusion-LSTM with derivatives,5,44,10,0.16029269664179,0.7759718219251752
Fusion-LSTM with derivatives,5,44,11,0.14797754668473348,0.9935437159718208
Fusion-LSTM with derivatives,5,44,12,0.14534912155564952,0.8932570673259799
Fusion-LSTM with derivatives,5,44,13,0.11396657810361041,0.8895785909466274
Fusion-LSTM with derivatives,5,44,14,0.1313376406964594,0.8879044871910063
Fusion-LSTM with derivatives,5,44,15,0.12258310701340126,0.9074647823344737
Fusion-LSTM with derivatives,5,44,16,0.0982328317238695,0.9519087350780859
Fusion-LSTM with derivatives,5,44,17,0.10611918933388653,0.9909756805911754
Fusion-LSTM with derivatives,5,44,18,0.09823000141689633,1.0192856133858863
Fusion-LSTM with derivatives,5,44,19,0.08246549861585423,1.0223134407144923
Fusion-LSTM with derivatives,5,44,20,0.0800495232071276,1.0051378971688152
Fusion-LSTM with derivatives,5,44,21,0.10343016663992566,1.0269144485925228
Fusion-LSTM with derivatives,5,44,22,0.09709623442265129,0.927251916074153
Fusion-LSTM with derivatives,5,44,23,0.06447521303444098,1.0198558947262775
Fusion-LSTM with derivatives,5,44,24,0.0630037242425845,1.10540941666882
Fusion-LSTM with derivatives,5,44,25,0.07829902793943079,1.023310961807049
Fusion-LSTM with derivatives,5,44,26,0.0751085259257434,0.9953151986284076
Fusion-LSTM with derivatives,5,44,27,0.07058342789941567,1.0677999244296077
Fusion-LSTM with derivatives,5,44,28,0.06574619857815517,1.1360847111518029
Fusion-LSTM with derivatives,5,44,29,0.0614002001787578,1.062056738219421
Fusion-LSTM with derivatives,5,44,30,0.06084474663146415,1.0423415087366503
Fusion-LSTM with derivatives,5,44,31,0.05265236705669283,1.1001123800655082
Fusion-LSTM with derivatives,5,44,32,0.06525648811620044,1.0185524781607482
Fusion-LSTM with derivatives,5,44,33,0.09541670146376588,0.9813850417701954
Fusion-LSTM with derivatives,5,44,34,0.0732265164439579,1.0415762397353254
Fusion-LSTM with derivatives,5,44,35,0.07413121058082384,1.0563174632047958
Fusion-LSTM with derivatives,5,44,36,0.05740844044319127,1.0414367418431636
Fusion-LSTM with derivatives,5,44,37,0.05768157468340388,1.1219264582674209
Fusion-LSTM with derivatives,5,44,38,0.06274529559323462,1.1897498852333184
Fusion-LSTM with derivatives,5,44,39,0.058271752109837954,1.0815181479763936
Fusion-LSTM with derivatives,5,44,40,0.05202557565131415,1.1206995169446654
Fusion-LSTM with derivatives,5,44,41,0.047548631710110624,1.1484398191767418
Fusion-LSTM with derivatives,5,44,42,0.050447476863623976,1.034813419640439
Fusion-LSTM with derivatives,5,44,43,0.04581211343975601,1.1015033735981528
Fusion-LSTM with derivatives,5,44,44,0.04733814931468357,1.0637893680506532
Fusion-LSTM with derivatives,5,44,45,0.047952632231547464,1.1409556524636735
Fusion-LSTM with derivatives,5,44,46,0.04874981959513417,1.0839980552656345
Fusion-LSTM with derivatives,5,44,47,0.044081467868374934,1.1152365359339074
Fusion-LSTM with derivatives,5,44,48,0.04641737702879439,1.103836250161475
Fusion-LSTM with derivatives,5,44,49,0.0431437287399844,1.1006321426113947
Fusion-LSTM with derivatives,5,44,50,0.03266829853213986,1.2522016268836595
Fusion-LSTM with derivatives,5,44,51,0.04223512168608907,1.1828423175878775
Fusion-LSTM with derivatives,5,44,52,0.04104264621677577,1.1382531349389058
Fusion-LSTM with derivatives,5,44,53,0.04694079688033192,1.1424246157052882
Fusion-LSTM with derivatives,5,44,54,0.034121958281693246,1.283794499074638
Fusion-LSTM with derivatives,5,44,55,0.04445301248000039,1.207754857182128
Fusion-LSTM with derivatives,5,44,56,0.03718309043370862,1.311475046103492
Fusion-LSTM with derivatives,5,44,57,0.03700452484304457,1.2490136472106106
Fusion-LSTM with derivatives,5,44,58,0.07090277172434982,1.1223955765460272
Fusion-LSTM with derivatives,5,44,59,0.032238969931630744,1.1606732901396617
Fusion-LSTM with derivatives,5,44,60,0.03432602659004628,1.2408851782344203
Fusion-LSTM with derivatives,5,45,1,1.091945665456455,0.6905324878932545
Fusion-LSTM with derivatives,5,45,2,0.4227053040098239,0.6515535368609479
Fusion-LSTM with derivatives,5,45,3,0.2652590652720289,0.6535376575258043
Fusion-LSTM with derivatives,5,45,4,0.238296508862018,0.6201193278940469
Fusion-LSTM with derivatives,5,45,5,0.21605462152305693,0.792162359635535
Fusion-LSTM with derivatives,5,45,6,0.1914200194777335,0.8083768108355924
Fusion-LSTM with derivatives,5,45,7,0.18061329086278102,0.6864907192983967
Fusion-LSTM with derivatives,5,45,8,0.1747043451278344,0.7328146451174338
Fusion-LSTM with derivatives,5,45,9,0.15445387230290047,0.71951835597836
Fusion-LSTM with derivatives,5,45,10,0.13783735951985548,0.732356199303513
Fusion-LSTM with derivatives,5,45,11,0.1316910020988822,0.8191722739230162
Fusion-LSTM with derivatives,5,45,12,0.11435388491689621,0.8113371191909479
Fusion-LSTM with derivatives,5,45,13,0.10261477922252407,0.8517839363473516
Fusion-LSTM with derivatives,5,45,14,0.10321862066125854,0.8726516301027134
Fusion-LSTM with derivatives,5,45,15,0.1098905998809922,0.8667250977247266
Fusion-LSTM with derivatives,5,45,16,0.09572963838692358,0.9803337903080247
Fusion-LSTM with derivatives,5,45,17,0.11241502422415349,0.993442983434885
Fusion-LSTM with derivatives,5,45,18,0.09072923825796114,1.0529314587576084
Fusion-LSTM with derivatives,5,45,19,0.1064477059009828,0.8998799823240164
Fusion-LSTM with derivatives,5,45,20,0.07862153196550058,1.0248154316495799
Fusion-LSTM with derivatives,5,45,21,0.08267400962513766,0.9633995861252399
Fusion-LSTM with derivatives,5,45,22,0.07649855919249557,0.9767125461024059
Fusion-LSTM with derivatives,5,45,23,0.06367892939585969,1.0035885869519516
Fusion-LSTM with derivatives,5,45,24,0.07103915369386626,1.0024559119524945
Fusion-LSTM with derivatives,5,45,25,0.06227566320061538,1.032830636206413
Fusion-LSTM with derivatives,5,45,26,0.06961636564431022,1.0340543882277027
Fusion-LSTM with derivatives,5,45,27,0.07541890596945837,0.9840121770304954
Fusion-LSTM with derivatives,5,45,28,0.06671341876311267,1.1136414710611917
Fusion-LSTM with derivatives,5,45,29,0.05789352072816915,1.0867934286813066
Fusion-LSTM with derivatives,5,45,30,0.06088316708693744,1.0300900528141037
Fusion-LSTM with derivatives,5,45,31,0.05914531860356943,1.0410150954933286
Fusion-LSTM with derivatives,5,45,32,0.04979003072662719,1.087754839433814
Fusion-LSTM with derivatives,5,45,33,0.04744426261141969,1.142740924106579
Fusion-LSTM with derivatives,5,45,34,0.046498288773335096,1.139687889854988
Fusion-LSTM with derivatives,5,45,35,0.051003150101591496,1.2493622417423085
Fusion-LSTM with derivatives,5,45,36,0.06911613763996254,1.1149930970848732
Fusion-LSTM with derivatives,5,45,37,0.057109541395357656,1.158952633196203
Fusion-LSTM with derivatives,5,45,38,0.04795528300370989,1.155160484620735
Fusion-LSTM with derivatives,5,45,39,0.04570870286804445,1.196415024186705
Fusion-LSTM with derivatives,5,45,40,0.04379005809826093,1.2283581845399845
Fusion-LSTM with derivatives,5,45,41,0.041341673469369275,1.1962886154495445
Fusion-LSTM with derivatives,5,45,42,0.04922890121395377,1.2003355708551169
Fusion-LSTM with derivatives,5,45,43,0.0454106160097287,1.2594854799206652
Fusion-LSTM with derivatives,5,45,44,0.04984198589187977,1.212832913794545
Fusion-LSTM with derivatives,5,45,45,0.0416748194471781,1.2498213296143077
Fusion-LSTM with derivatives,5,45,46,0.04529653274598947,1.187956016893407
Fusion-LSTM with derivatives,5,45,47,0.040203695855761175,1.2909685241476294
Fusion-LSTM with derivatives,5,45,48,0.04075856798179841,1.3229745981016
Fusion-LSTM with derivatives,5,45,49,0.036482587489476165,1.243382204277148
Fusion-LSTM with derivatives,5,45,50,0.044845394717502055,1.1833821291131295
Fusion-LSTM with derivatives,5,45,51,0.040591392053531725,1.2963451453654458
Fusion-LSTM with derivatives,5,45,52,0.03442697796282088,1.2895699605009903
Fusion-LSTM with derivatives,5,45,53,0.06567130492278574,1.2117452650122047
Fusion-LSTM with derivatives,5,45,54,0.03860910232760231,1.3143909504301299
Fusion-LSTM with derivatives,5,45,55,0.03779599873564481,1.271275676417885
Fusion-LSTM with derivatives,5,45,56,0.03664150606838569,1.313543514260706
Fusion-LSTM with derivatives,5,45,57,0.09044772752012369,1.1414305901728898
Fusion-LSTM with derivatives,5,45,58,0.053591263999152504,1.0680264507262212
Fusion-LSTM with derivatives,5,45,59,0.08857240143398477,1.0140059920695592
Fusion-LSTM with derivatives,5,45,60,0.04004069415207227,1.0530543281722118
Fusion-LSTM with derivatives,5,46,1,1.0227678462662342,0.8010452763339508
Fusion-LSTM with derivatives,5,46,2,0.3881776316805014,0.592920294722671
Fusion-LSTM with derivatives,5,46,3,0.26321062175705207,0.595909809416445
Fusion-LSTM with derivatives,5,46,4,0.2593838456502889,0.5901492003124965
Fusion-LSTM with derivatives,5,46,5,0.2264766454117571,0.556239854739647
Fusion-LSTM with derivatives,5,46,6,0.20429845636703686,0.627581511153615
Fusion-LSTM with derivatives,5,46,7,0.17484293092096925,0.6543498463475729
Fusion-LSTM with derivatives,5,46,8,0.15819467230263362,0.714953362660588
Fusion-LSTM with derivatives,5,46,9,0.1768805832628302,0.7408238308234785
Fusion-LSTM with derivatives,5,46,10,0.13981130733775976,0.7893445374018491
Fusion-LSTM with derivatives,5,46,11,0.16538722515835755,0.8827062916611975
Fusion-LSTM with derivatives,5,46,12,0.15676791003376309,0.8716457136272134
Fusion-LSTM with derivatives,5,46,13,0.12975508952228354,0.8803088253586547
Fusion-LSTM with derivatives,5,46,14,0.11720791713629862,0.8980705059236951
Fusion-LSTM with derivatives,5,46,15,0.11845706960453106,0.9700836113788797
Fusion-LSTM with derivatives,5,46,16,0.11628936586281424,0.8819350029187633
Fusion-LSTM with derivatives,5,46,17,0.09692772542271248,0.9424480325395956
Fusion-LSTM with derivatives,5,46,18,0.08861075800323728,1.0240728909958083
Fusion-LSTM with derivatives,5,46,19,0.08954632097132495,0.9352555306827497
Fusion-LSTM with derivatives,5,46,20,0.08543971461908506,1.1190074303302624
Fusion-LSTM with derivatives,5,46,21,0.07807724908874296,1.055406963112969
Fusion-LSTM with derivatives,5,46,22,0.0792897210001599,0.9953229700681798
Fusion-LSTM with derivatives,5,46,23,0.07188938238921334,1.0306671043502584
Fusion-LSTM with derivatives,5,46,24,0.10619545528936489,1.1635932751093645
Fusion-LSTM with derivatives,5,46,25,0.06831993039747565,1.0822701394339278
Fusion-LSTM with derivatives,5,46,26,0.06920859824998288,1.1565009699646283
Fusion-LSTM with derivatives,5,46,27,0.07563715331447898,1.0534722969342079
Fusion-LSTM with derivatives,5,46,28,0.06699429318135561,1.0316504748299937
Fusion-LSTM with derivatives,5,46,29,0.07698838922167778,0.9861879421542525
Fusion-LSTM with derivatives,5,46,30,0.0591608894558001,0.9984143407745931
Fusion-LSTM with derivatives,5,46,31,0.059980824517913735,1.0385590033836085
Fusion-LSTM with derivatives,5,46,32,0.06528139273970042,1.0397515964832946
Fusion-LSTM with derivatives,5,46,33,0.056134533862078353,1.0748077744083084
Fusion-LSTM with derivatives,5,46,34,0.05708404223239699,1.0689371019383147
Fusion-LSTM with derivatives,5,46,35,0.08567829596989011,0.818578093556738
Fusion-LSTM with derivatives,5,46,36,0.07309889675858557,0.9110724749805043
Fusion-LSTM with derivatives,5,46,37,0.05969877415966836,0.9328643770837683
Fusion-LSTM with derivatives,5,46,38,0.06115573205109663,1.0056823410515516
Fusion-LSTM with derivatives,5,46,39,0.056267060601064706,1.045921659772626
Fusion-LSTM with derivatives,5,46,40,0.05454669544995378,1.0438665044757556
Fusion-LSTM with derivatives,5,46,41,0.054653478751011474,1.026397162794567
Fusion-LSTM with derivatives,5,46,42,0.05080549363354665,1.0699168298416917
Fusion-LSTM with derivatives,5,46,43,0.04714676883240371,1.1317570338912104
Fusion-LSTM with derivatives,5,46,44,0.052816521263518344,1.0990934113286577
Fusion-LSTM with derivatives,5,46,45,0.05122016025581733,1.1035282844892338
Fusion-LSTM with derivatives,5,46,46,0.052387954834780245,1.1202428685325496
Fusion-LSTM with derivatives,5,46,47,0.050084391354059975,1.1588812899508316
Fusion-LSTM with derivatives,5,46,48,0.045532152508106195,1.1674558550306835
Fusion-LSTM with derivatives,5,46,49,0.03866308947107179,1.1911547439801555
Fusion-LSTM with derivatives,5,46,50,0.04422525541775246,1.1594987904157028
Fusion-LSTM with derivatives,5,46,51,0.0609238566135091,1.1799479461698725
Fusion-LSTM with derivatives,5,46,52,0.051328222266189764,1.1323105719104503
Fusion-LSTM with derivatives,5,46,53,0.0490000257804315,1.1689827311120193
Fusion-LSTM with derivatives,5,46,54,0.0443838098812552,1.1064538714052246
Fusion-LSTM with derivatives,5,46,55,0.043169749935039047,1.1379268844797426
Fusion-LSTM with derivatives,5,46,56,0.041301687205873766,1.1963704848580015
Fusion-LSTM with derivatives,5,46,57,0.04612852625247898,1.1894123580392677
Fusion-LSTM with derivatives,5,46,58,0.044434134451150346,1.2001423200346388
Fusion-LSTM with derivatives,5,46,59,0.04459777142056874,1.2481789949117716
Fusion-LSTM with derivatives,5,46,60,0.04039956273105237,1.1972096045218423
Fusion-LSTM with derivatives,5,47,1,1.015295102955224,0.5940698027860694
Fusion-LSTM with derivatives,5,47,2,0.31801480353972905,0.6796512078938994
Fusion-LSTM with derivatives,5,47,3,0.2426418845736703,0.6722281888845831
Fusion-LSTM with derivatives,5,47,4,0.19795057093644813,0.6611238473116476
Fusion-LSTM with derivatives,5,47,5,0.18625765375227574,0.6979762822452081
Fusion-LSTM with derivatives,5,47,6,0.15430218477891883,0.7545139420957185
Fusion-LSTM with derivatives,5,47,7,0.16493664141128814,0.7748340442620484
Fusion-LSTM with derivatives,5,47,8,0.13925177934083682,0.8276916907580893
Fusion-LSTM with derivatives,5,47,9,0.12754564880447022,0.8396092456779141
Fusion-LSTM with derivatives,5,47,10,0.13331580295648102,0.8581129955108311
Fusion-LSTM with derivatives,5,47,11,0.12013093585483593,0.8264068020527218
Fusion-LSTM with derivatives,5,47,12,0.12317900342645632,0.8831582936600819
Fusion-LSTM with derivatives,5,47,13,0.13695216390208514,0.9126890421819637
Fusion-LSTM with derivatives,5,47,14,0.10624403239374883,0.9821812259638585
Fusion-LSTM with derivatives,5,47,15,0.10138229855776262,0.8720159624670036
Fusion-LSTM with derivatives,5,47,16,0.13145435550404003,0.8976753522140175
Fusion-LSTM with derivatives,5,47,17,0.09092129378453025,0.924378556025603
Fusion-LSTM with derivatives,5,47,18,0.08070171764647677,0.9284234679220108
Fusion-LSTM with derivatives,5,47,19,0.10036425021929596,0.8881211591654103
Fusion-LSTM with derivatives,5,47,20,0.08675848460679866,1.0152464754239068
Fusion-LSTM with derivatives,5,47,21,0.08128096328790652,0.8796504946812144
Fusion-LSTM with derivatives,5,47,22,0.07323104455597435,1.0834465825020392
Fusion-LSTM with derivatives,5,47,23,0.0766231164506054,0.9895407555613128
Fusion-LSTM with derivatives,5,47,24,0.08619190182484404,0.9770547446777236
Fusion-LSTM with derivatives,5,47,25,0.07198208922006172,1.0155351327525244
Fusion-LSTM with derivatives,5,47,26,0.06911858761252213,1.0863142972909678
Fusion-LSTM with derivatives,5,47,27,0.06812183397754826,0.9463597083116727
Fusion-LSTM with derivatives,5,47,28,0.06203586717120245,1.12498923052157
Fusion-LSTM with derivatives,5,47,29,0.05448745020563775,1.1202912340311635
Fusion-LSTM with derivatives,5,47,30,0.06533671278994407,1.4467599419115473
Fusion-LSTM with derivatives,5,47,31,0.07127035298218581,1.104684660425976
Fusion-LSTM with derivatives,5,47,32,0.06017980694706977,1.126783051393317
Fusion-LSTM with derivatives,5,47,33,0.04705774236009929,1.1436400376650773
Fusion-LSTM with derivatives,5,47,34,0.05625722605325829,1.1943610814288728
Fusion-LSTM with derivatives,5,47,35,0.04865579737231792,1.379469247593445
Fusion-LSTM with derivatives,5,47,36,0.05052022430065431,1.066220876399576
Fusion-LSTM with derivatives,5,47,37,0.042782710919981266,1.2765380404342894
Fusion-LSTM with derivatives,5,47,38,0.05266993775099004,1.1691621557752792
Fusion-LSTM with derivatives,5,47,39,0.040487725336194116,1.280004711130505
Fusion-LSTM with derivatives,5,47,40,0.06243526946880508,1.2641797122512348
Fusion-LSTM with derivatives,5,47,41,0.07791123638924717,1.1840223255616065
Fusion-LSTM with derivatives,5,47,42,0.0440129999762727,1.336308886841783
Fusion-LSTM with derivatives,5,47,43,0.03937102254525044,1.3121622762949336
Fusion-LSTM with derivatives,5,47,44,0.040385453398094365,1.2161941903895177
Fusion-LSTM with derivatives,5,47,45,0.04268721042336575,1.2567919900394835
Fusion-LSTM with derivatives,5,47,46,0.05262655687146231,1.4151374543870583
Fusion-LSTM with derivatives,5,47,47,0.04263172970622758,1.3171243003493398
Fusion-LSTM with derivatives,5,47,48,0.03926781218341065,1.3463676513662752
Fusion-LSTM with derivatives,5,47,49,0.03218489367780737,1.3371256171087236
Fusion-LSTM with derivatives,5,47,50,0.03820639532067802,1.2998606443280194
Fusion-LSTM with derivatives,5,47,51,0.04638572221019418,1.3525047469454616
Fusion-LSTM with derivatives,5,47,52,0.03346862366635394,1.5239615286827337
Fusion-LSTM with derivatives,5,47,53,0.03521335869206882,1.0765951889287875
Fusion-LSTM with derivatives,5,47,54,0.048004433415793656,1.2921524413820333
Fusion-LSTM with derivatives,5,47,55,0.06654803560245305,1.184662432925272
Fusion-LSTM with derivatives,5,47,56,0.03809854305332049,1.4188246302935343
Fusion-LSTM with derivatives,5,47,57,0.034368682087075185,1.4036567507065691
Fusion-LSTM with derivatives,5,47,58,0.035076438013727534,1.5694425535042706
Fusion-LSTM with derivatives,5,47,59,0.03530201202235954,1.3471761259135149
Fusion-LSTM with derivatives,5,47,60,0.03834275804638866,1.2650087480384473
Fusion-LSTM with derivatives,5,48,1,1.0675200995791936,0.5619494020314086
Fusion-LSTM with derivatives,5,48,2,0.3367989858113129,0.5499285836889559
Fusion-LSTM with derivatives,5,48,3,0.2587532528757028,0.5560949978963384
Fusion-LSTM with derivatives,5,48,4,0.23573299360118413,0.578127951242139
Fusion-LSTM with derivatives,5,48,5,0.20804614779360436,0.6059775609265333
Fusion-LSTM with derivatives,5,48,6,0.19441431974410792,0.7028276941561349
Fusion-LSTM with derivatives,5,48,7,0.20307466098662544,0.6523033053432621
Fusion-LSTM with derivatives,5,48,8,0.15749261445836638,0.746998981578545
Fusion-LSTM with derivatives,5,48,9,0.1598285508217835,0.7123633796189066
Fusion-LSTM with derivatives,5,48,10,0.1433580471806894,0.7638004867660675
Fusion-LSTM with derivatives,5,48,11,0.14138954505324364,0.8071867825787522
Fusion-LSTM with derivatives,5,48,12,0.11964213738110796,0.7236885201006316
Fusion-LSTM with derivatives,5,48,13,0.12328636561075255,0.8110339062393837
Fusion-LSTM with derivatives,5,48,14,0.10458289984627336,0.9213076061735114
Fusion-LSTM with derivatives,5,48,15,0.10266550425058196,0.8047654288557341
Fusion-LSTM with derivatives,5,48,16,0.09598479691477928,0.9080847773224553
Fusion-LSTM with derivatives,5,48,17,0.10119650840243175,0.9082675925153356
Fusion-LSTM with derivatives,5,48,18,0.09245202440262351,0.9135220792589698
Fusion-LSTM with derivatives,5,48,19,0.08638540851898409,1.0884233698155146
Fusion-LSTM with derivatives,5,48,20,0.08846353839072905,0.9674209623248072
Fusion-LSTM with derivatives,5,48,21,0.10345903447757371,0.9778676452876637
Fusion-LSTM with derivatives,5,48,22,0.07963531274198027,0.9894910652807424
Fusion-LSTM with derivatives,5,48,23,0.09648530873170207,0.9682769640749106
Fusion-LSTM with derivatives,5,48,24,0.09116485807845184,1.0500933253040354
Fusion-LSTM with derivatives,5,48,25,0.08459424802000695,0.997602233440621
Fusion-LSTM with derivatives,5,48,26,0.07448874122601098,1.0640547865341794
Fusion-LSTM with derivatives,5,48,27,0.06466558069501396,1.0423220638459083
Fusion-LSTM with derivatives,5,48,28,0.06589698688226274,1.0353433988379233
Fusion-LSTM with derivatives,5,48,29,0.07844843507734113,1.110026578139709
Fusion-LSTM with derivatives,5,48,30,0.0763624887645582,1.0502821403698102
Fusion-LSTM with derivatives,5,48,31,0.0642722929842688,1.0388473701552026
Fusion-LSTM with derivatives,5,48,32,0.05883192544021602,1.111853228097067
Fusion-LSTM with derivatives,5,48,33,0.062072764095440484,1.0811278128086645
Fusion-LSTM with derivatives,5,48,34,0.051007282923601543,1.0788788476673812
Fusion-LSTM with derivatives,5,48,35,0.052540812525893085,1.0878989074761887
Fusion-LSTM with derivatives,5,48,36,0.06523096081521476,1.0933930844505877
Fusion-LSTM with derivatives,5,48,37,0.05117295679580443,1.3021691338992845
Fusion-LSTM with derivatives,5,48,38,0.0538559395972653,1.154641149069653
Fusion-LSTM with derivatives,5,48,39,0.06284505331767962,0.9433016201063397
Fusion-LSTM with derivatives,5,48,40,0.06765029209607817,1.0983782237087156
Fusion-LSTM with derivatives,5,48,41,0.05526233819567552,1.0939040969807334
Fusion-LSTM with derivatives,5,48,42,0.05957205935564881,1.1099021248363223
Fusion-LSTM with derivatives,5,48,43,0.04616733427493488,1.130953771013384
Fusion-LSTM with derivatives,5,48,44,0.054637726485236765,1.1303180670346167
Fusion-LSTM with derivatives,5,48,45,0.05494262689979339,1.185387519498666
Fusion-LSTM with derivatives,5,48,46,0.051898629495371336,1.150420141119346
Fusion-LSTM with derivatives,5,48,47,0.11716089560821279,1.1668150160535857
Fusion-LSTM with derivatives,5,48,48,0.08312631118244684,1.2484732109709669
Fusion-LSTM with derivatives,5,48,49,0.054959207726827726,1.2802064067389294
Fusion-LSTM with derivatives,5,48,50,0.057610127251855166,1.1256383791140259
Fusion-LSTM with derivatives,5,48,51,0.04854595946715723,1.239087979186256
Fusion-LSTM with derivatives,5,48,52,0.05264770525257984,1.2202585373948518
Fusion-LSTM with derivatives,5,48,53,0.05480541611741345,1.2290451167623826
Fusion-LSTM with derivatives,5,48,54,0.05361297087301586,1.1265794827253313
Fusion-LSTM with derivatives,5,48,55,0.05573254074636879,1.32817796973289
Fusion-LSTM with derivatives,5,48,56,0.05246410919156728,1.1886994584738833
Fusion-LSTM with derivatives,5,48,57,0.055936962724042055,1.0383022744638115
Fusion-LSTM with derivatives,5,48,58,0.04611929878136519,1.179605618150479
Fusion-LSTM with derivatives,5,48,59,0.040681451061131225,1.1174809151530203
Fusion-LSTM with derivatives,5,48,60,0.04433183949480615,1.2005260907927726
Fusion-LSTM with derivatives,5,49,1,0.9498816637032764,0.771411856265438
Fusion-LSTM with derivatives,5,49,2,0.31803480253954997,0.6709994437559595
Fusion-LSTM with derivatives,5,49,3,0.26455553012787203,0.5428719851705763
Fusion-LSTM with derivatives,5,49,4,0.2284989285863015,0.6077885823929585
Fusion-LSTM with derivatives,5,49,5,0.19208044754831413,0.7437234432817256
Fusion-LSTM with derivatives,5,49,6,0.19359576190517466,0.6459763604265089
Fusion-LSTM with derivatives,5,49,7,0.18770810876969554,0.6995273136867667
Fusion-LSTM with derivatives,5,49,8,0.18046728887274915,0.7381093359593326
Fusion-LSTM with derivatives,5,49,9,0.16922734402384576,0.762241208328391
Fusion-LSTM with derivatives,5,49,10,0.16799097811869337,0.7436655179384619
Fusion-LSTM with derivatives,5,49,11,0.1534869719018551,0.7890807084067563
Fusion-LSTM with derivatives,5,49,12,0.14430370176783244,0.7983968653081598
Fusion-LSTM with derivatives,5,49,13,0.13143106519884112,0.8203029047768071
Fusion-LSTM with derivatives,5,49,14,0.14821550800867442,0.8036915044177253
Fusion-LSTM with derivatives,5,49,15,0.13217598025976582,0.8350322580812363
Fusion-LSTM with derivatives,5,49,16,0.10834931717522105,0.8905944525883133
Fusion-LSTM with derivatives,5,49,17,0.0998169411853813,0.8682360631302468
Fusion-LSTM with derivatives,5,49,18,0.10910228678028724,1.0131597375844759
Fusion-LSTM with derivatives,5,49,19,0.10224002798092455,0.89060492635523
Fusion-LSTM with derivatives,5,49,20,0.10602747558215986,0.8848905275640248
Fusion-LSTM with derivatives,5,49,21,0.07666273783741923,0.9465171088712521
Fusion-LSTM with derivatives,5,49,22,0.08573232190588015,0.9338063240301184
Fusion-LSTM with derivatives,5,49,23,0.07334667687062653,1.000420734348787
Fusion-LSTM with derivatives,5,49,24,0.08222071556978594,0.9802560050282588
Fusion-LSTM with derivatives,5,49,25,0.0713113988162619,1.001189371231217
Fusion-LSTM with derivatives,5,49,26,0.07447157652006739,0.9398270640795586
Fusion-LSTM with derivatives,5,49,27,0.06916589267247537,1.0058480879014644
Fusion-LSTM with derivatives,5,49,28,0.06436193078947841,1.0459779448479227
Fusion-LSTM with derivatives,5,49,29,0.06719867413922816,1.104598478498074
Fusion-LSTM with derivatives,5,49,30,0.07669119417412044,0.9164133295573028
Fusion-LSTM with derivatives,5,49,31,0.0718021052920874,1.0299797770362231
Fusion-LSTM with derivatives,5,49,32,0.09970942948747659,0.9740542128400983
Fusion-LSTM with derivatives,5,49,33,0.083076937515129,0.9827703239407929
Fusion-LSTM with derivatives,5,49,34,0.06690827237312184,1.0067910470177792
Fusion-LSTM with derivatives,5,49,35,0.059661015685798194,1.0396404679966174
Fusion-LSTM with derivatives,5,49,36,0.05959194312225503,1.0108408063212782
Fusion-LSTM with derivatives,5,49,37,0.057943963258774586,1.085435712893554
Fusion-LSTM with derivatives,5,49,38,0.04281108506563071,1.179107597679587
Fusion-LSTM with derivatives,5,49,39,0.09636301982286073,1.0604972379512507
Fusion-LSTM with derivatives,5,49,40,0.06449730709433667,1.113411873172914
Fusion-LSTM with derivatives,5,49,41,0.06126819801775595,1.056850110865989
Fusion-LSTM with derivatives,5,49,42,0.05239821258120722,1.065246040497436
Fusion-LSTM with derivatives,5,49,43,0.0468802075414728,1.114169155526711
Fusion-LSTM with derivatives,5,49,44,0.04224573865963484,1.1792642897779837
Fusion-LSTM with derivatives,5,49,45,0.04732049357788945,1.2020386483371883
Fusion-LSTM with derivatives,5,49,46,0.044771936783371005,1.214678830883038
Fusion-LSTM with derivatives,5,49,47,0.05756355860551837,1.1315898515705793
Fusion-LSTM with derivatives,5,49,48,0.04810852317579519,1.1917740459743287
Fusion-LSTM with derivatives,5,49,49,0.04986792082888059,1.1990153388563443
Fusion-LSTM with derivatives,5,49,50,0.04490817817942709,1.173876631450478
Fusion-LSTM with derivatives,5,49,51,0.04121715833536706,1.255123310728268
Fusion-LSTM with derivatives,5,49,52,0.04017714852662891,1.280295039722364
Fusion-LSTM with derivatives,5,49,53,0.047360297717949695,1.2040050568320717
Fusion-LSTM with derivatives,5,49,54,0.04335454714597366,1.1781559780521214
Fusion-LSTM with derivatives,5,49,55,0.03508345334757304,1.0616142223091245
Fusion-LSTM with derivatives,5,49,56,0.038099329594773836,1.2185682429145217
Fusion-LSTM with derivatives,5,49,57,0.04018819720473701,1.234420693426762
Fusion-LSTM with derivatives,5,49,58,0.03623022755090435,1.1949803908228624
Fusion-LSTM with derivatives,5,49,59,0.03637027230630703,1.2170313684156544
Fusion-LSTM with derivatives,5,49,60,0.03702190119115267,1.1518333091300987
Fusion-LSTM with derivatives,5,50,1,1.0259886362853219,0.6323771434260115
Fusion-LSTM with derivatives,5,50,2,0.33037362646908847,0.6916223985594023
Fusion-LSTM with derivatives,5,50,3,0.26183927042302624,0.6227106743138792
Fusion-LSTM with derivatives,5,50,4,0.22925472061629687,0.6431049168484766
Fusion-LSTM with derivatives,5,50,5,0.2187397885643575,0.5869849094304899
Fusion-LSTM with derivatives,5,50,6,0.22472448631519204,0.7081610992457132
Fusion-LSTM with derivatives,5,50,7,0.1849982153938917,0.6513979696127854
Fusion-LSTM with derivatives,5,50,8,0.1933107106243072,0.6785150876647521
Fusion-LSTM with derivatives,5,50,9,0.15215833180537278,0.7160304478004543
Fusion-LSTM with derivatives,5,50,10,0.16301663420784357,0.7677423058065979
Fusion-LSTM with derivatives,5,50,11,0.14763386339870266,0.894628293203108
Fusion-LSTM with derivatives,5,50,12,0.16017710913150518,0.7624144614742487
Fusion-LSTM with derivatives,5,50,13,0.1303005053124857,0.8402436123204181
Fusion-LSTM with derivatives,5,50,14,0.13852402809984535,0.8046178169220498
Fusion-LSTM with derivatives,5,50,15,0.11056704014868018,0.9252911881080963
Fusion-LSTM with derivatives,5,50,16,0.10299332625707988,1.0510452715230938
Fusion-LSTM with derivatives,5,50,17,0.12225494348538658,0.9692704460312236
Fusion-LSTM with derivatives,5,50,18,0.10152476549039126,0.9508232406537738
Fusion-LSTM with derivatives,5,50,19,0.1526644627131622,0.9156908856810264
Fusion-LSTM with derivatives,5,50,20,0.09993264711526938,0.9747303045458264
Fusion-LSTM with derivatives,5,50,21,0.09732805283664928,1.0174436939712341
Fusion-LSTM with derivatives,5,50,22,0.10827689279997071,1.0139884067781317
Fusion-LSTM with derivatives,5,50,23,0.08680147088544313,1.0340956364537686
Fusion-LSTM with derivatives,5,50,24,0.08531043511180428,1.0489161572491348
Fusion-LSTM with derivatives,5,50,25,0.08594687028207806,1.0512309214978848
Fusion-LSTM with derivatives,5,50,26,0.07810352804000185,1.0455416177303787
Fusion-LSTM with derivatives,5,50,27,0.0735694681478931,1.0851737867798694
Fusion-LSTM with derivatives,5,50,28,0.07721489454212632,1.0608470580175489
Fusion-LSTM with derivatives,5,50,29,0.0651976602115334,1.104097593068077
Fusion-LSTM with derivatives,5,50,30,0.07715313233557126,1.1297751988598637
Fusion-LSTM with derivatives,5,50,31,0.06912652754613553,1.0923786217686515
Fusion-LSTM with derivatives,5,50,32,0.06927549486382518,1.1140703968469452
Fusion-LSTM with derivatives,5,50,33,0.11236508434576825,1.11802493657456
Fusion-LSTM with derivatives,5,50,34,0.08755176669189585,1.1193729358524147
Fusion-LSTM with derivatives,5,50,35,0.0674408405513082,1.1215675974292076
Fusion-LSTM with derivatives,5,50,36,0.06224669464590254,1.1248776219800833
Fusion-LSTM with derivatives,5,50,37,0.07612019648713902,1.05734051314165
Fusion-LSTM with derivatives,5,50,38,0.0637771668097271,1.179030239332147
Fusion-LSTM with derivatives,5,50,39,0.06813621284617419,1.1936592288174719
Fusion-LSTM with derivatives,5,50,40,0.05236849010434125,1.2201840603251628
Fusion-LSTM with derivatives,5,50,41,0.054377988249866005,1.2833374945029024
Fusion-LSTM with derivatives,5,50,42,0.05733515904028529,1.2261445687876806
Fusion-LSTM with derivatives,5,50,43,0.052911116825382486,1.2140304713629078
Fusion-LSTM with derivatives,5,50,44,0.06157542044491219,1.1666059038861492
Fusion-LSTM with derivatives,5,50,45,0.0530819049757088,1.2171396533148344
Fusion-LSTM with derivatives,5,50,46,0.04831102147306267,1.280189656361594
Fusion-LSTM with derivatives,5,50,47,0.049752053265508855,1.3025039502222333
Fusion-LSTM with derivatives,5,50,48,0.07614729495780631,1.0559929566188428
Fusion-LSTM with derivatives,5,50,49,0.05522795453339341,1.1371992901123795
Fusion-LSTM with derivatives,5,50,50,0.04928336328826275,1.1813173329367828
Fusion-LSTM with derivatives,5,50,51,0.05144704291950387,1.1807271678242794
Fusion-LSTM with derivatives,5,50,52,0.04921044000523868,1.2154271488919448
Fusion-LSTM with derivatives,5,50,53,0.04601990321216218,1.1129970456819114
Fusion-LSTM with derivatives,5,50,54,0.04860215395919276,1.2500385022888143
Fusion-LSTM with derivatives,5,50,55,0.054541930788842966,1.3641640793793763
Fusion-LSTM with derivatives,5,50,56,0.07023875241770866,1.1942577388926372
Fusion-LSTM with derivatives,5,50,57,0.056965320542650785,1.1446186169138495
Fusion-LSTM with derivatives,5,50,58,0.06395325653090836,1.0700684397850397
Fusion-LSTM with derivatives,5,50,59,0.051010375742138236,1.232473354575769
Fusion-LSTM with derivatives,5,50,60,0.0539775762155269,1.2385616827311006
Fusion-LSTM with derivatives,5,51,1,1.0652242334995012,0.7236252375868631
Fusion-LSTM with derivatives,5,51,2,0.3772881095601996,0.5588952891481748
Fusion-LSTM with derivatives,5,51,3,0.25588144007682656,0.7376453182045019
Fusion-LSTM with derivatives,5,51,4,0.2104003946667348,0.6351835907630201
Fusion-LSTM with derivatives,5,51,5,0.21048317529087843,0.6722481281689878
Fusion-LSTM with derivatives,5,51,6,0.18349692573818757,0.6499928241005983
Fusion-LSTM with derivatives,5,51,7,0.1735017124410705,0.6819510693570103
Fusion-LSTM with derivatives,5,51,8,0.15375158070350656,0.7261728940207504
Fusion-LSTM with derivatives,5,51,9,0.16683566309466064,0.713883231739578
Fusion-LSTM with derivatives,5,51,10,0.16959479443086004,0.7598006201427687
Fusion-LSTM with derivatives,5,51,11,0.14566443860074882,0.8147056316429714
Fusion-LSTM with derivatives,5,51,12,0.13249637874132855,0.815067185983218
Fusion-LSTM with derivatives,5,51,13,0.14290002282512815,0.8746621246357884
Fusion-LSTM with derivatives,5,51,14,0.1297600255091304,0.8954757728791587
Fusion-LSTM with derivatives,5,51,15,0.1511110229328767,0.8344591501748787
Fusion-LSTM with derivatives,5,51,16,0.13085362707313739,0.8430895027499529
Fusion-LSTM with derivatives,5,51,17,0.13486003801864976,0.9320292197620844
Fusion-LSTM with derivatives,5,51,18,0.10275177861879622,1.0255657101139832
Fusion-LSTM with derivatives,5,51,19,0.09928474627347433,1.0211884669600293
Fusion-LSTM with derivatives,5,51,20,0.09563026096639901,1.160981748682648
Fusion-LSTM with derivatives,5,51,21,0.1007092160650391,0.9160407679448338
Fusion-LSTM with derivatives,5,51,22,0.08393421648309601,1.0276627308167752
Fusion-LSTM with derivatives,5,51,23,0.1011755015060415,0.9486734492848754
Fusion-LSTM with derivatives,5,51,24,0.08173796346791845,0.9903420386074474
Fusion-LSTM with derivatives,5,51,25,0.07939161743337204,1.0159687416733436
Fusion-LSTM with derivatives,5,51,26,0.07812286036503997,1.0294649736248973
Fusion-LSTM with derivatives,5,51,27,0.0785326909774292,1.118534166170616
Fusion-LSTM with derivatives,5,51,28,0.07575185477962738,1.179003551157203
Fusion-LSTM with derivatives,5,51,29,0.07834935025853473,1.1271004084208727
Fusion-LSTM with derivatives,5,51,30,0.09134152396171692,1.2010911056455575
Fusion-LSTM with derivatives,5,51,31,0.07103680541814103,1.1292971254207302
Fusion-LSTM with derivatives,5,51,32,0.0721702267651787,1.0769851015923657
Fusion-LSTM with derivatives,5,51,33,0.0723700423131046,1.1172826667189348
Fusion-LSTM with derivatives,5,51,34,0.06600596642661999,1.1604345400878218
Fusion-LSTM with derivatives,5,51,35,0.06449311442993527,1.1682002537530423
Fusion-LSTM with derivatives,5,51,36,0.058587094754062714,1.1511416160960368
Fusion-LSTM with derivatives,5,51,37,0.061869717692537976,1.2145223622864398
Fusion-LSTM with derivatives,5,51,38,0.05688542633396066,1.2332506280400217
Fusion-LSTM with derivatives,5,51,39,0.051966093678649794,1.2154491200137187
Fusion-LSTM with derivatives,5,51,40,0.06038495691784121,1.1357671307317865
Fusion-LSTM with derivatives,5,51,41,0.04313515456942807,1.1737462485548835
Fusion-LSTM with derivatives,5,51,42,0.06656790634410882,1.2001282313459825
Fusion-LSTM with derivatives,5,51,43,0.07641545340254666,1.1335123132922114
Fusion-LSTM with derivatives,5,51,44,0.06595497377028157,1.1643928618988402
Fusion-LSTM with derivatives,5,51,45,0.05221810296743269,1.0995783280714002
Fusion-LSTM with derivatives,5,51,46,0.049615599368796504,1.1216730066112377
Fusion-LSTM with derivatives,5,51,47,0.046892913734378476,1.0992655225832257
Fusion-LSTM with derivatives,5,51,48,0.04775294879932444,1.0928849841485608
Fusion-LSTM with derivatives,5,51,49,0.05174761201452231,1.1450923895248577
Fusion-LSTM with derivatives,5,51,50,0.04486100019310285,1.0842713987146284
Fusion-LSTM with derivatives,5,51,51,0.042469790298833694,1.1402909348189705
Fusion-LSTM with derivatives,5,51,52,0.04289367932922035,1.1171995652312379
Fusion-LSTM with derivatives,5,51,53,0.041651369721971844,1.16344567581199
Fusion-LSTM with derivatives,5,51,54,0.04057553527494003,1.1888351023111265
Fusion-LSTM with derivatives,5,51,55,0.046504616391005206,1.2073850524367713
Fusion-LSTM with derivatives,5,51,56,0.0353643261065058,1.2838644108440205
Fusion-LSTM with derivatives,5,51,57,0.033569151168430365,1.2445243986975596
Fusion-LSTM with derivatives,5,51,58,0.04793413766292739,1.3295842662602038
Fusion-LSTM with derivatives,5,51,59,0.03971175185336037,1.237670704081998
Fusion-LSTM with derivatives,5,51,60,0.03856537663369272,1.2119657805880661
